id,text,ai_opinion,Alex,Panagiotis,Athina,Antonia,Final Opinion,Topic
UgzWVRZ_47oUAr11vk54AaABAg,The most deserved win at the whole tournament. Absolute domination,positive,positive,positive,positive,,positive,Mundial
Ugzyu5tQ4xFCLNnQk_Z4AaABAg,Spain had more goals disallowed than Argentina even attempted ,neutral,positive,negative,negative,,negative,Mundial
Ugw14A8gvyoh7uu-MLB4AaABAg,That goalkeeper contributed more than the whole team.,neutral,positive,negative,positive,,positive,Mundial
Ugyj66MjgsSwGj2H9PB4AaABAg,"Fun fact: Argentina had no shots on goal for the entire 120 minutes, implying that Spain could have won even without the goalkeeper",positive,negative,negative,negative,,negative,Mundial
UgyQEErcOLPdwEGxXrx4AaABAg,"Argentina did not deserve to play in the World Cup final because they relied on excessive physicality, dirty play, and gamesmanship rather than fair competition.",negative,negative,negative,negative,,negative,Mundial
UgyOrqXa36oB98MHBCp4AaABAg,Spain overwhelmed Argentina in both performance and manners.,positive,positive,neutral,negative,,positive,Mundial
UgweWBuU-mK920tSADR4AaABAg,"Not a single attack of Argentina in highlights!

This shows the absolute dominance of Spain. Well deserved 🎉",positive,positive,negative,positive,,positive,Mundial
Ugxy8J51BiBiYZ581rp4AaABAg,"As Turks, we were rooting for Spain and praying for their success. We are ecstatic that Spain won this match. Congratulations, Spain! You truly earned it",positive,positive,positive,positive,,positive,Mundial
UgxE4HZnM-0LvqYKjLh4AaABAg,The game was basically Spain vs Martinez ft. Argentina,neutral,positive,negative,neutral,,neutral,Mundial
Ugzop-1EPlPCFEMS6vR4AaABAg,Argentina played a really dirty game. Congratulations to Spain on winning the title!,positive,positive,neutral,positive,,positive,Mundial
Ugw0hjaQLFz8nZON-NN4AaABAg,Argentina had a messi. Spain had a team.,neutral,positive,neutral,positive,,neutral,Mundial
UgwRVgOt3Zrbfhdolyx4AaABAg,Argentina has to be one of the most hated teams in football history 😂,negative,negative,negative,negative,,negative,Mundial
UgzRkj78yI_5bez_9HR4AaABAg,Argentina becomes the first team to have more fights than shots on target 🏆,negative,negative,negative,negative,,negative,Mundial
UgzAWc8P_XbJ9flDHZ94AaABAg,"As a football fan, never rooted for Spain this hard in my life. Thank you for saving football.",positive,positive,positive,positive,,positive,Mundial
UgyNDBbsnjQNOntqDvl4AaABAg,This result is a justice for Egypt. Congratulations Spain 🎉,positive,positive,positive,positive,,positive,Mundial
UgyasPaWbOOUvsuwexN4AaABAg,It would be unfair for Argentina to win with such a rough and unforgiving game. Spain trained and won. Spain played football. Congratulations from Uzbekistan,positive,positive,negative,positive,,positive,Mundial
Ugy-Zp8Y2AzqCTn_Z_J4AaABAg,Argentina would have lost 4-0 if it weren’t for Martinez,negative,negative,neutral,positive,,negative,Mundial
Ugzj_3cfO9wISF2ec2F4AaABAg,"*I’ve never been so satisfied in a long time, thank you Spain for saving footbal.*",positive,positive,positive,positive,,positive,Mundial
UgyE2QkwnaOC79qrzAl4AaABAg,Love from Pakistan.. Congratulations Spain,positive,positive,positive,positive,,positive,Mundial
UgzGsDAQBlvQaMrTRUt4AaABAg,Argentina had more red cards than attempts at goal in the whole 90 minutes of duration.,neutral,negative,negative,negative,,negative,Mundial
UgwMUS0VIyPbDS1V2i54AaABAg,"As Tony Kroos said: ""Football won.""",positive,positive,positive,positive,,positive,Mundial
Ugx_-cjfLAZ7gzARLw14AaABAg,"*_""Football Won""_*

*- Toni Kroos* 🇩🇪🤝🇪🇸",positive,positive,positive,positive,,positive,Mundial
Ugx2q5zLy0xyc-8qWyp4AaABAg,"Fun fact, Spain only conceded a single goal throughout this entire tournament. Well deserved win",positive,positive,negative,positive,,positive,Mundial
UgzzREbDVeEJO9xEshl4AaABAg,Was Argentina aware that they could shoot to score instead of shooting to foul? Football won today!,positive,negative,negative,negative,,negative,Mundial
UgwgRZmdltp5zOj4qVt4AaABAg,Thank you Spain for saving the art of football,positive,positive,positive,positive,,positive,Mundial
UgyTrWHlWPzRsSIsT9J4AaABAg,""" Iced Tea and a game of Football ""  😮 they Changed the lyrics . Ohhh so iconic",neutral,neutral,neutral,positive,,neutral,Mundial
Ugw0t4SnK_uqQ7WDtNB4AaABAg,"fun fact:
bts had their concert in paris the day before. as soon as the concert was over, they caught an eight hour flight. when they landed, they began rehearsing for the performance. they gave the world such an amazing experience even after getting no rest. this is bts.",positive,neutral,,positive,,positive,Mundial
Ugyzir4efqcA-sYcNwJ4AaABAg,"No matter how massive they become or how big the stadium is, they still perform with the exact same hunger and dedication as day one. That's why I'll always be proud to be an ARMY. I hope they continue to fly even higher because all their hard work and dedication deserve nothing less❤",positive,neutral,positive,positive,,positive,Mundial
UgyCYFnsYhU0SBNrvRx4AaABAg,"yoongi said ""paris to new york"" 11years ago. Again Yoongi gets what he wants.",neutral,neutral,neutral,positive,,neutral,Mundial
Ugznlx2qbMqGFSzAHER4AaABAg,The guys pulled that performance off in less than 24 hrs from their show in Paris last night. So proud of them.,positive,neutral,negative,positive,,positive,Mundial
Ugys1LfkqUid4LcwS0N4AaABAg,They gave them 1 m8n 45 sec and they said let's make history❤,positive,neutral,positive,positive,,positive,Mundial
UgxM1AtXIzGrwjPihgd4AaABAg,One of only a few performances at the World Cup that was done live without lip syncing. Respect❤,positive,neutral,positive,positive,,positive,Mundial
UgwJ6Z3rZ1dS1f_yCDJ4AaABAg,"""King kong, kick the ball"" & ""Iced tea and a game of football"" They're SO iconic for this... so so happy & proud right now💜",positive,neutral,,positive,,positive,Mundial
UgxZCM5yrR2Zea-Wzq94AaABAg,The fact that they changed their lyrics to fit the setting of the World Cup is one of the many reasons why they’re the goats,positive,neutral,positive,positive,,positive,Mundial
UgzhE3qNASofayccqJd4AaABAg,imagine being chosen to perform at the first-ever halftime show of the biggest sporting event in the world and then returning to the exact same stadium next month for your sold-out concerts… yeah that’s the biggest band in the world BTS!,positive,neutral,neutral,positive,,neutral,Mundial
Ugw9bzJHWT7-vkmRwdd4AaABAg,I’m obsessed with this performance wanted more!,negative,positive,positive,positive,,positive,Mundial
Ugzcftf_3Dv8qEBfYJV4AaABAg,The only group artist i'll never get tired of watching❤,positive,neutral,positive,positive,,positive,Mundial
Ugy-a8rYgwsQIr6gttN4AaABAg,BTS gained a lot of fans again after these performances but why they only get 1:51 mins,positive,neutral,neutral,positive,,neutral,Mundial
Ugwm320dpjnEzQnZr5x4AaABAg,The only performance I loved from the show. BTS once again showed the word their artistic work,positive,neutral,positive,positive,,positive,Mundial
UgyWE-2_emSdteOOnNF4AaABAg,"BTS brought a new atmosphere to the stadium, thanks to FIFA for inviting them.
Edit: Thanks for the likes",positive,neutral,neutral,positive,,positive,Mundial
UgyNUD3-wLmq5i8ysrt4AaABAg,"Less than 24 hours they were performing in Paris with the highest audience 92,000 thousand.Thank you BTS for your hardwork.We love so much",positive,neutral,neutral,positive,,positive,Mundial
UgzJ6hkSdzNhJ5xfpdt4AaABAg,the fact they did this MID tour probably jet lagged and still managed to pull off a great performance is just what BANGTAN does 💜,positive,neutral,positive,positive,,positive,Mundial
UgzyI3EhF49DfHEziVN4AaABAg,Jungkook’s intro is iconic. 🔥,negative,neutral,positive,positive,,positive,Mundial
UgypQ8FfkT_-xEuAh3R4AaABAg,The transition from the Viking row celebration to Jungkook 💯,neutral,positive,positive,positive,,positive,Mundial
UgyrE9YThjSIPUFbmHV4AaABAg,FIFA choosed the right band...😭💜✨,positive,positive,neutral,positive,,positive,Mundial
UgzuTYD-b81aICXV-Mx4AaABAg,1 min 51 was enough for them to own the whole stadium 🏟️🙌🏻💜,positive,neutral,positive,positive,,positive,Mundial
UgyCk5EVKzmcd0d3-GV4AaABAg,"This demonstrates that they don't need much to stand out—not even two minutes. They showed up, performed, and completely crushed it. Everyone else was left staring in awe. There's a reason BTS is known as the kings; it's not just empty talk",negative,neutral,positive,positive,,positive,Mundial
Ugx4r8E8owqp7SUFKFh4AaABAg,"Who's gonna tell the boys with eyeliner will perform at the fifa world cup oneday, we are so proud of you!",positive,neutral,neutral,positive,,positive,Mundial
Ugzwb_UFNR7OlYebN0J4AaABAg,No one owns the stage like BTS. Absolute legends!!,positive,neutral,positive,positive,,positive,Mundial
Ugx5i1vG7R0IlOsoPQl4AaABAg,The only bad thing about this is that it wasn't long enough 😂,negative,neutral,neutral,positive,,neutral,Mundial
UgxoqbCFAGGHG87Bb154AaABAg,Why does all Argentina matches feels like a world cup final bro 😭❤‍🔥,negative,positive,positive,positive,,positive,Mundial
Ugw9ljfcoK1fwWAhwOx4AaABAg,We thought Messi reached his peak last World Cup until he carried Argentina to possible back-2-back title at the age of 39 years old. Insane longevity!,negative,positive,positive,positive,,positive,Mundial
Ugyy7owg2SRFM1mHU1x4AaABAg,"I'm Vietnamese, and I think the people of Argentina are so lucky to have such a united team, and especially to have Messi on the field 👏👏👏",positive,positive,positive,positive,,positive,Mundial
Ugxl4iZaNcLykwLkxjd4AaABAg,This tournament has shown the clear difference between Messi and the rest. THE GOAT,positive,positive,positive,positive,,positive,Mundial
Ugy0MDcGLmdOWgXFYeZ4AaABAg,This legit felt like an anime episode. They really won with the power of friendship. 😭,positive,positive,positive,positive,,positive,Mundial
UgwIFLTYnclCzRlnSvx4AaABAg,"if no goal do assist 
If no assist score goal 
Best playmaker , Brilliant Messi .",positive,positive,positive,positive,,positive,Mundial
Ugxw9ptXoIZTR7iqMsd4AaABAg,Messi went from competing with Ronaldo for a decade to prime Mbappe for golden boot and Yamal in the final at the age of 39 years old. Insane longevity! 🐐,negative,positive,neutral,positive,,positive,Mundial
UgwXVDlb5ACnBx6TQGB4AaABAg,"This old Messi reminds me of the old Zidane who carried France into the final WC2006. Hope Messi will get better result and touch the golden cup one more time, then the debate who’s GOAT would come to an end.",positive,positive,neutral,positive,,positive,Mundial
UgzqT8-vPYOdL-R8i7d4AaABAg,39 years old still the best player in the world！UNBELIEVABLE！,positive,positive,positive,positive,,positive,Mundial
UgxiIEJF7g764qHthXl4AaABAg,"Whatever Argentina takes in the second hydration break in every match, I need it.",neutral,positive,neutral,positive,,neutral,Mundial
UgzCAzpGdaYCYjQ3GkZ4AaABAg,"I really thought Argentina had lost against England in 80 minutes, Suddenly they pulled off the comeback, What a great match.",positive,positive,neutral,positive,,positive,Mundial
UgxRZzTRh43d8ofo1GB4AaABAg,"This is one of the best comebacks I've ever seen at the Worlds Cup.
Congrats to Argentina and Spain for making it to the final.",positive,positive,positive,positive,,positive,Mundial
UgyaIrtgz1cvcocmz-x4AaABAg,Messi deserves best young players award 🗿🐐,positive,positive,positive,positive,,positive,Mundial
UgxxLmxKzzLcdDXMHa54AaABAg,"ARGENTINA THE BEST, NEVER GIVES UP!",positive,positive,positive,positive,,positive,Mundial
UgxJNs4ALjZ3ufUjZyd4AaABAg,Bro changed his role as striker to midfielder 2 greatest accurate assist what a player! no ego salute 🫡❤,positive,positive,neutral,positive,,positive,Mundial
UgwXokCrFITYSy3AAPV4AaABAg,"In this match, Argentina perfectly demonstrated the spirit of teamwork and never giving up.",positive,positive,positive,positive,,positive,Mundial
Ugyd3w6CkHEya6_lHHN4AaABAg,Thank you Messi. Seeing you play so well in all of your matches and reaching the Final was wonderful to see. I am grateful that I got to see you and Ronaldo score goals again. I feel like my childhood has come to an end. I will surely watch the next World Cup with passion but I will be a married man. Thanks for all the wonderful memories.,positive,positive,positive,positive,,positive,Mundial
UgzVtwIEMrvQsztJflp4AaABAg,"The commentator is clearly an England fan. 

You can tell he’s hurt.",positive,negative,neutral,negative,,negative,Mundial
UgzuqfNrf28GxI96mm14AaABAg,"They never give up and they are always comeback. You can hate them, but u must admit they fighting spirit, vamos Argentina!",negative,positive,neutral,positive,,positive,Mundial
Ugz25BrJ5dnBMAnZ62N4AaABAg,Messi is the only player in history to move like his prime days at the age of 39 he is insane,negative,positive,positive,positive,,positive,Mundial
UgzUJYa1yW4lK409joB4AaABAg,"Lionel Andrés Messi Cuccittini, what a blessing you are for football!",positive,positive,positive,positive,,positive,Mundial
UgwIAbKV78-ND3MLStx4AaABAg,1:41 commentetor surely england fan,positive,negative,negative,neutral,,negative,Mundial
UgyOvPHdyoIXq2hiCW14AaABAg,How anyone can compare Ronald to Messi just amazes me 😂 this man is a legend,positive,positive,negative,positive,,positive,Mundial
UgyRf1IAJwVDMUdH_yB4AaABAg,Messi 8 goals + 4 assist in 39 years = An incredible achievement all of times.,neutral,positive,positive,positive,,positive,Mundial
Ugy7MeyMOMnJrbX1Rkp4AaABAg,"Never seen a team so confident as to consistently comeback at 80+ minutes at this level.... Whatever happens, this Argentine team will not lose the final. Not after passing through so many struggles & tests.

 This Argentine team is not behaving like a "" team"" but rather like a "" cult"" following Messi. Spain knows that even if they lead by two goals, it's not over till final whistle. It's scary...",negative,positive,neutral,neutral,,neutral,Mundial
UgwsV_lmwMGpl2S74tt4AaABAg,"Spain don't depends on one player, they're playing as a team. 
Congratulations Spain.",positive,positive,positive,positive,,positive,Mundial
UgzWsN9FD9JGXZfRkO54AaABAg,"Spain is the literal definition of ""teamwork makes the dream work""",positive,positive,positive,positive,,positive,Mundial
Ugw4yql8lUBJDfrPeU54AaABAg,Never thought any team could dominate the France team like this. ..,positive,positive,neutral,neutral,,neutral,Mundial
Ugyh3i0PuEBYpBltXeV4AaABAg,"After this match, Cabo Verde's(vozinha) reputation rose even further📈",neutral,positive,positive,positive,,positive,Mundial
UgwU0v44vdg059paZC54AaABAg,I admit I didn't expect that. France was unstoppable until then.,neutral,positive,positive,neutral,,neutral,Mundial
Ugx6ahtULlSG88VqInJ4AaABAg,"Spain didn’t just win , they exposed France. Calm, sharp, and fully deserved.",positive,positive,neutral,positive,,positive,Mundial
UgxDBPOf2j8LtVqFO514AaABAg,Who's here after they won the world cup by defeating Argentina!? Crazy play by Spain! 🎉🎉💯💯,positive,positive,neutral,positive,,positive,Mundial
Ugy7__Dq79B2snRBy-x4AaABAg,they did'nt just won they dominated the entire game 🏆✨🇪🇸,positive,positive,negative,positive,,positive,Mundial
Ugy_TUTrApeRiT3Y0Kh4AaABAg,What a game by spain totally dominate ❤🇪🇸,negative,positive,positive,positive,,positive,Mundial
UgxTd89XFyhvrnCRFEp4AaABAg,"As soon as France faced a real midfield and defence line, they showed their true weakness.",positive,positive,neutral,negative,,positive,Mundial
Ugz7KWc1-sLhrdETd4Z4AaABAg,".	Spain showed that champions aren’t built around one player, they’re built on teamwork. Congratulations, Spain🎉",positive,positive,neutral,positive,,positive,Mundial
UgxAvDrRNZJVLUANeX54AaABAg,"As a French supporter, France was completely absent throughout the entire match... Spain deserves victory",positive,negative,neutral,negative,,negative,Mundial
UgwDCZB7RMCS9Db58dh4AaABAg,France was properly humbled in this match.,neutral,negative,negative,negative,,negative,Mundial
UgxNufZttloaUWDCjRZ4AaABAg,Their passing and attacking capability make them unstoppable..,negative,positive,positive,negative,,positive,Mundial
Ugx_fdfV1iW7w6h5M214AaABAg,Oyarzarbal’s penalty was absolutely world class. None of the stuttering theatrics,negative,positive,neutral,positive,,positive,Mundial
Ugx6cHPgFxhged-izld4AaABAg,"As someone who favors France for this match, felt like this is the most fair referee in recent matches",positive,positive,neutral,positive,,positive,Mundial
Ugx-kMg4OsXLM7olUuh4AaABAg,"Spain's midfield was the key in this game, hoarded possession and never made mistakes while progressing the ball well. France's attack is insanely talented but their midfield was their weakness.",negative,positive,positive,positive,,positive,Mundial
UgzOOfFwmuxMSSFWl7d4AaABAg,spain made really proud by knocking the most dangerous team this world cup,neutral,positive,neutral,positive,,positive,Mundial
UgzmX0TRtzGJ0gJWdm94AaABAg,Who's after spain won the world 🗿,positive,positive,neutral,positive,,positive,Mundial
UgxpZn7v218oFOMX7PR4AaABAg,"Spain plays collectively, their playing style is impressive.",positive,positive,positive,positive,,positive,Mundial
Ugwh9EclzurrHX3rMad4AaABAg,A TEAM playing like an absolute unit always win against a team dependent upon one or two KEY players.,positive,positive,,positive,,positive,Mundial
Ugw4eOaYX0c1oIkQ7v14AaABAg,Back to 2010 when Spain qualified to the final for the first time in South Africa,neutral,positive,neutral,neutral,,neutral,Mundial
UgwfreCYxBswLY7s7V54AaABAg,Their defense was exceptional and highly impressive. They didn’t let France score a single goal. What a teamwork!,positive,positive,positive,positive,,positive,Mundial
Ugz5tiTVgQWtIHgLbhJ4AaABAg,"Guys I swear I didn't expect France would get crushed by Spain. They literally taught them how to play football. Throughout the game, tiki taka 😂❤",positive,positive,neutral,positive,,positive,Mundial
UgwyZLeF7prgb2Fb8_R4AaABAg,Highlights don't show how fabulous the midfield duo of Rodri and Fabian were this game,negative,positive,neutral,positive,,positive,Mundial
UgzSn7ixZnWrY7li-TR4AaABAg,Norway's goalkeeper was just goated,neutral,positive,positive,positive,,positive,Mundial
UgwhYffbThr1AP3H5wV4AaABAg,The goal keeper was equally responsible for Norways win ❤,positive,positive,positive,positive,,positive,Mundial
Ugy4-1Y0eYdm8sLollJ4AaABAg,Haaland second goal was something else,neutral,positive,positive,positive,,positive,Mundial
UgyKDTyha0owAYqAJ6N4AaABAg,The Vikings came to conquer. Please win the cup.,positive,positive,positive,positive,,positive,Mundial
Ugx1zjhV2Sx-R62SYWh4AaABAg,Haaland is playing like the World Cup is a normal tournament.,positive,positive,positive,positive,,positive,Mundial
UgyFgZzl5jfbdwL9TXl4AaABAg,The aura turnaround from Haaland after the second goal lol. It looks like such a casual goal for him lol,positive,positive,positive,positive,,positive,Mundial
UgxtAuMth2M5TeAQPIV4AaABAg,"people all talking about Haaland, for me the MVP for this match is the Goal Keeper",neutral,positive,positive,positive,,positive,Mundial
Ugz0XMGxQxkloRPRq414AaABAg,Hats off to Norway keeper for excellent saves.,positive,positive,positive,positive,,positive,Mundial
UgyMwbWrdC49CPzwdB94AaABAg,Haaland actually crowned the goalie's efforts. Norway is just an amazing team and I'm truly rooting for them.,positive,positive,positive,positive,,positive,Mundial
UgxSq4dvkjFI_BGFoUN4AaABAg,That 2nd goal from Halland have hurt brazil more than anything.,negative,positive,positive,positive,,positive,Mundial
UgxzawttY36xNx4A4XB4AaABAg,That first penalty miss by Brazil proved very costly.,negative,negative,negative,negative,,negative,Mundial
Ugx0gEw5Hlm1iF58nbR4AaABAg,Norway's goalkeeper is f'n amazing,positive,positive,positive,positive,,positive,Mundial
Ugz9aOt_xBPw9rBnG2N4AaABAg,Haaland is a freaking tank and their goalkeeper is another. The viking comeback!,negative,positive,positive,positive,,positive,Mundial
UgzgxjDYAeRJ4RIGY0h4AaABAg,"As a Swede, now that we are out i have to root for my scandinavian neighbour. Lets go 🇳🇴🇸🇪",neutral,positive,positive,positive,,positive,Mundial
Ugy9trZ9Tl6wYHuXxmJ4AaABAg,Coldest celebration from Haaland after 2nd goal. Rare moment in knockout stage in wc history,neutral,positive,positive,positive,,positive,Mundial
Ugzb7labWvgHGzAGTmx4AaABAg,One of the best player on the game was the goalkeeper. He made some incredible saves and stopped normally what looked like a goals.,positive,positive,positive,positive,,positive,Mundial
UgyxWqHwOHaUwkKLwF94AaABAg,"Erling Haaland!
Norway goalkeeper had a great game.",positive,positive,positive,positive,,positive,Mundial
Ugwm_SSK97HhUIdv33F4AaABAg,Haaland Scored and Gabriel at the crime scene once again  no matter Club or Country 😂😂,positive,positive,positive,neutral,,positive,Mundial
UgwCbxz1zoN6AglxGZ94AaABAg,"Funny, i can read on Danish news that some Danes are jealous and hope Norway will lose.
I for one, as a Dane, hope my Norwegian brothers will go all the way :)",positive,positive,neutral,positive,,positive,Mundial
UgwwlAmBslgC9a4jp1B4AaABAg,Amazing goal keeping and I think one of the best goals ever - unbelievable level of precision. Well done Norway!!,positive,positive,positive,positive,,positive,Mundial
UgyvM1-XD7MeRAflRJd4AaABAg,"Norway vs England is gonna be amazing, Norway are no joke",positive,positive,neutral,positive,,positive,Mundial
UgwXJDhd2QJRywKKAmF4AaABAg,"11v12, not even scandalous VAR and ref decisions could ruin Norway's win (despite them trying their best).",positive,negative,negative,positive,,negative,Mundial
UgwfmIlAyIk0g3MIj3t4AaABAg,"Congrats from Germany Norway, keep rowing on.",positive,positive,positive,positive,,positive,Mundial
Ugxuh7VC_rqgOWsVOKF4AaABAg,I knew it! 75% thought Brazil would win. I believed in Norway!,positive,positive,positive,positive,,positive,Mundial
Ugy3dE5QS_xA7nSdaZJ4AaABAg,The ref tried his hardest to make brazil equalize but even 11vs12 wasnt enough,neutral,negative,negative,neutral,,negative,Mundial
UgyhPgodimEolAcS7zd4AaABAg,Our favourite song for The FIFA World Cup 2026 ✨,positive,positive,positive,positive,,positive,Mundial
Ugw66-5JGfQdcHJF_OB4AaABAg,Who is here after Spain🇪🇸 win,positive,positive,positive,positive,,positive,Mundial
UgwpZDbCYrrHgic2Gyt4AaABAg,1:36 for a second i thought i was listening to a telenovela theme song,neutral,neutral,neutral,neutral,,neutral,Mundial
Ugw-JWSb8rlwOD6VZKl4AaABAg,Robbie Williams my one love❤❤❤,positive,neutral,,positive,,positive,Mundial
UgxqIAjfq699a1Ry6214AaABAg,I adore Robbie Williams !!! Such a legend,positive,neutral,,positive,,positive,Mundial
UgyV0T1EaxpDe-DMfch4AaABAg,"Speed,BTS , Robbi Williams, Nicole scherzinger,and Laura pausini gave the best performances tonight",positive,neutral,,positive,,positive,Mundial
UgxgF1OmlngXN3rq3xB4AaABAg,"man laura´s voice is stuning, marvelous.",positive,neutral,,positive,,positive,Mundial
Ugx1yIMZZYEDOMUBCnZ4AaABAg,"“We will miss this 2026 World Cup. It gave us a roller coaster of happiness, joy, excitement, and sadness. It made the whole world feel like a small place.
For many, it was their first World Cup, and for many others, it will be their last. We will miss you, Cristiano Ronaldo, Neymar, Lionel Messi, Mohamed Salah, Luka Modrić, and Kevin De Bruyne.
Thank you for making our childhood so special. ❤⚽🐐”",positive,positive,,positive,,positive,Mundial
UgyLj4JQfipWNenNINN4AaABAg,Laura pausini❤❤❤ the best ❤❤,positive,neutral,,positive,,positive,Mundial
Ugz87TccFooblrxJKoZ4AaABAg,This song was emotional for me seeing the flags of the nations in the back waving while most were eliminated and the world cup coming to an end. Great song!,positive,neutral,positive,positive,,positive,Mundial
UgzI9RvsT5z31KFaXsN4AaABAg,Happy birthday Spain🇪🇦🇪🇦🇪🇦🇪🇦🇪🇦🇪🇦🇪🇦🇪🇦🇪🇦🎉🎉🎉🎉🎉🎉🎉🎉🎉,positive,neutral,neutral,positive,,neutral,Mundial
Ugwb0pgNRNTImyJ5ky14AaABAg,They did an amazing job. Robbie is charismatic as always and Nicole always hits those notes. Impressive!,positive,neutral,positive,positive,,positive,Mundial
UgwYrSlBYgETKMfsbZR4AaABAg,Laura is incredible ❤❤❤ Robbie and Nicole as well 🎉🎉,positive,neutral,positive,positive,,positive,Mundial
UgxS6Icd2S0KyL2GI1B4AaABAg,I LOVE NICOLE IS BEAUTITULL,positive,neutral,positive,positive,,positive,Mundial
UgyVZPfroLE6Ste0kZl4AaABAg,Who's here after 1 - 0 Spain win,positive,positive,neutral,positive,,positive,Mundial
UgwB3S9nN7ivuVh_o6N4AaABAg,"The sight of all the flags waving together in perfect unison filled me with a profound sense of awe, reverence, and unity. It felt as if the whole world had become one, and it made my heart swell with emotion.",positive,positive,neutral,positive,,positive,Mundial
Ugxj7h2BGEJVw2n2DzV4AaABAg,This deserves so much more views! It is so beautiful,positive,positive,positive,positive,,positive,Mundial
UgyN3n8YXCIzfeh4qJx4AaABAg,Fantastic Laura Pausini! Italy was there with you,positive,neutral,neutral,positive,,positive,Mundial
Ugx-N1H5Bm7X7Osfq2Z4AaABAg,"A World Cup final that, despite not relying heavily on technology, delivered results, emotion, and elegance! Cool, lively, and moving performances. Congratulations!",positive,positive,positive,positive,,positive,Mundial
UgxgRlglLotzf0_qXAB4AaABAg,The whole image this performance delivers is just pure art. beautiful,positive,positive,positive,positive,,positive,Mundial
UgyhvBdGb2LnKmvFsYl4AaABAg,Laura Pausini went so far than the Italian team in a word cup for two decades.,neutral,neutral,neutral,positive,,neutral,Mundial
UgyPIdO8VgVdjiNX8xJ4AaABAg,Who is here after Spain 🇪🇸 wins this 26 World Cup championship 😅🎉🎉🎉🎉🎉🎉🏆🏆🏆🏆🏆,positive,positive,positive,positive,,positive,Mundial
UgwmU_ITklPA-0Hg2HZ4AaABAg,"This song, man..... I knew this song once both nations' flags entered. and this full, man... simply made my ears blessed",positive,neutral,neutral,positive,,positive,Mundial
UgyESqNcAxmAyxn_PT14AaABAg,"No one can roll their ""R's"" like Laura can",positive,neutral,neutral,positive,,neutral,Mundial
Ugw1N1Hm8RInPLllzwB4AaABAg,"1:17 Laura Pausini singing ""cuando el diablo nos mire tendremos valor, That translates WHEN THE DEVIL SEE US WILL HAVE WORTH"" I am speechless, be careful cuz there's a spiritual warefare",negative,neutral,neutral,positive,,neutral,Mundial
UgztnOKlabA9HrceYBh4AaABAg,Dynamite after 6 years still gets me so HYPEEED,positive,neutral,positive,positive,,positive,Mundial
UgyMXI9pT7gBqnAIblh4AaABAg,"I like that BTS adjusted the lyrics to ""King Kong, kick the ball"" and ""Iced tea and a game of football"". Such a cute lil touch.",positive,neutral,neutral,positive,,positive,Mundial
UgwrfTntDCPm20pC3yd4AaABAg,JungKook sang alone 4 years ago and today he brought his brothers with him.,negative,neutral,neutral,neutral,,neutral,Mundial
Ugw9dHfM0Z6yvm1ac2p4AaABAg,The best part is seeing the world come together!❤,positive,positive,positive,positive,,positive,Mundial
UgxtEvNxeivmkY_Ynst4AaABAg,The transition from Norwegian rowing to dynamite is fire. Overall I loved the halftime and congratulations to Spain. Well deserved,positive,positive,positive,positive,,positive,Mundial
UgwcpTdepcl-ncB-6Kl4AaABAg,"BTS were on tour in Paris for their biggest live audience ever just 24 hours before this, legends beat the jet lag 🔥🔥",negative,neutral,neutral,positive,,neutral,Mundial
UgxNbDNuxBPcc4r0sX54AaABAg,"It’s sad to see that no one in the comments is showing Justin any love just because he didn't sing the typical popular song; instead, he chose to perform a song that raises humanity's awareness. For me, Justin was the best part of the halftime show.❤❤❤",positive,neutral,neutral,positive,,neutral,Mundial
UgzLywNf_nMqp80eeV54AaABAg,"From Jungkook performing alone in 2022 to BTS performing together in 2026 for the FIFA!!!!! 
WE HAVE COME SO FAR 🥹💜",positive,neutral,neutral,positive,,positive,Mundial
Ugw3pV4UgL5MYyDUvp14AaABAg,Who here after spain won ❤❤❤,positive,positive,neutral,positive,,positive,Mundial
Ugx7AS_REXFld4oklJ54AaABAg,"""ice tea, and a game of ping-pong"" ❌
""ice tea, and a game of football"" ✅

THEY KNOW HOW THEY DO DO DO DO 💜",positive,neutral,neutral,positive,,positive,Mundial
Ugzgv4EDWeBL5qKTNpF4AaABAg,The transition from Norway rowing to dynamite is fire,negative,positive,,positive,,positive,Mundial
UgwkWigT_NAwHnR1De54AaABAg,"Today and always, Shakira is proving why she's invited to these kinds of events and why she holds the title of Queen of the World Cup, and today that was more than evident. Beautiful Shakira, always giving it her all.",positive,neutral,,positive,,positive,Mundial
UgwTd_GmXqYBP0tZ8GV4AaABAg,Shakira is not just a singer she's part of FIFA 🏆,neutral,neutral,,positive,,neutral,Mundial
UgxKDpESUAkYPkj4jsR4AaABAg,Jungkook and Shakira are the only ones in history to have performed at the World Cup multiple times!⚽🏆🏅💥,positive,neutral,,positive,,positive,Mundial
UgzuhcBhXZZfYLCy8xF4AaABAg,Everyone talking about the artists performance meanwhile I'm really admire how clean the cinematography and transition in a live show. Really a phenomenal teamwork.,positive,neutral,,positive,,positive,Mundial
UgwMCnbXCDb5RcCqXZl4AaABAg,"No matter how many years pass, BTS on a FIFA stage will always be iconic.",neutral,neutral,neutral,positive,,neutral,Mundial
Ugwv2i2CZB2gO04TeKV4AaABAg,The kids that danced with Shakira were amazing. I’ve seen videos of these children before and how they came about become famous!,positive,neutral,neutral,positive,,neutral,Mundial
Ugygn3vlyzaM2bFVHGl4AaABAg,Madonna with Ronaldinho and Ronaldo is absolutely legendary 🔥,negative,neutral,positive,positive,,positive,Mundial
UgxZbGetON0xq6HtH994AaABAg,"""King kong, kick the ball"" 

""Iced tea and a game of football"".",neutral,neutral,neutral,neutral,,neutral,Mundial
UgyyrM2cEQF1IqzGU0Z4AaABAg,"Just realized Ronaldo, Ronaldinho, Burna Boy, Shakira, and BTS all joined the kids choir and Coldplay at the very end❤",positive,neutral,positive,positive,,positive,Mundial
Ugx54KWuK61KS5uVq-R4AaABAg,"Can't believe BTS wrapped their historic 2 nights in Paris with 180k audience, immediately got on a 10 hour flight and reached NYC only few hours before the match to delivering a flawless live performance. Man 13 years in the game and they love their craft. Nothing but respect❤",positive,neutral,neutral,positive,,positive,Mundial
Ugx6SzGUaQzUdYq_wpB4AaABAg,"I was one of the female dancers in this performance, and I can honestly say it was an unforgettable experience. Working with Shakira was such an amazing opportunity, and sharing the stage with legends like Ronaldo and Ronaldinho made it even more special. Moments like this stay with you forever.",positive,neutral,positive,positive,,positive,Mundial
Ugx18RCKrqXjR5Dl4_x4AaABAg,Did anyone notice at the end of the half time show during the children's performance when everyone stepped in to front but BTS and Justin bieber moved to back without stealing the spotlight.. Such a nice a thoughtful gesture from them.. 🥰,positive,neutral,neutral,positive,,positive,Mundial
UgxcVq9zSA1A7QMxOqt4AaABAg,From Jungkook performing in 2022 to whole group performing in 2026...BTS you paved the way 🥹💜️💜️,neutral,neutral,neutral,positive,,neutral,Mundial
Ugx8r0fGdeQDwCVYS5h4AaABAg,The fact that bts reached US like 5 hours before the show and then rehearsed but still nailed the performance is crazy,negative,neutral,positive,positive,,positive,Mundial
Ugz7NnQ-0iUjDWo4E5V4AaABAg,The goal that saved the world from noise pollution. 😊,positive,positive,positive,positive,,positive,Mundial
Ugx9Fm2iwJkvBLhKNyB4AaABAg,Huge credit to Spain for finally breaking Speed's curse,positive,positive,positive,positive,,positive,Mundial
UgwCJx7IMruDF39et314AaABAg,it’s gonna be so weird staying up late without the World Cup in the background,negative,positive,positive,positive,,positive,Mundial
UgyRiTK8rucnC8B2Bex4AaABAg,Congratulations for Spain for winning the 2026 World Cup. Vamos Espana,positive,positive,neutral,positive,,positive,Mundial
UgybUZvppftQf-lTV9F4AaABAg,Spain deserve it. I'm happy for them. 🏆,positive,positive,positive,positive,,positive,Mundial
Ugw-AvRguwM_yXCcVXl4AaABAg,Wonderful goal and deserved victory,positive,positive,positive,positive,,positive,Mundial
UgwwLwBq7f9-YVhwxYN4AaABAg,"Ferran deserved this goal more than anyone on this team, the mentality this guy has to keep going, even when everyone hated him and looked down on him ever since he came to barcelona, is absolutely elite ❤❤",positive,positive,neutral,positive,,positive,Mundial
UgymPdgnuxVOelIaxc54AaABAg,Ferran Torres has now cemented his legend within the Spanish national team.,neutral,positive,neutral,positive,,positive,Mundial
UgzFfMIc2LrXyCrR4GZ4AaABAg,"18 years ago, Fernando Torres started a new era of Spain. 18 years later, Ferran Torres carried on that legacy.",neutral,positive,positive,positive,,positive,Mundial
UgzW8zTDZc1NiJ_GJVJ4AaABAg,"Congratulations to Spain, I mean it, what a fantastic performance, pure endless control 👏🏻 🇪🇸🥇",positive,positive,positive,positive,,positive,Mundial
UgzstUC3RRIWu_m8hLt4AaABAg,Congratulations to Spain and all its citizens.  Keep Winning,positive,positive,positive,positive,,positive,Mundial
UgyzmLYWlHpCMQ5hHEB4AaABAg,Ferran torres saved humanity ❤ thank you,positive,positive,positive,positive,,positive,Mundial
Ugw3Pl2iFmbeF-x1_7V4AaABAg,"After his performance in the first game, we all doubted him wrongfully.",negative,positive,positive,positive,,positive,Mundial
UgzeljRp6M0Rj2LKTiB4AaABAg,"Ferran really deserves this goal, He got a pretty evil arc in his life, He begged for goal against Saudi after 4:0, Finally he seems happy, Espanol Vamos",positive,positive,positive,positive,,positive,Mundial
Ugx-jj4m1hWNXe7u4wl4AaABAg,The better country won! Viva España!,positive,positive,positive,positive,,positive,Mundial
Ugw5lBIqBnyN9uPGAs54AaABAg,"Finals were definitely not the highlight of this world-cup, but at least Spain won. Argentina and its players were so incredibly unsportsmanlike throughout this entire event.",positive,negative,positive,negative,,negative,Mundial
UgwG6QmkMa2jq-dZzHF4AaABAg,That one goal which changed the entire football,neutral,positive,positive,positive,,positive,Mundial
UgxurpOjKD65Qlfb8hV4AaABAg,Thank you Ferran Torres for saving us from noise pollution ❤,positive,positive,positive,positive,,positive,Mundial
UgxJ_O0OIq26eXEcqdx4AaABAg,"From a Romanian mom, a UK dad and a Swedish Baby, we have prayed for you Spain🙌🏻🙌🏻🙌🏻🙌🏻❤️❤️❤️❤️❤️❤️",neutral,positive,positive,positive,,positive,Mundial
Ugyz6yrpTTAcdZ-c_c54AaABAg,"Spain fully deserved this victory. They didn’t win by luck—they earned it by defeating some of the strongest teams in the tournament: Austria 🇦🇹, Belgium 🇧🇪, Portugal 🇵🇹, France 🇫🇷, and finally Argentina 🇦🇷.",positive,positive,positive,positive,,positive,Mundial
Ugx_3Th0LwxabyCeiSF4AaABAg,"Thank you Spain 
For saving us from noise❤",positive,positive,positive,positive,,positive,Mundial
UgyptlVemWuIXk36Zox4AaABAg,"Ferran Torres next generation Fernando Torres, Underrated, yet sometimes leads the team to the championship.",positive,positive,positive,positive,,positive,Mundial
UgyUAFl24s0XEWYgLN54AaABAg,"Love you, Spain from Bangladesh🥰 You worth it.",positive,positive,positive,positive,,positive,Mundial
UgzGGCEEkgSVvsVILuJ4AaABAg,By far the most satisfying payback goal I have ever seen,positive,positive,positive,positive,,positive,Mundial
UgyTGJmiHW6c_Qlf8Gt4AaABAg,THANK YOU SO MUCH FIFA WORLD CUP 2026 THAT'S BE VERY SPECIAL CUP AND MY FAMILY HAVE SPECIAL MOMENTS WITH THIS,positive,positive,positive,positive,,positive,Mundial
UgyPowi8GA5_yt8XDtx4AaABAg,Of course they had to put ronaldo as the thumbnail😂,positive,negative,positive,neutral,,positive,Mundial
UgzDJKYdDelOKScdGVF4AaABAg,GOAT In the thumbnail = Pure Aura,neutral,positive,neutral,positive,,positive,Mundial
UgwLRMAg_Uu62hZc_tl4AaABAg,The idea is outstanding I will come back to watch it again.,positive,positive,neutral,positive,,positive,Mundial
Ugz1o6EiBvucRq281rh4AaABAg,The editing is exactly what I needed It helped me understand better.,positive,positive,neutral,positive,,positive,Mundial
Ugwbr0Y7Me-vGkOMApl4AaABAg,The editing is clear and easy to follow I enjoyed every second of it.,positive,positive,neutral,positive,,positive,Mundial
Ugx6ZmaGLn6V1dU35al4AaABAg,The production quality is well made I learned a lot from it.,positive,positive,positive,positive,,positive,Mundial
UgwnQPU2Djfam-BDKPp4AaABAg,The production quality is exactly what I needed It helped me understand better.,positive,positive,positive,positive,,positive,Mundial
Ugx0Ia6J89L3N7LPey14AaABAg,This video is really helpful This deserves recognition.,positive,positive,positive,positive,,positive,Mundial
Ugw7lpClqRks6NEJ0n54AaABAg,This tutorial is exactly what I needed I will come back to watch it again.,neutral,positive,positive,positive,,positive,Mundial
UgybiZDytZqe7vJCmS14AaABAg,This performance is clear and easy to follow It deserves more views.,positive,positive,neutral,positive,,positive,Mundial
Ugz11Xxa4ISTiSRf9754AaABAg,The editing is clear and easy to follow This deserves recognition.,positive,positive,neutral,positive,,positive,Mundial
UgzIZmjnePYCATBMhH54AaABAg,The way you present is exactly what I needed I will come back to watch it again.,neutral,positive,neutral,positive,,neutral,Mundial
UgyUotzepUM5QYLE5EZ4AaABAg,The production quality is worth sharing This deserves recognition.,positive,positive,neutral,positive,,positive,Mundial
UgxQkIhHaIYCK0TfKIp4AaABAg,This tutorial is clear and easy to follow I enjoyed every second of it.,positive,positive,neutral,positive,,positive,Mundial
UgzRiDDUJ1pWDBJPNPB4AaABAg,The content is clear and easy to follow This deserves recognition.,positive,positive,positive,positive,,positive,Mundial
UgxLINDn4j0Awlp_eM94AaABAg,The way you present is exactly what I needed I learned a lot from it.,neutral,positive,neutral,positive,,positive,Mundial
UgyXToul8eiiyKkL8LR4AaABAg,The way you present is very impressive This deserves recognition.,positive,positive,neutral,positive,,positive,Mundial
UgzlH0bEY70PEUKu82N4AaABAg,The production quality is top notch This deserves recognition.,positive,positive,neutral,positive,,positive,Mundial
UgzhSS4lPfEnf27n-9J4AaABAg,The way you present is underrated I will come back to watch it again.,neutral,positive,neutral,positive,,positive,Mundial
Ugwytny4yAB4pivLV6t4AaABAg,Your explanation is underrated I will come back to watch it again.,neutral,positive,neutral,positive,,positive,Mundial
Ugx-XKZLmdOw2Iu_rd14AaABAg,This channel is clear and easy to follow It deserves more views.,positive,positive,neutral,positive,,positive,Mundial
UgyBNMPqif9oLpb90a94AaABAg,The production quality is worth sharing I will come back to watch it again.,positive,positive,neutral,positive,,positive,Mundial
UgxRR4P1XcZfVAV9s7h4AaABAg,The editing is outstanding I will come back to watch it again.,positive,positive,neutral,positive,,positive,Mundial
UgxXK8L9bxRAr1WDcw94AaABAg,This video is top notch I will come back to watch it again.,positive,positive,positive,positive,,positive,Mundial
UgzxK6XUjZ5T8rorBit4AaABAg,The production quality is clear and easy to follow I really appreciate the effort.,positive,positive,positive,positive,,positive,Mundial
UgyfnCncdtuuAwOEQmJ4AaABAg,2 minute highlight video for this match is criminal,negative,negative,positive,negative,,negative,Mundial
UgzJdYQkICfKQIRZUUR4AaABAg,"Saturday: 10 goals in 90 minutes
Sunday: 1 goal in 120 minutes",neutral,negative,positive,neutral,,neutral,Mundial
Ugwsze9WU5JXYHDa3oV4AaABAg,Mbappe suddenly remembered he could win the golden boot in half time.,positive,positive,positive,neutral,,positive,Mundial
Ugy7Zlqe1PpciMcP4OV4AaABAg,France gifting England the third medal and England gifting France the golden boot 😂,positive,neutral,neutral,neutral,,neutral,Mundial
Ugy_cwoBdKRgZJmA4dx4AaABAg,Both the teams had nothing to lose..So they played their normal game without any pressure,positive,neutral,neutral,neutral,,neutral,Mundial
UgwGvgjNRhNIbjFxdr94AaABAg,Lowkey one of the few peaceful game of the world cup✌🏻😭,positive,neutral,neutral,positive,,positive,Mundial
UgwBkQJ67M4IM99TD1V4AaABAg,Watch this game be more entertaining than the finals,positive,positive,neutral,positive,,positive,Mundial
Ugx0Izfr4W0jKKuoE-B4AaABAg,This game was a fever dream...,positive,negative,positive,negative,,negative,Mundial
Ugy3WbKFZ8Jcj-d2sF54AaABAg,"Ferran deserved this goal more than anyone on this team; the mentality this guy has to keep going, even though everyone hated him and looked down on him since he came to Barcelona, is absolutely elite",negative,positive,positive,positive,,positive,Mundial
Ugx4wf6Dz7_Rl4tlF_d4AaABAg,10 Goal in 1 match is crazy 💀💀,negative,positive,positive,positive,,positive,Mundial
UgxMzBaUDPa6Xcaf2bZ4AaABAg,This game should have been the final,neutral,positive,positive,positive,,positive,Mundial
UgydLy50ko3E5_js2Tl4AaABAg,This has 10x more goals than Spain vs Argentina 😂,positive,negative,neutral,positive,,positive,Mundial
UgzViK01ZbscP7tmTyJ4AaABAg,"This is exactly the third-place match we needed! We haven’t seen this many goals at this World Cup yet, and it all happened in regular time.",neutral,positive,neutral,positive,,positive,Mundial
Ugx7Lgurvjs1e20tg0J4AaABAg,3rd-place final was 1000x more entertaining than the actual final,positive,negative,positive,positive,,positive,Mundial
UgzmCH1QQfxipO6FEDZ4AaABAg,Way better than the actual final.,positive,negative,positive,positive,,positive,Mundial
UgxbuZ03HgTnIijR8bR4AaABAg,"The best match in the whole WC26 tournament, way better than the Final",positive,positive,positive,positive,,positive,Mundial
UgyMrhkg2r4Yhi4X2qd4AaABAg,i dont even know how to describe this game,neutral,positive,neutral,positive,,positive,Mundial
UgyL0ubtX1buwGl_ck54AaABAg,"*Probably going to be a better game than the upcoming final.*

When you've got nothing to lose, you play fearlessly, this was what football was meant to be like, not the modern day games where teams play out of fear and not out of the love for the game.",positive,positive,neutral,positive,,positive,Mundial
Ugyz35bfDM9KxMNvPR54AaABAg,They both lost the semi final but give us the best game of the world cup well done to both teams x,positive,positive,neutral,positive,,positive,Mundial
Ugx3KvXA4CJ4riC9mMp4AaABAg,Ironic that this game turned out to be the footballing spectacle the final wasn't,negative,positive,negative,positive,,positive,Mundial
UgwOKNFFGs4h7mzzdvB4AaABAg,"I cant believe they scored 10 goals in one match, im proud of us england, but also france for contributing to history as well, i dont think we can recreate this in a long time",positive,positive,negative,positive,,positive,Mundial
UgwFzaUP9hfRscbAriV4AaABAg,Mbappe realising on half time : OH wait! i still have a chance to win golden boot😎,positive,positive,negative,neutral,,positive,Mundial
Ugype1K7j6Gh8NQOZc14AaABAg,Probably the best of match this world cup....no unwanted fouls...no unwanted stoppages....no drama..not much modern philosophical football master plans....only pure old school direct football ⚽ most of all no hate....both sets of players respecting each other ❤,positive,positive,neutral,positive,,positive,Mundial
Ugxhx-277AGSLsjPvPB4AaABAg,Both coaches should be arrested for robbing us of this France vs England final,negative,neutral,neutral,negative,,negative,Mundial
UgzZZq1fGZPN_-aVETR4AaABAg,Now England realising they can also play like this,positive,neutral,negative,neutral,,neutral,Mundial
UgxYnTLyFlZBMenXKTF4AaABAg,"All the tropical ocean reefs are now dead, or highly disrupted. What else will we do?",,neutral,neutral,,neutral,neutral,Climate
UgwIbzX1QbjANIfldpJ4AaABAg,"That was absolutely brilliantly said. I don't think I give you enough credit in other contexts. I've been writing a book about climate change but this is the best and most concise and articulate explanation I've seen to date of what's ahead..

Now you just need to add in a discussion of non-linearity and tipping points / feedback cycles. Environment -> affects -> humans -> affect -> environment -> affects -> ...",,positive,positive,,positive,positive,Climate
Ugz3Igiy8kS3sAm9NC54AaABAg,Barking up the wrong system,,negative,negative,,negative,negative,Climate
UgyQgRroOqAV69VSqVh4AaABAg,"The truth is until the consequences are obvious and undeniable then we won't move fast enough. As soon as it's extreme we will move fast but the lives lost will weigh on our record as human beings. For those of us caught in this world we need to take care of ourselves, never stop speaking truth, but most importantly manage our emotions so that lack of movement doesn't hurt us.",,positive,positive,,positive,positive,Climate
UgwvkV5cjS9tw6WG7Q54AaABAg,El Niño: the final boss before GTA 6 drops,,neutral,neutral,,neutral,neutral,Climate
UgziWQ4MgEuBgKyKKNB4AaABAg,"One think I am missing in this discusion, how to talk to masses of people. And those are churches, not only christian, but also buddhist, islam and so on. They have very big influence. There is very interesting walk for peace from Texas to Washington, where budhist monks remind people of peace with very high attendings of people 🕊🌍",,positive,positive,,positive,positive,Climate
UgycPXPeMk9XeYrO4rR4AaABAg,The Titanic tragedy illustrates human behavior. Many people continued to drink champagne and listen to the live band playing music right up until the ship started sinking as if nothing was really happening. This is like climate change.,,positive,positive,,positive,positive,Climate
UgzzYPqPakFi7vaB6hB4AaABAg,"Although the price of RE tech is becoming cheaper, the price of end-user electricity becomes higher because of the needs of backup systems as there are less thermal plants available to provide for the dips. If RE is truly cheaper, the private sector would be queuing up for it. But the price of generation is not equal to the price of energy delivered when demanded. Climate change wouldn't even be a thing if we had continued building nuclear power plants.",,positive,positive,,positive,positive,Climate
UgzFfYuiVfFse8BsykB4AaABAg,"I am a 47yro Man whose living with a debilitating condition worsened by heat
I crave cold weather and long for Winter season unfortunately Winters are nothing like how they used to be
Like clockwork you knew how cold it will be but these days it's scarily mild where I am and hardly noticeable its Winter
I am fearful for the forcible future as I when I was a teen and bombarded with news of greenhouse gas etc had images of the UK living in +40c climates which are dreadful especially for my health
Sad thing is it will happen in due course of what is being done and that is the plan in store for us",,negative,negative,,negative,negative,Climate
UgwJmmDje9nICtrZvch4AaABAg,You can feel it everywhere.. NYC Winters are so different..,,neutral,neutral,,neutral,neutral,Climate
UgwS-F8TRdeQlPV4AN14AaABAg,Bored of peace ? I'm not.,,negative,negative,,negative,negative,Climate
UgzjeNsU2ND_ozYRNWF4AaABAg,15:30 you can blame Trump and Netanyahu for that last one,,neutral,neutral,,neutral,neutral,Climate
Ugz64FGErWBjdAjqXqR4AaABAg,"The weather where I live (Southwestern Ontario) has changed A LOT since I was a kid in the 1970s.
It's very difficult to get people who live in places where they don't see much change in their weather from Jan - Dec. to believe climate change, unlike those of us in Canada who do see the changes happening.  Our summers are unbearably hot, (over 100° even at night hot) and in the winter we now get more rain than snow.  We used to get constant snow from November to April and now that only happens in January and February, the rest of the time it's rain, snow, rain, snow, rain, snow, etc.  While this past Christmas we did have snow on Christmas day the rain washed it away a couple of days later, and on Christmas day the two years previous it was raining.",,neutral,neutral,,neutral,neutral,Climate
UgximVb496u_3E6urA14AaABAg,Noo stronger hurricanes for us Floridians,,neutral,neutral,,neutral,neutral,Climate
UgwVJNioilzrrj70_lZ4AaABAg,5:15 major major respect for the honestly,,positive,positive,,positive,positive,Climate
UgwEhxDRBNwiTGfQB2l4AaABAg,I’m sure half the planet don’t care and the other half will never win,,negative,negative,,negative,negative,Climate
UgzYFMdbmFn8HTHjj8x4AaABAg,"i live in austria/europe, i can recall winters where as kids we dug tunnels into the fallen snow where we could walk upright in. there hasnt been any snow to dig into for my kids this year.",,positive,positive,,positive,positive,Climate
Ugyg1Ao_WgR-HaVqmMV4AaABAg,"Ah, that explains why its snowing in goddamn June",,neutral,neutral,,neutral,neutral,Climate
UgwNy9lJYJMk6BbLulV4AaABAg,"How anyone can continue to deny climate change is beyond me. Yet they're out there, including in positions of influence.",,neutral,neutral,,neutral,neutral,Climate
UgwCgd6OEi5-QGXB7XZ4AaABAg,"I guess if it goes above 3 degrees, that would be a Mega El Nino?",,neutral,neutral,,neutral,neutral,Climate
Ugx6izmqgzH7WeJi7qp4AaABAg,"There's only one thing I was missing from this talk: Climate Change is not something that happens one day and then everything is bad. It started happening a long time ago and will continue to happen for a long time to come. How it is today, is the best it's gonna be for a century. People in the 80s started arguing about how we should protect the climate to save our kids and we today still say that. But we are those kids, and our kids will have it worse. We only get to choose how much worse.",,negative,negative,,negative,negative,Climate
UgyEhnR5hTZyZgDLtOR4AaABAg,"The honest and hard truths are a) all the ice masses on the earth will melt raising sea level if we do not go carbon NEGATIVE, i.e. pull carbon out of the atmosphere mainly back into creating soils, and weathering, and possibly a small amount by chemical and mechanical subsequation, god forbid we try oceanic iron oxide seeding ? b) the balance between reflective cloud bodies and water vapour which absorbs sunlight and emits infra red heat radiation raising the thermal noise floor of the earth. The two ways to do this are solar powered water desalination incrementally reforesting and regreening Africa, South America, and Australia so creating the biotic pumps that couple cloud systems to forest and also agricultural land and putting the ""waste"" saline back into buffering the ocean conveyor. Second is Marine Cloud Brightening which creates cloud masses over the ocean to substitute for the reduced cloud seeding from the sulphur reductions both by shipping and from China's industrial emissions. The Great Barrier Reef may have been saved using Marine Cloud Brightening.",,neutral,neutral,,neutral,neutral,Climate
Ugyac-i-7GMzsQUA7ZF4AaABAg,"When the reporter proudly says, ""10% of world energy is through clean energy!"", what he didn't tell you, is it was 10% in 1999 - 23 years ago!",,positive,positive,,positive,positive,Climate
UgykpYWpz9HAWoqX6l54AaABAg,"In Puerto Rico, the heat is already extreme. 2-3 baths a day, a 15 minute ride without a/c in the car has you sweating intensely, 2 fans running at the same time and it's still hot af! And it's not even June or July. Water might dry out and leave us for weeks without water (it happens every summer). We're fked.",,positive,positive,,positive,positive,Climate
Ugx0HNjFSkZTj-_6hMx4AaABAg,Now we can already speack of Climate Catastrophe instead of Vlomate Emergenvy,,neutral,neutral,,neutral,neutral,Climate
Ugzm1UKwjl8524VBPCt4AaABAg,"the sad reality is even though we're not a big contributor of carbon emissions, we're still the one who suffered the most. My beloved country is currently suffering from catastrophic situations like floods and landslides bc of climate change, and those developed countries continue to launch disastrous goods, products, and stuffs and they never even care about  the consequences.",,neutral,neutral,,neutral,neutral,Climate
UgzXB5OZNlR26LJSdz94AaABAg,"Give it to me straight, Doc",,positive,positive,,positive,positive,Climate
UgyajEMvXTUt_J028v14AaABAg,Nothing will happen lol,,positive,positive,,positive,positive,Climate
UgwTXPDRVAZPU_59rad4AaABAg,"Guys, start storing shelf stable food and prepare for problems with store shelves.  Maximize your garden and learn to can.  I’m taking advantage of the orchards this year.  Between the issues with fertilizer and tariffs, farmers are cutting back as it is.  Preparation isn’t political.",,negative,negative,,negative,negative,Climate
Ugzm0b4wuevGp4m4duV4AaABAg,"I live in eastern austria, and I remember 20 years ago, we had to dig paths through the snow in our garden. 30-50cm of snow was not too uncommon. We got zero snow this winter.",,positive,positive,,positive,positive,Climate
Ugz62KYKGa1KjyS7RBd4AaABAg,Imagine if James Hansen were running for president. Is he planning on running in 2028?,,neutral,neutral,,neutral,neutral,Climate
Ugzi7vfxfAwGG4dw_-l4AaABAg,"I'm so happy your channel isn't AI, I LOVE YOUR CONTENT!",,positive,positive,,positive,positive,Climate
Ugzzi6BUuFUGWqvC-u14AaABAg,Yes! Do a show on data centers. That would be helpful. Rural folks like us here in Indiana are doing our best to come together to fight them at town halls. It’s insane.,,neutral,neutral,,neutral,neutral,Climate
UgxIB1XJyOy3RTlp7el4AaABAg,"You have done well to describe the situation, no shock value, no outrageous claims, just common sense, backed by science and thought, thanks mate!!",,positive,positive,,positive,positive,Climate
UgyFcdGI4y_vBILi1rR4AaABAg,Now we are facing El Adõlescente,,neutral,neutral,,neutral,neutral,Climate
UgzF1HExajBD7nPbn2h4AaABAg,I'm American and I get it.  You could bring those polar bears to Thanksgiving dinner to explain it or just to eat their food and some people at the table would keep denying it,,neutral,neutral,,neutral,neutral,Climate
UgwPoJaqYBYTZmD65DN4AaABAg,When you STARE into the ABYSS=THE ABYSS STARES BACK...Nietzche.,,neutral,neutral,,neutral,neutral,Climate
UgyLxKAECn9hHCEpPDh4AaABAg,"Paul said it right about the relentless recursive record setting.
My take is throw out the concept of ""record"" and accept ""red alert"". Each new record is actually a red alert that is just exponentially growing out of control. We chose not to control.😢",,positive,positive,,positive,positive,Climate
UgxwByLrO3YM3Y3AQZh4AaABAg,"If ewe say sew.
Plants tell me they love greenhouse gases, and would actually desire more. 
(like the good old times, during the dinosaurs)
Make Jurassic Periods Great Again",,positive,positive,,positive,positive,Climate
Ugz4Xx8coJ2Jj2YaBUV4AaABAg,"Dr Carter, I believe your message is vitally important, cut the windy intro crap to a few seconds, get on with explaining your point succinctly and directly, don't fuck around. 
Thanks for all you do, team of champions.",,negative,negative,,negative,negative,Climate
UgwB3A6EOai5dDid9ed4AaABAg,Got to say big up my man Paul Beckwith keeping this layman informed all these years,,neutral,neutral,,neutral,neutral,Climate
UgwXxT_YAq37JhHIjYR4AaABAg,"I used to fly in and out of DFW (Dallas/Fort Worth) regularly. Once, I was sitting next to a pilot, and I asked him why it was so turbulent there. He said, ""Look out the window and tell me what you see."" I said, ""Lots of houses."" He responded, ""And what's in the back yard of most of those houses?"" I replied, ""Pools."" He said, ""yes, and that's changing the humidity of the air, creating pockets of humidity that is effecting the density of the air."" Now I was a weapons guy in the military, and relative humidity and air density are part of the fire control equation for guns and missiles, so I understood what he was saying. We are changing the Earth in small ways individually that are adding up to large ways as a collective.",,positive,positive,,positive,positive,Climate
UgwmJoolaUldB8P0kRN4AaABAg,"Awareness & understanding of climate change has improved over time & a new industrial sector has been spawned. It's not sufficient.
Many people don't want to know. Their immediate lives are of prime importance. They vote.
Whatever fragmentation of global society results, survivors who understand the causes of historical decline may just have a better chance of going on to reproduce.",,positive,positive,,positive,positive,Climate
UgysOmWHZKan94iyOBt4AaABAg,Data Centers in Arizona are set to deplete a finite 🏜 desert water supply. Public disappproval is being ignored in favor of 💰 monied intrests enticing the political system.,,neutral,neutral,,neutral,neutral,Climate
Ugzq1DWAQhqk2XZPRbx4AaABAg,A few thousand years ago the eath was so hot.antartica was full of rainforests.climates change.its as simple as that.just because  the earth is full of people now its all our fault.for all the green party members worldwide you dont have a clue whats goin on.all you want is everyones money.climate is changing,,positive,positive,,positive,positive,Climate
Ugz1xupgr0SJLQFHJS14AaABAg,"About 50 years too late. We started down this path in 1970 and then kinda forgot about it. It all comes down to soil, water and food. Climate will heal itself as we heal the environment. I spent over 3 decades in the conservation field working with farmers and planting trees.",,negative,negative,,negative,negative,Climate
UgyEdPlekLdtUHo4n6F4AaABAg,"I am a relative oldster like you guys.  We have had lives supported by very increasingly high standards of living and convenience.  Our pursuits came so easily by using all the energy we could command: just flick a switch, turn an ignition key, flush, shop etc. as long as we could pay a bill.  Ah, the joys of anthropocentrism.  Who would volunteer to be less rich and tell others not to enjoy these fruits of modernity?  Certainly any leader in a democracy who made such a suggestion would find themselves out of a job.  Remember Pres. Carter?  
So what change would make a difference and alter our fate?   It can only happen when the total system that no one actually wants to lose, is beset with chaos resulting in the massive reduction of humans.  If any of you believe that there will be an orderly retreat from the brink, that humans can make a shift to being extremely poor (meaning responsible) while maintaining all of the many supports necessary for the continuity of so-called society, being informed of such methods would be a delight.",,positive,positive,,positive,positive,Climate
UgyFg6lYKLWXq311fVF4AaABAg,💔,,neutral,neutral,,neutral,neutral,Climate
UgwHyeXdlSbPMDtfReZ4AaABAg,This feels hopless...,,neutral,neutral,,neutral,neutral,Climate
Ugw0u_9N85tU3Y1iTWx4AaABAg,"Here in Newfoundland we are having abnormally warm winters. This means not enough water runoff come through summer, which also means the permafrost in the ground is weak, and now we’re having forest fires due to dryer seasons.",,neutral,neutral,,neutral,neutral,Climate
Ugwlf_tnFSZ7blDHKLZ4AaABAg,"If you really want to save the environment then consume less, but every industry wants to out do its previous production records ! In order to save the environment you have to basically bear an economic recession.",,neutral,neutral,,neutral,neutral,Climate
UgxO7ak9ZOfmR3dv0mZ4AaABAg,"Yeah, El Nino is like that drunk uncle who sometimes shows up. However this time his blood alcohol level is 2.5‰ and he is swinging a fireaxe around.",,negative,negative,,negative,negative,Climate
Ugzxd9aBv_TN5bFkN-x4AaABAg,"""Not our problem"" - the billionaires, and the first trillionaire",,positive,positive,,positive,positive,Climate
UgyBNWUCTRgo3QCK1fd4AaABAg,"I do think that the accuracy of the estimates matters because it drives the temperature of the discourse. As aptly explained here, it’s really a shifting of the range of possibilities which manifests as the uncertainty in the precision of the estimates change. This coupled with emotionally charged language such as crisis moves the conversation from logical discussion to emotional reasoning and a series of “gotchas.” Unfortunately most media lack sufficient statistical knowledge to communicate these complex concepts effectively. Kudos to Dr. Tyson for accomplishing this.",,positive,positive,,positive,positive,Climate
UgzAGzL_ilGbA0FXcu14AaABAg,Climate crisis is only one of many symptoms of overshoot.  No amount of alternative energy will change anything until overpopulation and over consumption are addressed.,,positive,positive,,positive,positive,Climate
Ugw4SvvWzGhl1W-tjwd4AaABAg,We're going from worse to the worst.,,negative,negative,,negative,negative,Climate
UgxXfgKGrCFZe8cnZ3d4AaABAg,So cool. All we get is blizzards in New England. 😢,,positive,positive,,positive,positive,Climate
Ugx14OBzD2ttYL0cqrl4AaABAg,"i’m a hydrologist located in Zambia, el niño size shows during our winters. this year, right now (it’s winter) and temperatures are above 25 degrees which is extremely unusual. regularly it’s 19 degrees on average",,positive,positive,,positive,positive,Climate
UgyuSiMqvEjkubHu64R4AaABAg,Why isn’t this like everywhere this should be the most popular topic right now,,positive,positive,,positive,positive,Climate
UgyUNQaCl_Ba0jbo2W14AaABAg,El Niño becoming El HOMBRE,,positive,positive,,positive,positive,Climate
UgyN_nTS3UzHYPR2fLJ4AaABAg,Personally I am waiting for Ultra Instinct El Niño.,,neutral,neutral,,neutral,neutral,Climate
Ugw7ktfVTWrm0YUg9RZ4AaABAg,"Man, earth still be here long after we die off.
Or, we are in a simulation. 
Who knows.",,neutral,neutral,,neutral,neutral,Climate
UgxecoHVRaTKcrsXppl4AaABAg,So timely! For those who want to know what's really happening. Every other news item pales into insignificance.,,neutral,neutral,,neutral,neutral,Climate
UgxuJvnLBrgzK6QsRG94AaABAg,Can't wait for the US senate to somehow make billions off all this,,neutral,neutral,,neutral,neutral,Climate
UgxgcGBklmcDNkn0p0t4AaABAg,"Watching these kinds of videos and seeing how many views they get compared to YouTube trends, I feel like Don't Look Up is kind of a documentary that must be shown in every school",,positive,positive,,positive,positive,Climate
UgwW99-her1bwV6HNJp4AaABAg,Sadly those we need to see this video will forever refuse to do it,,negative,negative,,negative,negative,Climate
UgwWQr1j32_ysvs1dqt4AaABAg,"I am from New England in the Northeast USA. Here we have all seasons. Hot in the summer freezing in the winter. However, due to this, we are prepared for nearly every wheather condition. When I traveled to Europe for the first time, I truly saw how unprepared some placed are for the changing conditions. In Switzerland the wheather was over 100 degrees at times, yet no place was equipped with AC. It was tough to travel simply due to the heat and lack of mitigation methods for addressing it. I see what Dr. Tyson is saying after experiencing this kind of thing.",,positive,positive,,positive,positive,Climate
UgzUboJ5oVUW-cIVCAl4AaABAg,"hey man , can you make another video at the end of the year just to check how this turned out?",,neutral,neutral,,neutral,neutral,Climate
Ugx8IWEcq-rDr2EBSol4AaABAg,Scaring people works really well. Both religion and government rely on fear to convince the population that the grass is pink.,,neutral,neutral,,neutral,neutral,Climate
UgzmbgZOXHlOhkfUFqx4AaABAg,9:10 and states that typically get alot of snowfall aren't getting any or it's not happening tell the end of winter.,,negative,negative,,negative,negative,Climate
UgyXttYTJBg1CnZGH414AaABAg,"I'm a 24 years old Syrian. We used to have snow every year in my childhood, but in the last 6_7 years we had no snow.",,neutral,neutral,,neutral,neutral,Climate
Ugx2FzagLzw5N4ooTCh4AaABAg,COULD THE WORLD JUST CHILL THE F OUT. I JUST STARTED BECOMING AN ADULT.,,positive,positive,,positive,positive,Climate
UgzBOnM0KG5w1C0Y0bh4AaABAg,"I’m going to teleport myself into an alternate universe, this one is screwed. Good luck everybody",,positive,positive,,positive,positive,Climate
UgzQbnuYFaxIGcw8vGp4AaABAg,"8:56 when your advice to save the world is a payed promotion, respect bro",,neutral,neutral,,neutral,neutral,Climate
Ugwuw7eHrk8kgb2cNzl4AaABAg,Mother Nature never tells us what’s going to happen tomorrow.,,neutral,neutral,,neutral,neutral,Climate
UgzZRN1bvNfeREHEvfF4AaABAg,i love my children. but often i regret bringing them into this world,,positive,positive,,positive,positive,Climate
Ugx5v6QpkFwz-sBlef94AaABAg,"Same here. I remember, as a kid we would go sledding on desert dune slopes when it snowed in the winter, and it would be a real true honest cold winter. This was northern arizona at 3500-4000 ft. above sea level. I remember walking through thick snow each time also. Likewise, not anymore.",,neutral,neutral,,neutral,neutral,Climate
UgwaGRrASxNGilfsJ_N4AaABAg,Chemosynthosis gives me comfort. Prior to that discovery I was certain humanity would end all life with climate change. These life forms may survive?🥴,,positive,positive,,positive,positive,Climate
UgyvDSLXms_T-rOoA5p4AaABAg,Tasmania Hobart used to snow in the city every winter. We haven't seen snow in the city for a decade now.,,neutral,neutral,,neutral,neutral,Climate
Ugztn4iZT7nrv9Y4V2N4AaABAg,Oh good.  As an Australian I wouldn’t know myself if I wasn’t on fire or underwater.,,positive,positive,,positive,positive,Climate
UgxztbNvKY6yp0Dng-Z4AaABAg,When it becomes clear the individual has no influence in this matter what is there left to do but shrug?,,neutral,neutral,,neutral,neutral,Climate
UgxG3iIFUpxaizXiCst4AaABAg,The winters here in Sweden are getting weird now. In the past we used to have pretty stable winters with temperatures around 5 degrees F and below and it did not change much for the entire winter. But now the temperatures are going up and down like a yo-yo each week. We get tons of snow and then it can suddenly melt and it feels like spring for a week and then it becomes winter again the next week with 5 degrees F or so. The climate is weird now for sure,,neutral,neutral,,neutral,neutral,Climate
Ugzv6lLjE8OVZixHOOl4AaABAg,"CONSEQUENCES BASED ON 2026 DATA

1. What the data already shows in 2026

· Arctic winter ice is at a record low for March. That means less ice survives into summer, and the ocean absorbs more heat starting earlier.
· Global temperatures in 2025–2026 are already ~1.5°C above pre-industrial. The Arctic is warming 3–4× faster.
· Methane levels are rising faster than any IPCC scenario predicted (NOAA data).
· Ocean heat content is at record highs — that heat will emerge during the next El Niño.

These are not predictions. These are measurements.

2. What a Super El Niño (late 2026) plus low Arctic ice means for winter 2026–2027

Data-based mechanism:

· El Niño transports heat and moisture into the Arctic.
· Warm Atlantic/Pacific water enters the Arctic basin from below.
· Warm air from mid-latitudes enters from above.
· Result: Winter ice cannot form normally. The March 2027 maximum will be far lower than March 2026 — likely below 1 million km² for the first time in history.

Consequence: The double blue ocean event (no ice in winter) happens in March 2027, not September.

That is not speculation. That is physical oceanography and atmospheric science applied to current data.

3. Consequences of a March 2027 double blue ocean event

3.1 Immediate physical (March–June 2027)

· Albedo collapse starts 6 months early — dark ocean absorbs sunlight starting in March instead of June.
· Extra heat added to the climate system in 2027 alone: equivalent to ~15–20 years of current human CO₂ emissions.
· Global temperature jumps +0.6–0.8°C within 3 months of ice loss.
· By June 2027, global anomaly exceeds +2.2°C above pre-industrial.

3.2 Methane (starting immediately)

· Sea ice acts as a physical barrier preventing methane venting from shallow Arctic seas.
· With no winter ice, the East Siberian Arctic Shelf warms year-round.
· Methane hydrates destabilize rapidly — plumes become kilometer-wide boils.
· Atmospheric methane jumps from ~1,900 ppb (2026) to 3,000+ ppb by late 2027.
· Additional warming from methane alone: +1.0–1.5°C by 2028.

3.3 Agriculture (2027 growing season)

· Spring 2027 planting impossible in most of Northern Hemisphere.
· Reasons: late frosts, then sudden heatwaves, then floods or drought — all in one season due to jet stream collapse.
· No fertilizer (natural gas supply chains already broken by late 2026 due to El Niño disruptions).
· No fuel for tractors, harvesters, irrigation pumps.
· Global grain harvest in 2027: less than 20% of 2025 levels.
· Result by late 2027: Famine kills 3–4 billion people directly. The rest face starvation by early 2028.

3.4 Energy and infrastructure

Nuclear:

· ~440 reactors worldwide.
· By May–June 2027, rivers used for cooling are either:
  · Too low (drought)
  · Too warm (heatwaves)
  · Flooded (extreme rain)
· Grid failures begin by April 2027 (heat waves cause demand spikes, transmission lines sag and fail).
· Without grid power and without diesel resupply (fuel chains broken), reactors scram.
· Spent fuel pools need continuous cooling. After 2–4 weeks without power, they boil dry.
· By September 2027, >200 sites have released significant radiation. Northern hemisphere contaminated.

Electricity:

· No thermal plants running by July 2027 (no cooling, no fuel).
· Hydro fails (drought or floods beyond design).
· Solar/wind work locally but no grid synchronization, no spare parts, no manufacturing.
· Result: No large-scale electricity anywhere after September 2027.

Internet:

· Data centers run on generators until fuel runs out — 2–8 weeks after grid fails.
· Undersea cables fail (no repair ships, ports inoperable).
· Satellites lose ground control.
· By August 2027, global internet is gone. Permanently.

Oil:

· Refineries need power and hydrogen. Both gone.
· Pipelines rupture from permafrost thaw and temperature extremes.
· Tanker shipping stops (no ports, no navigation).
· Result: Oil extraction, refining, and distribution end completely by mid-2027.

3.5 Water and sanitation

· Water treatment plants stop (no power, no chemicals).
· Sewage pumps fail.
· Cholera, typhoid, dysentery return to every city within weeks of grid collapse.
· By late 2027, most urban water sources are contaminated with raw sewage and heavy metals (from flooded industrial sites).

3.6 Human mortality (2027 only)

Causes:

· Heat: Wet-bulb 35°C exceeded for days to weeks in India, Pakistan, Bangladesh, Middle East, Southeast Asia, West Africa, Brazil, southern US. Survivability limit. Hundreds of millions die.
· Famine: 3–4 billion dead by end of 2027. No food imports — every region for itself.
· Disease: Cholera, dysentery, typhus, plus untreated injuries. Tens of millions.
· Violence: Wars over remaining food, water, arable land. Nuclear weapons possible (India-Pakistan, US-Russia-China). Hundreds of millions.
· Radiation: From nuclear meltdowns. Millions to tens of millions from acute radiation, more from long-term cancer (but long-term will not matter for most).

Total by January 1, 2028: ~4 billion dead (conservative). Likely 5–5.5 billion in worst-case.

Remaining population: 2.5–3.5 billion, mostly in:

· High-latitude inland areas (northern Canada, Alaska, Siberia, Scandinavia)
· High-altitude refugia (Andes, Himalayas, Rockies)
· Regions that happened to have local manual agriculture and clean water (very few)

---

4. What happens after 2027 — no improvement

2028–2030:

· Methane from permafrost and hydrates pushes global warming to +3.5–4.5°C.
· AMOC collapses (Atlantic circulation stops). Western Europe deep freeze even as global average rises.
· Greenland melt accelerates → sea level rise of several cm per year.
· Remaining agriculture fails everywhere except tiny high-latitude patches.
· Population drops to 500 million – 1 billion.

2031–2040:

· Ocean anoxia (no oxygen) → marine life largely extinct.
· Terrestrial ecosystems collapse — forests dead, soil erosion, few insects, no pollinators.
· Photosynthesis fails in most regions during summer (temperatures >45°C).
· Population drops to 50–200 million (survivors in Arctic refugia, caves, high mountains).

2040–2100:

· Hothouse Earth stabilized at +6–8°C.
· No ice at poles.
· Sea level +10–20 meters.
· Human population likely below 10 million — fragmented, pre-industrial, illiterate, no memory of civilization.
· Extinction within a few centuries (population too small, too inbred, too stressed).

---

5. The data-based conclusion

Based on what we know in 2026:

· Record-low Arctic winter ice
· Rising methane
· Record ocean heat
· A developing Super El Niño
· The physical impossibility of winter ice formation under those conditions

The double blue ocean event in March 2027 is not a speculative scenario. It is a logical consequence of the data.

And the consequences, without filters, are:

· No food
· No electricity
· No internet
· No oil
· Nuclear meltdowns
· Billions dead in 2027 alone
· Methane-driven runaway warming
· Civilization ends permanently
· Human species likely extinct by 2100

There is no recovery. There is no rebuilding. There is only a faster or slower collapse.",,neutral,neutral,,neutral,neutral,Climate
UgyQRDRZCHxXAY03Go14AaABAg,"As someone from India , I’d like to inform you it’s already having an impact on the annual monsoon season . It officially arrived late by 3 days and now stands at -23% deficient in terms of rainfall.  The monsoon at this point should have covered the entire southern peninsula but it managed to cover only about a quarter.

Update: it's 16 June overall deficiency stands at -64%

Update: it’s 24th June , slight improvement but at a tortoise speed and overall deficiency stands at -43% and it’s all haywire at the moment! 

Update 3/ last update, 6 July : it's all mayhem . Deficit stands at -28% . Some states are about to be flooded whilst some are facing real chance of drought. One state in the east has +139% excess while one In the north faces -56% deficiency",,negative,negative,,negative,negative,Climate
UgxLX5QkbogbLsXnL314AaABAg,Sad to see how few viewers are here. 💔🌎,,negative,negative,,negative,negative,Climate
Ugxd1hIN16gfBwPpsxN4AaABAg,"The problem is the non-disclosure of new energy sources [ that people don't really believe in, but there is also a reason why they are not being disclosed: ""Humans have to be able to prevent war and eventually that will become possible - ie: The Kristal Spiral activation"".]  , because obviously just renewables are not enough to replace fossil fuels.    But there may be other economic reasons.",,positive,positive,,positive,positive,Climate
UgzzqndTvQtDPsNBmeN4AaABAg,"I’m 63 years old, and I live in Pennsylvania. I remember cold, snowy winters all through my childhood and teenage years. We were always sled riding down the hilly street we lived on! The winters here have been so mild for the past three decades,  and we don’t really get much snow anymore.",,neutral,neutral,,neutral,neutral,Climate
UgwpHRlL7ZgOwuwTWbJ4AaABAg,"12:24 so model projections often overshoot what happens, and the models thought we'd hit super El Niño status by July.... except its mid June and the Super El Niño was confirmed today. Certainly a time for history books to be written about for a number of reasons",,positive,positive,,positive,positive,Climate
UgyhwYk2n4rjZ_3n3tZ4AaABAg,"It didn't snow where I live for 20 years, until recently, we've gotten snow 5 years in a row.

The PNW always feels the effects of these changes relatively significantly.",,positive,positive,,positive,positive,Climate
UgzhzFv1Vw7iONH44el4AaABAg,"Finally a climate change explanation which does not leave any room whatsoever for the simplistic argument of 'if it is global warming, why is it getting colder?' There is more energy in the system which gives rise to more extreme weather events within the scope of that climate.",,positive,positive,,positive,positive,Climate
UgzloPlJ9dBBQC-zQuV4AaABAg,"So fucked up that the world cares more about money than saving the planet we live on. 
IM TIRED 😩😩😩😩",,negative,negative,,negative,negative,Climate
UgxEMilo7jWtVU2oamR4AaABAg,"The real challenges,  denial!  The term you are looking for is **normalcy bias** (sometimes called the ostrich effect, though normalcy bias is the precise psychological term for disaster response).

It is a cognitive bias that causes people to underestimate both the likelihood of a disaster and its potential effects.",,positive,positive,,positive,positive,Climate
UgxVJtLA45l3JyJZDvd4AaABAg,"The most concerning thing about this is the fact that i've heard some scientists have said that once this super el nino comes, that will be the new normal, i dont really think this thing is going away, this might be the last year of normal weather and normal temperatures and i can only blame our stupidity for this, now we are going to be stuck in this era for a long time and possibly forever, my god what have we done that led us to this?!",,positive,positive,,positive,positive,Climate
UgyiU8jxX7ZfvGiim1x4AaABAg,"FACT: ""CLIMATE CHANGE"" IS FRAUD. CO2 EMISSIONS DON'T MATTER.",,neutral,neutral,,neutral,neutral,Climate
Ugy3mW6WAcLNRrsIcjZ4AaABAg,"""The Super Boy"" isn't doing it.  Severe heat, droughts, wildfires, and storms needs a better title. El Viejo Suduroso - The sweaty old man.",,positive,positive,,positive,positive,Climate
UgwDAfxPdT8tj3w1M3F4AaABAg,"I have lived my childhood in western India. Where monsoon comes in mid june. The seasons have shifted so much that literally that is no way of saying when it will come. Summer has become the main season, winter has gotten shorter to nearly nonexistent. Higher temperatures stays  for longer time of the day.",,positive,positive,,positive,positive,Climate
UgzFqyaMGoB8AY67xkp4AaABAg,Newton is hidden in plain sight til he leaves.,,negative,negative,,negative,negative,Climate
Ugwcc8QJ2Qax899yK6R4AaABAg,good info,,positive,positive,,positive,positive,Climate
UgwsEQBvAPsOTMxF4VJ4AaABAg,"We are inside a train rolling down the hill without bakes.
James Hansen predicted in Dec 2025 that we will reach 1.7 deg C already in 2027, and this is just the begining. I am a recognized multidisciplinary scientist and study this for decades. 
It is better to alert and tell the truth to people than to sugar coat it as most institutional scientists do and individuals will be caught by surprise and mass mortality spreads...sorry!",,positive,positive,,positive,positive,Climate
UgwO1EiR3-QO7skYJLl4AaABAg,"3:51 little bit of the Gold Coast, Australia making a random appearance!! lol",,negative,negative,,negative,negative,Climate
UgzHQh-jSucCQ9QMvat4AaABAg,"My brother worked with people in the climate fields. He spoke with a person who was developing floating hexagonal homes that could link together in groups. My brother said do you think people will really need these, and he said your kids might not need them, but your grandchildren definitely will.",,positive,positive,,positive,positive,Climate
UgwV0nMWRHy92GoOrXR4AaABAg,"In Nicaragua just started raining, when usually it starts raining at the beginning of May. So this is already an unusual year.",,neutral,neutral,,neutral,neutral,Climate
Ugyg2hU9U2nH5hfz3Il4AaABAg,"The global soverign debt crisis puts the West and East at loggerheads if only because war is the facile way out for the elites.  History tells us that we've passed the tipping point for WW3 by a mile.  War trumps climate every time.  ChatGPT agrees with me.  She thinks I'm a genius actually:  

'How do we get to ww3?'

Entrenched great-power confrontation under fiscal stress: Major powers are locked into zero-sum rivalries (Ukraine, Middle East, Taiwan) while simultaneously constrained by unsustainable sovereign debt, making leaders more prone to external conflict as a distraction, bargaining lever, or means of forcing economic realignment.

Debt-driven erosion of global order: The global sovereign debt crisis weakens institutions that once dampened conflict (IMF, World Bank, WTO), fuels austerity, social unrest, and nationalist politics, and increases the likelihood that states default politically before they default financially—by breaking rules, seizing assets, or resorting to force.

Technological and financial instability reinforcing escalation: Rapid militarization (AI, cyber, hypersonics) now interacts with fragile financial systems, where sanctions, reserve seizures, and currency weaponization turn economic crises into security crises, lowering the threshold at which financial collapse and military escalation merge into systemic war.

Nostromo:  So if you scientists can't enmesh your case atop the bullet points listed above it amounts to naught but another round of navel gazing.  Well somebody had to say it.  Pull finger",,neutral,neutral,,neutral,neutral,Climate
Ugx1jg4E6_9IaRXo0zJ4AaABAg,El Nino showed up to kickoff the amoc going away party,,neutral,neutral,,neutral,neutral,Climate
Ugyyq5l7LP2aqO5AYs94AaABAg,"Quick question, does El Niño also intensify hurricanes and tornadoes like it did in 2011 with the super outbreak?",,positive,positive,,positive,positive,Climate
Ugxkj382Drdj5HEBeOd4AaABAg,"I live in NYC last Thursday we had about 2 inches of rain in an hour or 2 and the city experienced flooding people died in their basement apartments.  They said this exact same thing on the news.  NYC wasn’t built for heavy rain fall but over the last 13 years or more we’ve been experiencing maybe not more rainfall but more rainfall in a short period of time. Causing subways to flood, tunnels to blood, below ground apartments etc…",,positive,positive,,positive,positive,Climate
UgxLAtJkhFH5CgWsxK94AaABAg,Why don't we try putting live Sargassum (from the Sargasso Sea) into the Pacific Ocean.,,positive,positive,,positive,positive,Climate
Ugx5B5GnFfVOqMpmGa54AaABAg,I live in Brisbane Australia. It is like living in a swamp right now. It has been raining frequently for the last 15 years. I don't mind a few dry months from el nino.  But one of our weather experts recently stated there is no guarantee that the rain will significantly decrease even if el nino is super.,,positive,positive,,positive,positive,Climate
UgxbCZplmc-L1yqFiEt4AaABAg,Here after the 2 week most intense heatwave Europe has ever faced....,,positive,positive,,positive,positive,Climate
UgwtvdW_0MT7kZLIH3Z4AaABAg,And will it be one rule for the 1% corporate companies which contributes to nearly all of emissions compared ordinary people why they evade paying carbon taxes,,neutral,neutral,,neutral,neutral,Climate
UgzczuJU6CVh3eSbJs94AaABAg,"In the US, a good demonstration of the reality of climate change is how the USDA Hardiness zones have changed over the years.",,positive,positive,,positive,positive,Climate
UgyLXbQsU5aoMQ31y4V4AaABAg,"Thanks Neil , a voice of reason in a world not prepared to listen until it's to late .",,neutral,neutral,,neutral,neutral,Climate
UgyNgySfZii65L1fZl54AaABAg,"That ain't an el niño, that's an el hombre.",,neutral,neutral,,neutral,neutral,Climate
Ugynw8mIPFydwwZlzql4AaABAg,271st post. Congrats🎉!,,neutral,neutral,,neutral,neutral,Climate
Ugx3DdDHG0SQ3WGnmiF4AaABAg,The key is sustainability.  This must be practiced by everyone on the planet and the sooner the better.,,positive,positive,,positive,positive,Climate
Ugx8CRKX6mQlVtCCSxR4AaABAg,"If you have seen the hockey stick then you know what is going to happen. Because the temp always follows the carbon. Side note, nuclear waste takes less time to clean (and you can bury it) than carbon does.",,neutral,neutral,,neutral,neutral,Climate
Ugz-JYZZs_ek5Pc81jp4AaABAg,aight fellas i have this gutfeeling that the 20s haven't been very great so far,,positive,positive,,positive,positive,Climate
UgwtpMfFbGs1QWpcYrJ4AaABAg,Its crazy how many once in a life moments we've had.,,neutral,neutral,,neutral,neutral,Climate
UgxDNnCHA6IIcWllJO94AaABAg,Thnak you for the update. We are cooked.,,neutral,neutral,,neutral,neutral,Climate
Ugyk9RvcK2KJ6SYl4Qx4AaABAg,I live in southern Germany at about 600m above sea level. As a kid our winters were cold and full of snow. We don't get to see snow anymore. We had bursts of high temperature in January this year to 16°C and the following week it was back to -6°C. It's fascinating and terrifying at the same time.,,neutral,neutral,,neutral,neutral,Climate
UgytOjCfQmgeud50L9h4AaABAg,"Herb, your 'big shrug' is the climate change meme for 2025 🙏",,neutral,neutral,,neutral,neutral,Climate
Ugz8yR-dbGFypLNAOM54AaABAg,"I'm Dutch, there is a famous tradition here that translates to ""the eleven city tour"". It was this major event take took place when our rivers froze over. A lot of people would ice-skate from city to city on those rivers as a part of this massive event. It has not happened in my entire life and i don't think it will. Luckily oil shareholders made profit in the meantime so that roughly evens out.",,positive,positive,,positive,positive,Climate
UgwvLgH_5WKYlwbublJ4AaABAg,A heartfelt thank you to the whole CEF team. I may have literally watched all your videos over the years and appreciate the no-nonsense approach. It helps those of us with our eyes open so much.,,positive,positive,,positive,positive,Climate
UgyKzGeJRJMZ_bEzbaZ4AaABAg,"Only paying a huge carbon tax can save us now.

At least that’s what the rich tell us while they fly around on private jets.",,positive,positive,,positive,positive,Climate
Ugwolp6IiGWEhOZbWwd4AaABAg,"""The whole world at your fingertips, the ocean at your door""

""20.000 years of this, 7 more to go""

- Bo Burnham, ""That Funny Feeling"", 2021",,positive,positive,,positive,positive,Climate
UgzqUWdSZbOG1I0oxKN4AaABAg,"Here in Switzerland it is kinda crazy. We still have snow and freezing cold temperatures in winter, but instead of months long periods, we suddenly have bursts of warmth and it can feel in January as if it is April for a week, only to then get back to winter.

Summer on the other side seems hotter and wetter, bushes and grass have to be cut back more and more and it can feel tropical sometimes. 

The last frightening point is the landslide risks in the Alps. More and more formerly stable mountain sides start to collapse as the permafrost that held them together before begins to thaw. 

It is our new normal and will take lots of effort and money to get used and deal with those new facts.",,neutral,neutral,,neutral,neutral,Climate
UgzfKYF3lTta3NAExoV4AaABAg,"The biggest problem will be food production. High food prices will lead to unrest, and war.",,positive,positive,,positive,positive,Climate
UgyV54Gn_k4vHvaBNe14AaABAg,"I lived in Phoenix for almost 30 years. When I first moved there, it was hot, but “winter” was 4 solid months of truly wonderful weather, enough to balance out the horrific summers. In 30 years that went down to 2.5 months and the summer peaks went up dramatically, with more days over 110 a record being broken year after year after year… needless to say I got out",,neutral,neutral,,neutral,neutral,Climate
UgwfbFNYCRQFiDB2CFh4AaABAg,"I was a member of the AGU until about 2010.  Many scientists were upset when fossil fuel interests were allowed to set up at the annual meeting.  The fracking boom was just beginning back then - it came down to $$ for the organization, I think, and for many of its member scientists. Many geologists went to work for them in my state, in fact. But it's nice to see that interest was back up at AGU.  Better late then never, I suppose.",,positive,positive,,positive,positive,Climate
Ugx6ndjqrMZcwWEUuNt4AaABAg,"I’m just a kid man, I don’t wanna grow up in a future where I can’t be healthy, I just wanna have a good future.",,positive,positive,,positive,positive,Climate
Ugzs-Csd5fDzu5EAUS94AaABAg,"I think we’ve entered a time where the effective explanation of man-made climate change is secondary to the most important question of our time: how do you appeal to willful ignorance?
The message is ineffective when people are unable or unwilling to understand it.",,positive,positive,,positive,positive,Climate
Ugz2hMzORHNOSnIGELB4AaABAg,the world when it's our turn to be adults 😂🤣,,neutral,neutral,,neutral,neutral,Climate
UgzOZV8jwLgkFDQevu94AaABAg,"I'm glad that you explain things in such an approachable way. It's who you are on a fundamental level. 
I'm sad that there is a large number of people that don't care.",,positive,positive,,positive,positive,Climate
UgwAPN9-kYpIHbyJQi54AaABAg,This will likely cause 2027 to be the hottest year ever recorded.,,neutral,neutral,,neutral,neutral,Climate
UgygVtxJbXx04p20Ut14AaABAg,I'm sure corporations aren't going to take the opportunity to raise prices and transfer more wealth to the top,,positive,positive,,positive,positive,Climate
UgwAeBKXvLF3c4QGxWR4AaABAg,"Here around San Francisco, we had a lovely warm-not-hot summer after a lovely rainy winter. I was counting on that continuing …",,positive,positive,,positive,positive,Climate
UgwprDCoZYlIxqkcc4d4AaABAg,"I'm watching this video from Nicaragua, where we just recently experienced some of the highest recorded temperatures in our history. The temperature rose as high as 40 degrees Celsius in our capital city, which was very much unprecedented.

We were supposed to be at the end of our summer, when typically rain starts in the month of May, but we didn't get a single drop of rain the whole month. We only got a bit of rain because of Hurricane Cristina, which we're currently experiencing. That hurricane also went ahead and pretty much flooded all of our Pacific beachfront towns.

It's not a great feeling, what we've had in Nicaragua: going from a scorching hot hell to floods.",,positive,positive,,positive,positive,Climate
UgxUDkKC9k-pCfwNeRJ4AaABAg,"Peter, in unison with James Hansen, Johan  Rockström, and Antonio Guterres are some of  the climate experts with more bold courage to publically tell the truth about the catastrophic path we are heading into. See my recent post-commentary on extreme risk or derrailment assessment in climate change",,positive,positive,,positive,positive,Climate
UgwFLmhoE9M3jM3-Ypl4AaABAg,doomsday is close,,neutral,neutral,,neutral,neutral,Climate
UgxUkl0_F4wEKtxPe-94AaABAg,"Literally every single person on Earth needs to sit down and watch this, maybe even twice. This is what is important, TO US ALL",,positive,positive,,positive,positive,Climate
UgyR-858SOEPcxL7Uzp4AaABAg,"Dr Carl Sagan would be having a field day right now about global warming.

He warned us many, many years ago about it too.",,positive,positive,,positive,positive,Climate
UgyZ-o1c6JXDe7aKbK14AaABAg,Music is good!!! 😂,,positive,positive,,positive,positive,Climate
UgymHtWkwr7GmWokfUJ4AaABAg,One thing sure we should quit all these horrible wars and focus on storing food and how to transport them to areas that are going to be in need.,,negative,negative,,negative,negative,Climate
UgzDy1Rn0DaqXDZ6_pB4AaABAg,"We need to start talking about preserving our way of life as scientifically literate, reality-based humans.  Things are about to get rough.",,negative,negative,,negative,negative,Climate
UgxcTSg-lj9gtpfRkEd4AaABAg,"Can't really say I ""enjoyed"" this video, per se, but it was super informative and I appreciate how digestible you've made all this anxiety inducing information. Keep up the great work!",,positive,positive,,positive,positive,Climate
UgxbI3psth5NHfbPjIp4AaABAg,I am finding no young social media influencers discussing this topic. Action lies in the youth population.,,neutral,neutral,,neutral,neutral,Climate
UgyIshJCyE2l9416DKF4AaABAg,"6:24 ""We are broadening the climactic experience that anyone has ever seen"" :)",,positive,positive,,positive,positive,Climate
Ugztf3lPTHZer1gletB4AaABAg,"I live in Maharashtra, India, one of the places in India that receives very high rainfall from the mid of May every year.
Today is June 9th, and we haven't had a single drop of rain so far this year. Things will be really bad this year.",,negative,negative,,negative,negative,Climate
UgxT30rQEu4l7IrfLSF4AaABAg,"""The bourgeoisie might blast and ruin its own world before it leaves the stage of history.""- Buenaventura Durruti",,positive,positive,,positive,positive,Climate
UgzGHcPad0tz0Hy9PUZ4AaABAg,"I love the way you bring science to life. Perspective was exactly what I wanted and received, thank you. Its passed due we talk about weather change as a fact💯❤️",,positive,positive,,positive,positive,Climate
UgxfkxbS-ykpFN9ytgN4AaABAg,"If you think the global heating situation is ever going to get better, think again.  Every city in the world is dealing with some aspect if this: EVERY ONE.  

More than fifty years ago, it was time to wake up, but somehow the world is still asleep.",,positive,positive,,positive,positive,Climate
Ugz-WOFHQj9igCQN5ax4AaABAg,"We need to elect sane leadership, people that believe in facts and science. A true leader that hires the best in their fields and empowers them.",,positive,positive,,positive,positive,Climate
UgwIcXwJys1PY0ygA394AaABAg,I love how each passing year is significantly worse than the year before.,,neutral,neutral,,neutral,neutral,Climate
Ugw0enFM5zcH2eq_5Hl4AaABAg,Fermi paradox speedrun any% sub 2100,,neutral,neutral,,neutral,neutral,Climate
UgxRjQhgfs4xzE2muZR4AaABAg,i'm still mad this isn't what everyone is talking about.,,negative,negative,,negative,negative,Climate
UgwhxBh35YzLlYwg8U14AaABAg,"It is so sad. We knew in the 1970's everything we needed to know to keep the planet a good place for us to live.  I have always felt that was our last good chance to choose a different economy, one that was not based on blind growth at any cost.",,positive,positive,,positive,positive,Climate
UgxbXTif96h66dfXCet4AaABAg,"This is something that every human being should be pushing and speaking about EVERYDAY and like putting an effort to help the planet . Nobody cares earth does not have enough attention for the world . Until cities start flooding and food isn’t available and people start climate migrating people will listen, and by then it will be too late",,neutral,neutral,,neutral,neutral,Climate
Ugx0WlDURnu3H0kdH5t4AaABAg,"The proverb ""may you live in interesting times"" keeps coming to my mind what with a new once in a [very long time] event happening every year.",,positive,positive,,positive,positive,Climate
UgzGHLLQVmB6mOw6gXx4AaABAg,So you’re telling me the switch to papers straws didn’t work?,,neutral,neutral,,neutral,neutral,Climate
UgyrFH2lCDLKYIYwuhl4AaABAg,Earth: Brand New Day,,positive,positive,,positive,positive,Climate
UgzgtrRaAVuux_q83dZ4AaABAg,I blame climate change deniers for this!,,neutral,neutral,,neutral,neutral,Climate
UgwDOcL7fU8HnDDIX0l4AaABAg,Thanks.,,positive,positive,,positive,positive,Climate
UgzlYGU-zjolNp29yPl4AaABAg,"The intersection of climate change with stuff I know from elsewhere has been a problem since the hockey stick times.  The rough way to say it is that climate change lacks peer review, in that it's peer reviewed by other climate scientists rather than experts on the tools they use.  My two conflicts with stuff known from elsewhere have always been:

1. You can’t solve the Navier Stokes equations, which govern fluid flow. In 2D, flows go to larger and larger scales, and there’s no problem with numerical calculations. In 3D, flows go to shorter and shorter scales, and no numerical calculation can do the physics because the grid size is always too coarse no matter how fine it is. (The mechanism is that in 3D, vortices can kink and break up, which they cannot do in 2D. Those fine scale flows result in feed back on larger scale flows by way of constituting a change in viscosity – transport of x momentum in the y direction etc. – on the large scale flows. Actually a tensor, not a scalar)
So every calculation includes a term “effective viscosity” which does not appear in the Navier Stokes equation, and at that point stops doing physics. So no calculation is possible.

Weather forecasts are good for two or three days, which is how long it takes large scale vortices to kink. After that they’re no good.

2. You can’t say any historical change in temperature isn’t part of a long cycle and not a trend. A long cycle can’t be man-caused, a trend might be. The mathematical mechanism is that the linear system you have to solve to distinguish long cycles from trends develops eigenvalues of about 10 to the 30th power, which instantly multiplies any noise in the measurements and swamps the effort to distinguish. You need data that’s not shorter than the cycles that you want to eliminate, called the uncertainty principle in math (and quantum mechanics which has the same math but not other relation).

So there are no models and no data in support of man-caused global warming, in principle.",,positive,positive,,positive,positive,Climate
UgyRwM4Akrro7Pr7KHt4AaABAg,Aloha from Hawai'i.... I just subscribed to channel and look forward to learning more of reasoning why change is happening.  May you all be well wherever you go.,,positive,positive,,positive,positive,Climate
UgxWzJoCfGcMPJagS714AaABAg,"Not only is it warm enough, in the south of England, to grow grapes and ferment them in the Champagne style, but the rocks on both sides of the English Channel are the same, so we have the same terroir. England, now, has weather similar to 19th Century France, when the cru system for wines was developed. We also have more storms than ever before!",,positive,positive,,positive,positive,Climate
UgwlOY0Q8bjV-oFYBTl4AaABAg,"I am from a country in the Pacific. Before we only have up to Signal No. 4 for storms. Now its up to Signal No. 5 the bad thing about it is we are not even a big carbon emitter but we always have the strongest storms every year . And its serious. Its killing infrastructure, and lives.",,negative,negative,,negative,negative,Climate
UgzJu0gYHEeoLr0P1pR4AaABAg,"Great video! Maybe a video topic is how the military is not (fully) factored in the climate change models because they don't have to provide the data, but is indeed a huge polluter. This will worsen when (not if) geopolitics get even worse",,positive,positive,,positive,positive,Climate
UgyVTN1Vc_GpfUpqJWV4AaABAg,I am 72. Weather in winter rarely includes snow or ice events compared to the 50s and 60s. It is astounding to hear our current U.S. leaders deny climate change.,,positive,positive,,positive,positive,Climate
UgyrGxGkLsTgPJxC1ZF4AaABAg,Well this aged well,,negative,negative,,negative,negative,Climate
UgynHeKR0HTTJi9jL5x4AaABAg,Well it's been a fun ride,,positive,positive,,positive,positive,Climate
UgyM0RuV2q7JAq_gSlV4AaABAg,"In other words, sustainable economy",,negative,negative,,negative,negative,Climate
UgzGBWTLJlWNJDq-z1R4AaABAg,"The decisores makers are doing whst it have tô be doing ... I don""t know what is The answer but The drcisoon makers are not hoing in The way whst it us hoing to solve The problem",,neutral,neutral,,neutral,neutral,Climate
Ugx3C0HdKjUwmzXqTX14AaABAg,But the human influenced climate change is a myth….,,neutral,neutral,,neutral,neutral,Climate
UgxFS6dJ5mx-_iouma14AaABAg,"I'm a truck driver in America, and the wind (standard, gust and surge) is threatening the transportation of goods. I used to believe that it was due to the gradual removal of 'dust bowl' era trees, but the amount of blow-overs across the nation shows that the surface wind pressure is increasing aggressively. As Tolkien wrote, the world is changed <Treebeard>",,negative,negative,,negative,negative,Climate
UgzFUHNDaqNi-Mn6on94AaABAg,"As a millennial, I would formally like to petition the universe to please stop making me experience a ""once in a lifetime event"" every few months. Thank you.",,negative,negative,,negative,negative,Climate
UgyAJByXx_gJDAVoNvh4AaABAg,It makes me sad that the people who need to understand these things the most wont even listen at all. We love you Neil.,,positive,positive,,positive,positive,Climate
UgwxA0ASUqDpRv9o8IN4AaABAg,I'm sitting on a runaway train with a cat on my lap and wondering how fast we're accelerating now.,,positive,positive,,positive,positive,Climate
Ugygrb_HwnZDkqo0HXJ4AaABAg,one thing I've noticed in Denmark is that our winters with full day frosts and cold snowy days are practically gone. we barely have a month collectively anymore with night frosts. I remember as a kid having snow days and minus degrees (Celsius) in the middle of the day. This year so far I haven't seen a single full day frost. D:,,neutral,neutral,,neutral,neutral,Climate
UgztjbwEWFs1HtsUjzZ4AaABAg,"I proposed some modifications in my previous company that would reduce emissions while being profitable.  (By that I mean the investment to install the equipment would be recovered by the equipment themselves.)  The company refused to act and instead focused on a more polluting path.  The company is tiny so my failure is not that bad, but if there are a million more failures like that around the world?  There is no way global warming would be stopped.",,negative,negative,,negative,negative,Climate
UgzJXXs6t1ZVqibe4l54AaABAg,Its all gonna get solved. We just need more data centers.,,positive,positive,,positive,positive,Climate
UgwVcjww_yLSnUuADqp4AaABAg,My family comes from Peru. They have been dealing with El Niño events for thousands of years and people of native descent tell stories about El Niño events that happen once every several hundred years that are truly devastating. Supposedly in the mid 500s there was an El Niño so bad it triggered 30 years of droughts and this has been semi-confirmed by ice core samples from glaciers.,,negative,negative,,negative,negative,Climate
UgxsAEgpSpf5wsG8P8J4AaABAg,Climate change will be the least of our problems very soon,,neutral,neutral,,neutral,neutral,Climate
UgzBssEWHTk2m0BJoft4AaABAg,"Australia here, Literally just had some of the worst rains in recent memory with more to come.",,negative,negative,,negative,negative,Climate
UgyMaJ13iasdq9Hxoal4AaABAg,"I love that in the U.S., we’re ruled by people who won’t live long enough to be bothered by climate change.",,positive,positive,,positive,positive,Climate
UgwpmYtdfcE5nOJEaT14AaABAg,"The thing that's so messed up is that if this video on the *literal* looming apocalypse drew the same attention as Will Smith slapping someone at the Oscars, we wouldn't be in this mess to begin with.",,negative,negative,,negative,negative,Climate
UgyhvkrJ-WEsQeTcomR4AaABAg,Wisconsin got so warm this year around 50 + degrees. Warm enough to go out in shorts. I don't remember winter being this warm in the 90s as a kid growing up.,,positive,positive,,positive,positive,Climate
UgxPk3D9k9QxeaKxfuN4AaABAg,So we can expect widespread droughts at the same time that global fertilizer availability has dropped significantly due to the war in Iran. Fantastic,,positive,positive,,positive,positive,Climate
UgwBlUi49UWuYE2P4I54AaABAg,"Supporting the status quo is not moderate. Defending the existence of the ultra rich and of corporations is not moderate. It is not moderate to say, ""Well the planet devouring demon is already here, our only choice is to figure out how to regulate it."" When the people in power are actively enabling the destruction of the planet, defending their existence is fanatical. It's beyond radical, it's just insane. Revolution is the moderate option. Self defense is the moderate option.",,negative,negative,,negative,negative,Climate
Ugy6OcTiFBAomKpnCid4AaABAg,Thank you for the update!,,neutral,neutral,,neutral,neutral,Climate
Ugy34yfdoX0HH0kYliR4AaABAg,"Oh no, what will we do?
A weather cycle we have lived with since the stone age. 
But now we are supposed to fear this natural cycle.",,positive,positive,,positive,positive,Climate
UgyVtlqnK-r12rawfpd4AaABAg,After economic disaster now we get El Nino? What a great time to live,,positive,positive,,positive,positive,Climate
UgxF_wjolJRqT50D9jJ4AaABAg,I've noticed in the UK over the last 30 years that the winters have become more mild. We get snow but it doesn't hang around all that long like it used to do in the 80s/90s. Just an observation.,,positive,positive,,positive,positive,Climate
UgywQxRKtxQh2gv8Vhx4AaABAg,"How bleak, that the scope of the changes necessary are so far outside of the capabilities of the everyday person. Most people in the world are just trying to survive day to day with what they have.",,negative,negative,,negative,negative,Climate
Ugw9LfBCXzbtFPJZEiZ4AaABAg,"I served in the USCG and was a plankowner of Healy, the medium science ice breaker. During her shakedown cruise in '00 we made the Northwest Passage lickety split. Without much ice except north of Barrow. The scientists and the officers (all combined probably over a century or more of experience in the ice) were astonished, then morose when the realization set it. I knew beforehand what was happening, that trip crystalized it.",,positive,positive,,positive,positive,Climate
Ugykm54i2d840RaCtgN4AaABAg,"I was attempting to say this. To a pal...and I am in Michigan on the west coast. I said. ""we could get twenty feet of snow"". They said, ""what are you talking about"" I said, ""people would get hurt in that event because we have no way to imagine it. So I did not do very well. Now I can use this!
Thanks Neil.",,positive,positive,,positive,positive,Climate
Ugz38HISMxl4VY5pk094AaABAg,Did you think in write a book anout The Climate Forum Expetience in The Last two  or three uears?,,neutral,neutral,,neutral,neutral,Climate
UgwDNqvoVdIOWMFmc9x4AaABAg,I love how people act like 140 years is a long time when it comes to stuff like this lol,,positive,positive,,positive,positive,Climate
UgyyHF4uLAZ1Pluh_Td4AaABAg,"The last few years on Japan it's felt like we've had about 3 autumns and 2 springs. The plants are so confused. Leaves are browning and falling in May, September, December.... it's very odd.",,negative,negative,,negative,negative,Climate
Ugzi2O8Sgl5pygiLaoV4AaABAg,If it’s now or never it’ll be never. If you put pressure on politicians they’ll pass a resolution to debate whether or not they should think about doing literally anything.,,neutral,neutral,,neutral,neutral,Climate
UgwW-3g1m68UjhrstgR4AaABAg,Open the Greenland Voids!!!! 😮,,neutral,neutral,,neutral,neutral,Climate
UgzrQQs3W_V4fV4P_RV4AaABAg,Peru already stopped all anchovy fishing. And Lima's weather is like summer,,neutral,neutral,,neutral,neutral,Climate
UgyaP7_8ZmNxTOwp61N4AaABAg,02:15 really caught off guard by that cameo 🤣,,positive,positive,,positive,positive,Climate
UgyXheXT23veqmkQmM54AaABAg,The main problrm is that we were not abre tô stop fóssil fuel using,,positive,positive,,positive,positive,Climate
Ugxy40n8lThIbzA5sE94AaABAg,5:38 The LA River appears in so many movies. My favorite is Grease.,,positive,positive,,positive,positive,Climate
UgyF5C5IBtaH9AY1nl94AaABAg,They should build data centers next trash dumps so they can use the methane from the trash decomposing for power. If they must build them,,neutral,neutral,,neutral,neutral,Climate
UgybH6wrZgjee-siNOB4AaABAg,How can we stop accidentally  using AI when we use our  computers?,,neutral,neutral,,neutral,neutral,Climate
Ugy268IpFKtpvAnZKyl4AaABAg,"Thanks guys! Very much looking forward to the Global Methane Budget review that Paul mentioned. With its short 12yr. atmospheric lifespan, lowering methane emissions may be the most viable way to slow global warming, or at least bide time  while sorting out CO2 , N20, issues. Here's my two cents...Lower your methane hoofprint, Go Vegan/plant based!!",,neutral,neutral,,neutral,neutral,Climate
UgxKzqiqOEqWsm5F82h4AaABAg,Very important news!,,positive,positive,,positive,positive,Climate
UgyCfTEsAqPdZ0st7eF4AaABAg,the UN and the government should support and assist in the production of renewable energy because rich nations only can afford this sort of innovation,,positive,positive,,positive,positive,Climate
Ugwze6D6bwmkWG3SxD54AaABAg,"Want to restore the planet’s ecosystems and see your impact in monthly videos? The first 100 people to join Planet Wild with our code ASTRUM6 will get the first month for free: https://planetwild.com/r/astrumearth/join/6
If you want to get to know them better first, check out their mission about the biggest wildlife corridor: https://planetwild.com/r/astrumearth/m37/6

UPDATE: Just two days after we dropped this video, NOAA officially confirmed the arrival of El Niño. It is currently strengthening and remains on track to become a ""Super El Niño"", matching earlier predictions. 
Read more here: https://www.noaa.gov/news-release/el-nino-forms-expected-to-strengthen-say-noaa-forecasters",,positive,positive,,positive,positive,Climate
Ugwf5yP1BWjRXmIoV7p4AaABAg,In Germany we have the driest winter since 1881!,,neutral,neutral,,neutral,neutral,Climate
UgysK_uELWLKDFKyeRl4AaABAg,"Absolutely zero chance of reaching peak emissions in the next 3 years, unfortunately.",,negative,negative,,negative,negative,Climate
UgzmUAEYWiX_XsNKlaR4AaABAg,"So in other words all our ""efforts"" to protect the planet arent working and since we wanna fa...we gonna fo",,negative,negative,,negative,negative,Climate
UgzQmpfCezuHCGKGLLx4AaABAg,"I live in Johannesburg, South Africa, which is around 1700m above seal level. According to almost everyone I know, this has been the most humid summer we have ever had. And it shows in the plants and insects (we have mosquito's from Asia here this summer that we have never had before).",,positive,positive,,positive,positive,Climate
UgzP-0Ho29J1REl3ENB4AaABAg,Don't apologize for the high rate of information...it was necessary.,,positive,positive,,positive,positive,Climate
UgyzkuDlv5W4vQQhpG94AaABAg,You men are so intelligent and so well spoken. It's such a shame people seem to want to be entertained more than infomed. Thank you for all your work. 🕊️,,positive,positive,,positive,positive,Climate
UgxgNivT7hy2jONG_tN4AaABAg,Bruh were getting Super El Niño before GTA VI,,positive,positive,,positive,positive,Climate
UgwV6RzDK-n3L8dzJWl4AaABAg,Aye watch out for them prof graphic designers (tricky types),,neutral,neutral,,neutral,neutral,Climate
UgwxFStZRBjekZmdkZB4AaABAg,"“The best time to plant a fruit tree is 20 years ago. The second best time is right now.” Gardeners and farmers paying close attention. We have to start planting and protecting species and developing varieties that suit our FUTURE local growing conditions, with hardiness at both ends of the thermometer…",,positive,positive,,positive,positive,Climate
UgwcEqcXm9wccW9rSyB4AaABAg,"~Thank you for your continued concerns for the earth & all the combined issues on climate.
~People need to care about this,  but also need to have relevant ways to be involved in positive ways. Finding creative ways to have positive impacts might seem daunting to most.",,positive,positive,,positive,positive,Climate
Ugz_ZRkr0xrwMSNyGj94AaABAg,THE MOST UNPREDICTABLE WINNER EVER,positive,,positive,neutral,,positive,Eurovision
Ugz4MVMA9uw54hnIkQB4AaABAg,"It feels good to see a country win for the 1st time
Congratulations Bulgaria 🇧🇬",positive,,positive,positive,,positive,Eurovision
UgybRTHk7fT6-F96mGN4AaABAg,"It doesn’t feel like live performance, It looks like a music video… absolutely incredible.",positive,,negative,positive,,positive,Eurovision
UgxaIfokmeYfvW7nY254AaABAg,People forget this is actually a LIVE performance! The staging is absolutely insane!!,negative,,positive,positive,,positive,Eurovision
UgwtROvmsWceG9gbbnp4AaABAg,The fact she won both Jury and tele vote. Slay queen!,positive,,neutral,positive,,positive,Eurovision
UgysBGAsnu9eVaFM-eZ4AaABAg,"Finally a good use of dancers, they actually feel like performers here instead of just dancers jamming in the background.",positive,,neutral,positive,,positive,Eurovision
Ugyr1jS687Y-IJH3el14AaABAg,"After watching it for the 100th time I can say that I know why they won. They really presented something original and well done: very theatrical, the choreography, the gestures, the faces, the masks, the chairs, the lights, the lyrics, the message, the subtleties. Really fascinating! Congratulations!",positive,,positive,positive,,positive,Eurovision
UgxxqYJpEPXR4JYoejp4AaABAg,"This performance says ""I've already won, you just don't know it yet""",positive,,positive,positive,,positive,Eurovision
UgxPjEvCc-Kl0htVt4J4AaABAg,"The biggest dark horse in Eurovision history. Welcome Sofia 2027, and well done Bulgaria!! 🇧🇬",positive,,positive,positive,,positive,Eurovision
UgyjSRkMxfQqmqBCIP14AaABAg,"Credit to the dancers as well, they were amazing",positive,,positive,positive,,positive,Eurovision
Ugxe0IWVebkIS5L7RcR4AaABAg,"1st listen: meh
10th listen: its okay
20th listen: BANGARANGARAN!",positive,,neutral,positive,,positive,Eurovision
Ugz3eRtwINaTQwHELZ14AaABAg,"Admit it, you'd never have thought that this song would win",positive,,,negative,,positive,Eurovision
UgwLWovttaq9Gx9EqKB4AaABAg,The fact that Bulgaria left Eurovision for three years and came back victorious makes it 10 times crazier!!!,negative,,,positive,,negative,Eurovision
Ugy5P0bcr7FcvFRyOO54AaABAg,"I’m not the biggest fan of the song but you have to admit the staging, choreography, and her vocals being good despite her dancing was incredible. She is a natural performer. Congrats Bulgaria!",positive,,,positive,,positive,Eurovision
UgwoeJ8dNS06b09v7ox4AaABAg,"One of the bosses at the company I work for is Bulgarian and a huge Eurovision fan. She gave us a days holiday when they won. Thank you, Dara ❤️",positive,,,positive,,positive,Eurovision
UgzQGCwDHaPnoxfwiM14AaABAg,This doesn’t feel like a live performance… it feels like a cinematic experience. Bulgaria absolutely nailed it.,positive,,,positive,,positive,Eurovision
UgxbvxQDZO6QnC9c58V4AaABAg,"FINALLY! BALKANS WIN! Finally win a country without money and budget!!! Clear winner, congratulations to Bulgaria!",positive,,,positive,,positive,Eurovision
UgwuuzyI56FwZB1EHiR4AaABAg,Ive never cheered this much for Bulgaria to win anything.,positive,,,positive,,positive,Eurovision
UgyZ7xDeYv7iGqB82wR4AaABAg,"Hi dear people! 2 months after our diva DARA won Eurovision 🏆!!!! This was a crazy moment for my country Bulgaria 🇧🇬 and for me of course, because i'm a very big fan of Eurovision since 10 years!!! For the first time Bulgaria won something big competition in the World 🌎!!! I use this comment to say thank you to everyone for congrats my country and our queen winning Eurovision!!!  I love you all here!!!!❤❤❤ I invite everyone to come in Bulgaria 🇧🇬 for next year!!! I hope we Bulgarians to make best Eurovision ever!!!! Welcome all to Bulgaria 🇧🇬!!! Best wishes from me,Andi!!!❤❤❤",positive,,,positive,,positive,Eurovision
UgwjreByLjWvzaQ87uN4AaABAg,"That performance was incredible. It felt like watching a complete, professionally produced video song live.",positive,,,positive,,positive,Eurovision
Ugx4YnLjl4El8WB-TtJ4AaABAg,"When you think of it, she might be the one that relied the least on this huge stage. She shrank it down to a ""room"", like a random waiting room in a office building, worked in it, and just at the very end, she used a bit of the entire stage. She actually played with the camera and engaged directly with the audience, pulling us in that ""room"" and her song. Really, it gave a mid 00's MTV video feel, in the best way possible. Bravo Dara, congrats!",positive,,,positive,,positive,Eurovision
UgwfMqIVd6z622IUQqF4AaABAg,The fact that they were able to create a music video feel during a live performance is mind blowing.,positive,,,positive,,positive,Eurovision
Ugwcj6yJS1AznKrwuUx4AaABAg,This is a masterclass in how to win the Eurovision,positive,,,positive,,positive,Eurovision
UgxpOI8WRwLnoGd148d4AaABAg,"Loved how everyone underestimated her... 

That she is the right choice to represented Bulgaria.
That she might not qualify.
That she might not get into Top 10
That there is no chance to win.

And then she casually came, brought the arena roof down, took all that jury  and televote points, totally turned over the table (and chairs😅), took the trophy and fly back to Bulgaria, leaving everyone in complete shock!

Isn't that quite the journey and story of this year ESC

I am so happy with this win!
That's how Eurovision should be..unpredictable, enjoyable, charging with positive energy!",positive,,,positive,,positive,Eurovision
Ugx8_nSD6DmHCYQrEuB4AaABAg,The cinematography of this performance is just perfect. It balances the chaos of the song in just the right way. Well done.,positive,,,positive,,positive,Eurovision
UgyjkESqXd4khFODfgJ4AaABAg,"Win or lose, his mom is going to be so proud of him",positive,,,positive,,positive,Eurovision
Ugy82HzjcRxCtwwK31Z4AaABAg,"Akylas, the juries did you dirty… You managed to reach the top 6 in the televote and 10th place overall. And you know what? That’s okay.
Because we loved your song, we loved your personality, we loved your positive aura. Be proud of yourself, because we are very proud of you.❤❤",positive,,,positive,,positive,Eurovision
UgzGrcEi0c5w_qBk_xh4AaABAg,"From what I've noticed, I think he's the one who had the most fun out of all the contestants. He just exudes joy and relaxation.😂🎉",positive,,,positive,,positive,Eurovision
UgwNFELAbDs3_oIwj9J4AaABAg,Thank u so much for everything Europe ❤️ I love u,positive,,,positive,,positive,Eurovision
UgzLKygAyDRlP5QpobJ4AaABAg,"Some win, others become legends",positive,,,positive,,positive,Eurovision
Ugwyu1y2JnZmTM71IC14AaABAg,"He is a good person, you can see that.
Watch the video when Dara won the way he was dancing in the background without any jealousy, genuinely happy for someone else’s success.
Great things are still ahead of him.
Greetings from Serbia.❤️🇷🇸🇬🇷",positive,,,positive,,positive,Eurovision
UgzzEQNIZeHIUQZCkwR4AaABAg,"Dear Greece, we both lost so we can stop fighting now🥲 Let’s be friends again 🇫🇮🤝🇬🇷",negative,,,positive,,negative,Eurovision
UgwgAH6f8cFsgpwf7-54AaABAg,"My family cannot stop laughing during all the performance, they say he could perfectly be part of us Spaniards. It’s time for Greece’s victory after 21 years. Wishing the best of luck and sending lots of love from Spain, dear Greece 🇬🇷❤️🇪🇸 OPA ELLADA!!!",positive,,,positive,,positive,Eurovision
Ugz6pAOhSOY7pUhT1PR4AaABAg,12 points from all Europeans voters!!! 🎉🎉🎉,positive,,,positive,,positive,Eurovision
UgxIjDucWZu28FqNugp4AaABAg,#NAME?,neutral,,,positive,,neutral,Eurovision
UgybrbRbQT02sQ-Fjt14AaABAg,"This is a perfect Eurovision song. Catchy, sang in the artist’s native language, with a well-executed entertaining performance and a deep meaning hidden behind all the fun? 
I’m happy Akylas is top-10, but he deserved much more.",positive,,,positive,,positive,Eurovision
UgxJ4UDYfmbdPbKXPOJ4AaABAg,"*Just a few months ago, Akylas was performing as a street musician, chasing a dream with nothing but talent, perseverance, and belief in himself.*

*Today, Europe has the opportunity to crown him as a winner and send a powerful message to every young person across the continent: that even in the difficult times we live in, hard work, dedication, and self-confidence can still turn dreams into reality.*

Let Europe gather next year under the Greek sky, beside the sea, with unforgettable music, incredible culture, amazing cuisine, and the warmest welcome imaginable.

*This is bigger than a song.*
*This is a story of hope.*
*Bring Eurovision to Greece, bring it back to the Balkans!!* 🇬🇷",positive,,positive,positive,,positive,Eurovision
Ugz28PTlQpsLZuODffR4AaABAg,12 points for Greece from Poland 🇵🇱 my favorite🤩🥰,positive,,positive,positive,,positive,Eurovision
UgwT4yzqbmufiRMAzG94AaABAg,I was so happy that my country gave the brothers 12 points 🇷🇸🇬🇷,positive,,positive,positive,,positive,Eurovision
UgwgPMI2cdfCALrASfJ4AaABAg,12 points from Germany.  My winner,positive,,positive,positive,,positive,Eurovision
UgzykBzfgo9J1VBMdbV4AaABAg,AKYLAS BECAME ONE MORE CELEBRITY IN THE EUROVISION HALL OF FAME,positive,,negative,positive,,positive,Eurovision
UgzTIBhIGbrlfbtSiUF4AaABAg,Serbian jury awarded 12 points 🇷🇸♥️🇬🇷,positive,,positive,positive,,positive,Eurovision
UgxR4wKZAF59f9uHQAV4AaABAg,"12 points from Bosnia 🇧🇦🤍🇬🇷 As catchy, upbeat, and positive as the song is, it’s also emotionally heavy. Reading the translated lyrics gave me goosebumps. Go for the win! 🇬🇷🥹",positive,,positive,positive,,positive,Eurovision
UgxG7X5X1LYfPvLsv_p4AaABAg,"My vote for Greece from Georgia. Akylas is unbelievably brilliant. Wishing you victory, Greeks!💙💙🫶",positive,,positive,positive,,positive,Eurovision
Ugww6cYaOIaK2JFkE0l4AaABAg,12 Points Like BUTTON! Winner 2026 Thats Real ESC Music!,positive,,positive,positive,,positive,Eurovision
Ugxj-1M-JH_ROPcKHz14AaABAg,"GREECE IS MY FAVORITE COUNTRY IN EUROVION, EVERYTHING THEY SEND IS AMAZING 🇬🇷❤️🇮🇹",positive,,positive,positive,,positive,Eurovision
UgyBH2MRL38LW-n96IZ4AaABAg,Respect from Armenia to Greece,positive,,positive,positive,,positive,Eurovision
UgyoUunrUsAqk00A7t54AaABAg,12 points from USA 🇺🇸 <3,positive,,positive,positive,,positive,Eurovision
UgxIhT-6WGhdG1E7ZoR4AaABAg,12 points from United Kingdom my favourite,positive,,positive,positive,,positive,Eurovision
UgxFZVaVnv-0MIPAhWl4AaABAg,I am so prouf of our jury 🇷🇸♥️🇬🇷,positive,,positive,positive,,positive,Eurovision
UgyMANd16xS_zD7Rkwt4AaABAg,"The international collab we've never expected, this will go down as a historical moment 🇲🇦x🇩🇿x🇬🇧x🇫🇷x🇮🇹x🇪🇦x🇸🇳",neutral,,,positive,,neutral,Eurovision
UgxcGqeiHkAki8MPtS94AaABAg,Anyone in June 2026 ?,neutral,,,positive,,neutral,Eurovision
UgyMvQXxyAzL7xdrZ994AaABAg,"00:27 Rondo🇮🇹
00:54 Baby🇮🇹
1:20 Cee🏴󠁧󠁢󠁥󠁮󠁧󠁿
1:47 A2Anti🏴󠁧󠁢󠁥󠁮󠁧󠁿
2:12 Morad🇪🇸
2:39 Beny Jr🇪🇸
3:07 Ashe 22🇫🇷
3:33 Freeze🇫🇷",neutral,,,neutral,,neutral,Eurovision
UgxhtxvCZbWvKYcq1RF4AaABAg,Anyone During this world cup 2026?😊😊,positive,,,neutral,,neutral,Eurovision
UgyFLjOgwzM2xvGRddB4AaABAg,"I HAVE NO WORDS TO EXPLAIM HOW GOOD THIS IS, WHAT A JOINT THAT ALL, I'LL NEVER GET TIRED OF LISTENING TO IT.😍🇲🇦🇩🇿🇬🇧🇫🇷🇮🇹🇪🇦🇸🇳",positive,,positive,positive,,positive,Eurovision
UgxONsL5HPFXBNRkHbh4AaABAg,"I am spanish but RONDO it's the best part, it's just amazing how he starts🔥🔥🔥",positive,,positive,positive,,positive,Eurovision
UgwkiB6olmpe99oQCJJ4AaABAg,"4 years later, yet we haven't been any closer to world peace than that.",positive,,positive,positive,,positive,Eurovision
UgyvsdhuARO-CywE4kN4AaABAg,Imagine if Eurovision was brave enough to give a platform to music that actually told the story of what life is like on the streets of Europe's most populated cities.,positive,,,negative,,positive,Eurovision
Ugy2eqeCJoEbPjINKdR4AaABAg,"Central Cee Has made History. This song is a certified European Masterclass.
667 Ekip",neutral,,,positive,,neutral,Eurovision
UgwaQMinYbadpngUuDx4AaABAg,1 song 8 artists 8 languages 8 beats 100% fire,negative,,,positive,,negative,Eurovision
UgwEwr7LtxUljsICWT54AaABAg,As an American who had never heard of any of these guys before l’m incredibly impressed,positive,,,positive,,positive,Eurovision
UgzKK3K4emto5jd2Hv14AaABAg,Rondo Goes the Hardest 💯,neutral,,,positive,,neutral,Eurovision
UgxX-EpOH7JwvlBTcKp4AaABAg,*THE WORK RATE IS MAD!* 🥶💯,negative,,,neutral,,neutral,Eurovision
UgwvQmwjxjrdKSVdcDx4AaABAg,I don’t know what half of it says but it slaps anyway 🥶🥶🥶,neutral,,,positive,,neutral,Eurovision
Ugy5e2XSmtgYNSINGDt4AaABAg,The collab is hard! 🙏 🔥,negative,,,positive,,negative,Eurovision
UgwG5EX0OiJpG8uXn4J4AaABAg,Rondoo Drill King🐐💙🇮🇹,neutral,,,positive,,neutral,Eurovision
UgykueX_1AD7fCT1tsV4AaABAg,"French brothers killed it with this one🇫🇷🔥
 love from Italy🇮🇹",negative,,positive,positive,,positive,Eurovision
UgyZ6GIsdaOKqHjUaWp4AaABAg,Italy and spain on top🔥💯 rondo baby gang morad and benyjr lit it on fireee,negative,,neutral,positive,,neutral,Eurovision
UgwQO4jfH-KCJqL7viB4AaABAg,Being an American artist / rapper and seeing different countries and culture in the music scene is always dope to see. Everyone got a story to tell and everyone got something new to learn,neutral,,neutral,neutral,,neutral,Eurovision
Ugwd7_4g5VKbb7xGB4R4AaABAg,"I don’t think you understand how massive of a collab this is, it represents every corner of some of the best drill artists in Europe, these drill artists are representing their country in terms of best rappers in their country, Cench got together the best drill artists in Europe and put them together in 1 song, that takes some skill, especially because some of the gangs in this video don’t like each other but to bring them together in 1 music video is amazing",positive,,neutral,positive,,positive,Eurovision
UgzsuoxfpOy1GKEX4Nd4AaABAg,Baby gang went crazy with his flow everyone did his part well done,negative,,neutral,positive,,neutral,Eurovision
UgwGrtQylFqQK6aLgKV4AaABAg,1:22 Just listen to the beat🔥,negative,,neutral,positive,,neutral,Eurovision
UgyRC8qskdRrqf5SK5l4AaABAg,Who ever made the transition from a firework to a smoking blunt need a rise!!! That was WAYYYY TOO CLEAN,positive,,neutral,positive,,positive,Eurovision
UgwlOySy_mHBrImAA_V4AaABAg,"PROUD TO BE MOROCCAN, BORN IN ITALY AND IM IN FRANCE 🇮🇹🇲🇦🇫🇷",positive,,neutral,positive,,positive,Eurovision
UgwnRPE-Fx6K0FnYidh4AaABAg,Directed By WILLIAM Thomas (me) 🇪🇺🇪🇺🌍 Thanks to the artists and Central Cee for this 🎥🎥🤯🤯 ! Une réalisation WILLIAM Thomas 🇬🇧🌍🇪🇺🇮🇹🇫🇷🇪🇸😬,positive,,neutral,positive,,positive,Eurovision
UgwJ3RkoibfSMf--jTt4AaABAg,gonna tell my kids this was Helen of Troy,neutral,,neutral,neutral,,neutral,Eurovision
UgxraO9OO0lU4w-b2od4AaABAg,Here again after Bulgaria won Eurovision 2026,positive,,neutral,neutral,,neutral,Eurovision
UgwqQN35EkOt1Dxp1id4AaABAg,Stop asking who’s still here. We aren’t leaving.,negative,,neutral,negative,,negative,Eurovision
UgyPBxt-kDvfiFmxY_l4AaABAg,Eurovision week so i cane here to pay my tribute,negative,,neutral,neutral,,neutral,Eurovision
UgzD29K62M79i8I4qsx4AaABAg,"That self-confidence, she came to win, you can see that in her eyes :D",positive,,neutral,positive,,positive,Eurovision
Ugwx3yliwjW0kVw06md4AaABAg,"After 16 years, I'm still listening. Helena is the most confident woman in the eurovision history. Her eyes say 'I'm here to win!"" What a charisma! Greetings from Turkey!",positive,,neutral,positive,,positive,Eurovision
UgxXiQByIyZmMW9bJ054AaABAg,"This song was a huge hit in the Balkans. 
Bulgaria, Serbia, Romania, Turkey... everyone was listening to this song",positive,,neutral,positive,,positive,Eurovision
UgzOEhUoJlTBD_38tzp4AaABAg,"2003 Sertap 🇹🇷
2004 Ruslana 🇺🇦
2005 Helena 🇬🇷
Three wonderful years, Three wonderful women.",positive,,neutral,positive,,positive,Eurovision
UgjnIIVXef-b33gCoAEC,"Turkey gave 12 points to this song, and more than 5 years i heard this everywhere in Turkey. We love you Greece !",positive,,positive,positive,,positive,Eurovision
Ugyzga6wfyLXTxS7U2d4AaABAg,I'm still listening this song during quarantine days in Istanbul.,neutral,,positive,neutral,,neutral,Eurovision
UgxDuX5_JUhEUSQu0ep4AaABAg,"you can't imagine how a huge hit this song was in Türkiye, we even used it at some schools as schoolbells for years :))",positive,,neutral,positive,,positive,Eurovision
UgyX2CZDeDBWpwNAnpd4AaABAg,"She's a Greek goddess
She totally nailed it. She owned the stage that night",neutral,,positive,positive,,positive,Eurovision
UgxDSdDaRSyrEsKkDRh4AaABAg,"Still hit, still listening!!!! Greetings from Turkey to our neighbour Greece 🇹🇷🇬🇷",positive,,positive,positive,,positive,Eurovision
UgxXvjXujw0OQYHp4d54AaABAg,I remember how succesfull this song became in Venezuela . It was played in all clubs.,positive,,positive,positive,,positive,Eurovision
UgxivB1BRrsPDCIf-od4AaABAg,One of my all time favorite Eurovision songs. 💙,positive,,positive,positive,,positive,Eurovision
UgydKbRNJ4i6w4_-q4x4AaABAg,"Dancing and singing , not missing one note, she is pure perfection",positive,,positive,positive,,positive,Eurovision
Ugxz9ImoZitkD3AKTcZ4AaABAg,Funny fun fact: That guy that you can hear in 2:55 actually sneezed but he was so on beat that nobody realized 😂,positive,,neutral,neutral,,neutral,Eurovision
UgwkvTaF5aCv32hBNBl4AaABAg,"One of the best Eurovision entries of all time, love from Türkiye.",positive,,neutral,positive,,positive,Eurovision
Ugx1bBYLDeD4dnMjlWV4AaABAg,"2004: Greece wins Euro 2004 and hosts the Olympic games.
2005: Greece wins Eurovision song contest and wins EuroBasket.",positive,,positive,neutral,,positive,Eurovision
UgzMm4LggxO707g2v4J4AaABAg,"who’s ready for the Grand Final this Saturday, where she’ll perform this again after 16 years?! 💙😍",positive,,positive,neutral,,positive,Eurovision
UgwaElpf0jqReRDHQCx4AaABAg,"I was sitting on the couch watching, while my dad was snacking at the dinner table. This song started. At the 10-second mark, my dad and I looked at each other at the same time. I said ""Dad, this is number one. Definitely!""  Watching the other songs didn't change my mind. :) My neighbor deservedly won. Greetings from Türkiye.",positive,,neutral,positive,,positive,Eurovision
UgzmC9mQbYkzjzLnhb14AaABAg,"Comment Section :
%50 Turkish comments
%50 English comments from Turks",neutral,,neutral,neutral,,neutral,Eurovision
Ugzro4_xsbVrVHJJUiN4AaABAg,This song would have won every Eurovision every year,positive,,,positive,,positive,Eurovision
Ugy-kN--_eGju5AE--x4AaABAg,"One of the many things in existence which can unite both our countries, Greece and Turkey, in the 21st century: 
Our passion for our (much identical) traditions and music! 🇬🇷❤🇹🇷",positive,,,positive,,positive,Eurovision
UgyQlbs7jWw0XTMtO2V4AaABAg,I'm from Turkey and I think Turkey and Greece made Eurovision what it is today. <3,positive,,,positive,,positive,Eurovision
UgxXHUO0TUzSBOWGZCV4AaABAg,"Someone saw the 'semi-final' comments and took them personally 😭 

Go Queen!!!!! 🔥🔥🔥",negative,,,neutral,,neutral,Eurovision
Ugyquba6QFqxXN_3B5Z4AaABAg,You deserved such a better position than 19th Antigoni. This song will be the summer dance hit in Europe ! Well done !,positive,,,positive,,positive,Eurovision
Ugx0gXBKvWUfvgcbBLV4AaABAg,Not gonna lie… she ate tonight! 😂,positive,,,positive,,positive,Eurovision
Ugzf-L9neWVMFCoDInB4AaABAg,She was saving her voice for Saturday was actually true.,positive,,,neutral,,neutral,Eurovision
UgwjHMOq39Mr_9ifoId4AaABAg,"Her actually dancing on the table just like she was born to and the whole crowd screaming ""JALLA"" like they really want to listen to this for hours. That performance was so iconic. JALLA 🔛🔝",positive,,,positive,,positive,Eurovision
UgzAGNBNd_HXsdjEXSl4AaABAg,The way she improved so much in just a couple of days JALLA JALLA JALLA 🇨🇾 💛,positive,,,positive,,positive,Eurovision
UgzPEPyUz5IfbFn_ZgF4AaABAg,This song definitely deserved to be in the top 10.,positive,,,positive,,positive,Eurovision
Ugz27g3SfLYkoZgQPhd4AaABAg,"This was definitely better than the semi final one, I'm taking my comment back. She came back on stage like a queen.",positive,,,positive,,positive,Eurovision
UgzhKHblOW3_hywCK2h4AaABAg,"""ΑΓΑΠΩΣΕ ΚΥΠΡΟ"" 3:17 🥹🫠means I LOVE YOU CYPRUS, for those wondering.... She made us proud even if the final place wasn't the respectful one! Thank you Antigoni! You gave all of yourself that night and we appreciate it! I'm very happy for you and us ❤",positive,,,positive,,positive,Eurovision
UgxT49vMoGFJF9sZ4sh4AaABAg,"Her vocals are better this time, which is nice to see.... And even if she finished at 19th place, she slayed on the stage! 
A round of applause to Antigoni and Cyprus for a job well done. 😄👏",positive,,,positive,,positive,Eurovision
Ugxi0vs1n0GoR-3-rJ94AaABAg,SHE HAD TO LOCK IN FOR THE FINAL,neutral,,,positive,,neutral,Eurovision
Ugwqz-RkJzC0gx7KvFt4AaABAg,"I'm bulgarian and I'm pround with our winner, but I actually can't stop listening to this.. I love this song <3",positive,,,positive,,positive,Eurovision
UgzTJrTrn9oF4Q7Bprl4AaABAg,SHE CAME BACK STRONGERRR  🇨🇾🇨🇾🇨🇾🇨🇾🇨🇾🇨🇾,neutral,,,positive,,neutral,Eurovision
UgzfU2OSWtxvI5mJ1XB4AaABAg,She deserved JALLA 😭✌️,negative,,,positive,,negative,Eurovision
UgxR83IwIPj6wj28Xjt4AaABAg,She proved why she qualified!!! Excellent performance tonight!! Breathtaking Cyprus!! Thank you Antigoni! We love you ❤,positive,,,positive,,positive,Eurovision
UgwPCf2PI-m5BljvjwF4AaABAg,Okay she ATE in the final!!!!!!,positive,,,positive,,positive,Eurovision
Ugxe0iNlC4xhHp0PtRd4AaABAg,WHAT AN EPIC REVENGE <3,negative,,,positive,,negative,Eurovision
UgweyJMgVG5_tcySS3x4AaABAg,"She managed to bounce back from the mistakes in the semifinals, she ate bro",negative,,,positive,,negative,Eurovision
UgxPi4JWYhiXCHpWyv94AaABAg,"You got your revenge, queen 💯 You made Cyprus proud — a true winner in our hearts, and the greatest comeback of all!🇨🇾🏆",positive,,,positive,,positive,Eurovision
UgyVdjgdz1WladyPyXd4AaABAg,Easily deserved top 10! Sending love from your Greek Australians,positive,,,positive,,positive,Eurovision
UgzseAR6QJo6aPceFpJ4AaABAg,"This is SOOOO MUCH BETTER than the semifinal, go girl, GIVE US JALLA ❤‍🔥 🇨🇾",positive,,,positive,,positive,Eurovision
UgxmiKihpnB4lhowQj54AaABAg,"I am Bulgarian and proud of our girl, but this song really got under my skin. 
❤❤❤❤❤❤❤❤❤❤❤❤❤❤❤❤❤❤❤❤❤❤❤❤❤❤❤❤❤❤❤❤❤❤❤❤",positive,,,positive,,positive,Eurovision
UgwS7hiAnmrq4xjhr7R4AaABAg,Never doubted the comeback. Antigoni is the best,positive,,,positive,,positive,Eurovision
Ugwl_XXwOykHvY6M8BV4AaABAg,"Antigoni mou you are the best, you deserved much better 🇨🇾🇨🇾🇨🇾",positive,,,positive,,positive,Eurovision
Ugy3qIOfSY_hp-MrrHB4AaABAg,It's like night and day comparing this to the semi finals performance 😭😭 This is by far my favorite performance of the night,negative,,,positive,,negative,Eurovision
Ugya1TbUcN06UHhs8Mt4AaABAg,"Most known Eurovision songs ❌
Bros favourite songs ✅",neutral,,,neutral,,neutral,Eurovision
Ugw101TZWx4EOsA7AuB4AaABAg,Sax guy was unironically iconic.,neutral,,,positive,,neutral,Eurovision
Ugy6jFfo87iPQlzyDXt4AaABAg,"fairytale not being number 1 is mad work


edit: ragebait successful lmaooo",positive,,,neutral,,neutral,Eurovision
UgyOMrHOQhMLbaSk3aF4AaABAg,Europapa was the closest we came to world peace,positive,,,positive,,positive,Eurovision
UgyXHsJWgsof8sKTO1Z4AaABAg,Snap above fairytale is insane,negative,,,positive,,negative,Eurovision
UgwyAeDyhbMs2n2Bp8F4AaABAg,I even didn't know arcade was in Eurovision and snap,neutral,,,neutral,,neutral,Eurovision
UgxcuO0BwiQ0zAgn2A94AaABAg,Arcade and fairytale is my fav😍,positive,,,positive,,positive,Eurovision
Ugzb2D-AxBLeQSjsnT14AaABAg,Waterloo not being on this list is a fucking sin,negative,,,negative,,negative,Eurovision
Ugxv1AMqsyJgSZoVQ0p4AaABAg,"I love Europapa, but it can’t be in this list, there’s so much more known songs like Zitti E Buoni or Waterloo",positive,,,negative,,positive,Eurovision
UgzZdQ9LSGcIYULXLBp4AaABAg,best one is deff Fairytale,positive,,,positive,,positive,Eurovision
UgxmSc8jmxqAHYMKPpF4AaABAg,Im from norway and its like such an iconic song in norway,positive,,positive,positive,,positive,Eurovision
Ugx6tD9bbwJIO2TEQu14AaABAg,"Fairytale 
Arcade 
Disrespect was insane

Edit:Does anyone need auto graph",negative,,,neutral,,neutral,Eurovision
UgxTflZMFFTBIzQ9a054AaABAg,Where is Waterloo??,neutral,,,neutral,,neutral,Eurovision
UgxOSlQQtzGewmj7aZJ4AaABAg,No but the Europapa guy looks so innocent-,positive,,,positive,,positive,Eurovision
UgxTc3X2_gU6uA72XkR4AaABAg,"Aleksander once came to my school and performed fairytale for us live. We were maybe 50-100 people, he came right up to my table",neutral,,,neutral,,neutral,Eurovision
UgyJk_j2k3vtrjZs2yx4AaABAg,I didn't knew arcade and fairytale where in Eurovision. Fairytale has been for years one of my grandma's ringtones so I know it from there. And I've been looking for arcade recently but didn't knew how it went or how it's called. Thank you!!!,positive,,,positive,,positive,Eurovision
UgzSUtD-YjEC1WCkYkF4AaABAg,fairstyle number one,positive,,,positive,,positive,Eurovision
UgzEfhkkB0CIkY4ntsp4AaABAg,Hardrock Hallelujah not being here is a crime.,positive,,,negative,,positive,Eurovision
Ugx4Nn5EVJa8Fekl3HF4AaABAg,No way Waterloo from ABBA isn't in this list...,negative,,,negative,,negative,Eurovision
UgznYEnruvyHdN0kSot4AaABAg,Source: Trust me Bro,positive,,,negative,,positive,Eurovision
UgxoCI6cvcPOKksa4lp4AaABAg,RUNAWAY IS A FUCKING CLASSIC BRO I JUST REWATCHED THAT EPIC SAX GUY VIDEO,neutral,,,positive,,neutral,Eurovision
UgxK1x3CJk0wy8VimE94AaABAg,Waterloo is the most known and also the most important song in Eurovision history. The impact the song had to the entire contest is unbelievable.,positive,,,positive,,positive,Eurovision
UgyG-tzBOf0XointGgR4AaABAg,I love Fairytale and arcade ❤,positive,,,positive,,positive,Eurovision
Ugwp2a5yD0qTsUavVBl4AaABAg,I love these all and I think everyone deserves the spot they have (#JusticeforJoost) but where are Waterloo and Zitti e Buoni? I think everyone knows Waterloo and Maneskin is also in the top 400 artists in the world.,positive,,,positive,,positive,Eurovision
UgxG4HtGBEvMzCD3rY94AaABAg,Europapa being disqualified was the most bs I’ve ever seen to this day,negative,,,negative,,negative,Eurovision
UgwOWjNDqnMrT3TjE3t4AaABAg,"For all those who don't understand the staging: She is in the room with her demons, her haters and fears. When she won the National Selection she wanted to give up because the Bulgarians beat her on the internet. Despite them, however, she decided to go out and show her talent. As in the staging - in the end she left the room and took control of her demons. What a star, this is art. Winner.",positive,,,positive,,positive,Eurovision
UgwHAz-L5_rDYG_-I0N4AaABAg,12 points from Croatia 💪,neutral,,,positive,,neutral,Eurovision
UgydWcjsJ05JIP7UDv54AaABAg,The live performance is even better than the original. This rarely happens! I’m so impressed! Loved every second of it,positive,,,positive,,positive,Eurovision
Ugy_vFqvrU35j-3y5gd4AaABAg,Whoever choreographed this needs an award !!!!,positive,,,positive,,positive,Eurovision
Ugx-i_IbwtRoC6nYa-x4AaABAg,"There are SO many details in this performance! Not just the vocal, the movement, even the small facial expression! You can clearly see how much effort the team put into it. Not just Dara, but the whole team, well done.",positive,,,positive,,positive,Eurovision
Ugy6BO76IqqtQaDqM5Z4AaABAg,"NEVER LEAVE EUROVISION AGAIN BULGARIA 

WELCOME BACK !!",positive,,,positive,,positive,Eurovision
UgzBh_Et6bQw4CxTeil4AaABAg,12 points from 🇷🇸 🫶 🇧🇬,neutral,,,positive,,neutral,Eurovision
UgwM5GBBgLGJK6e1_eF4AaABAg,"This song and performance served as proof that success is possible, regardless of the country. As you know, Balkan countries often fail to get the recognition they deserve at Eurovision.",positive,,,positive,,positive,Eurovision
Ugz4fAbIwKoxd6fHwkx4AaABAg,"This is the best song in eurovision 12 points from Serbia.
Absolute BANGARA",positive,,,positive,,positive,Eurovision
Ugz4PELW3l9ubSRvA8J4AaABAg,The Balkans are on fire this year and Bulgaria is coming back to the contest in a truly legendary way ❤️ 🇧🇬,positive,,,positive,,positive,Eurovision
Ugw10s-63bMSb21SijF4AaABAg,12 points from the Georgian jury go to Bulgaria🇬🇪🇧🇬🔥,negative,,,positive,,negative,Eurovision
UgzUyjbUdxwpe6e5ijN4AaABAg,12 points from Poland go to BULGARIA BANGARANGA LOVE U 🇵🇱❤️🇧🇬,positive,,,positive,,positive,Eurovision
Ugy6VcNBRvRNEEEZSWp4AaABAg,ppl cant even realise how difficult this is . amazing work blew my head off,positive,,,positive,,positive,Eurovision
Ugx6-AOurRvum9NLKe14AaABAg,"she was professional mann the expressions, vocals, everything",neutral,,,positive,,neutral,Eurovision
UgwB_3T9xpBMgW1Ewmh4AaABAg,"I'm shocked at how charismatic DARA is. That's a huge plus from me, and the choreography comes second. Well done, Bulgaria! This isn't the type of song I usually listen to, but as a complete package, you deserve the top spot. Greetings from Croatia.",positive,,,positive,,positive,Eurovision
UgzaQT9Q3ynW2S0hted4AaABAg,"Bravo DARA! All of Bulgaria is proud of you! Thanks to you, EUROVISION in 2027 will be in Bulgaria! 🇧🇬🇧🇬🇧🇬",positive,,positive,positive,,positive,Eurovision
Ugx9DqhHK2ZQxtdc9-94AaABAg,Masterpiece! Welldone Bulgaria! What a comeback! 12 points from Croatia! 🇭🇷🤝🇧🇬,positive,,positive,positive,,positive,Eurovision
Ugyj2jva9P1PKzp-63N4AaABAg,She is amazing!!! I don’t think people realise how hard is to sing and dance at such tempo,positive,,positive,positive,,positive,Eurovision
UgyGtoX-THn4Tm84A5N4AaABAg,"Sweden here 🇸🇪 — Bulgaria just WON idc 🔥😮‍🔥
This song is INSANE 💥 winner vibes all the way 🏆🇧🇬",negative,,positive,positive,,positive,Eurovision
UgzfeGYASun28LeMRiZ4AaABAg,nice to see someone win that actually deserved it for once ….,positive,,positive,positive,,positive,Eurovision
Ugwr4wSUsJbdlAtwDc94AaABAg,Serbia 🇷🇸 is rooting for our sister Dara! 🔥❤️,negative,,positive,positive,,positive,Eurovision
UgwUeyzcjTD-HP2fBQB4AaABAg,"ABSOLUTELY BANGARANGA
my vote from Greece to our brothers in Bulgaria 🇧🇬 ❤🇬🇷",neutral,,positive,positive,,positive,Eurovision
UgxmK8iGohfQEnWxXnd4AaABAg,12 points to Bulgaria from Greece¬!!!,neutral,,positive,positive,,positive,Eurovision
Ugy2s7JFjlvkWDmVjaB4AaABAg,She won this with her energy 👌,positive,,positive,positive,,positive,Eurovision
Ugw4HATqeA5dMoWHivt4AaABAg,"This performance could easily be on an MTV award show. Impressive, and her acting was great too! 👏👏",positive,,positive,positive,,positive,Eurovision
UgwGrM548t8qWoy_IUJ4AaABAg,"Akylas spends three full minutes constantly dancing, climbing, and running around and he never misses a single note on the mouth microphone.
Honestly, it’s incredibly demanding.
This year, Greece is truly competing for the win.
The performance carries a message about overconsumption, wealth, and poverty but also that with love and hard work, you can make it through and succeed.",positive,,positive,positive,,positive,Eurovision
Ugx7sGrRh_3bV4c-4UB4AaABAg,"As a person from the Uk, this was 100% guaranteed in the final, you Greeks really deserved it ❤",positive,,positive,positive,,positive,Eurovision
UgwFzixb7F59kx8iZf54AaABAg,"He sings ""I want GLORY, ETERNITY, and MONEY"", and the three rooms represent that: a fan wearing merch with his pictures on her wall, an ancient Greek statue, and pure gold. Great staging!!",positive,,positive,positive,,positive,Eurovision
UgzLaQk2zkaF4eTxGtN4AaABAg,He just invented Gree-K-pop,neutral,,positive,positive,,positive,Eurovision
Ugyxzx7lJHLTn6-_Hmp4AaABAg,Last 3 entries from Greece are amazing! Love that they finally sing in their beautiful language and I hope they never stop! This is a renaissance era for Greece ❤❤,positive,,neutral,positive,,positive,Eurovision
UgzkSVNaM2Ry-Igixtl4AaABAg,"GO GO GO🇬🇷🔥
12 points from Indonesia🇮🇩❤️",negative,,positive,positive,,positive,Eurovision
UgyVNbxCy-WMZ0baVmR4AaABAg,12 points from Romania 🇷🇴 ❤️🇬🇷,neutral,,positive,positive,,positive,Eurovision
UgyeOC21QWde_6ebOuR4AaABAg,"What can I say.. Isn't everything perfect?
 As a Turk who has always been in love with Greek music, I really want Greece to get what it deserves this year❤",positive,,positive,positive,,positive,Eurovision
UgxD_GYwNEIv_F9Rfht4AaABAg,12 POINTS FROM CROATIA !🇭🇷😘,positive,,positive,positive,,positive,Eurovision
UgzgvSZPlXSFo06SFZp4AaABAg,The part with his mum changes the whole meaning of the song. Suddenly it’s not about greed or showing off but it’s about a child wanting to give back to the woman who sacrificed everything for him. That part was genuinely heartbreaking and very emotional  ❤️,negative,,,positive,,negative,Eurovision
UgwaTH9YKbqMbZnICVR4AaABAg,"Rooting for Greece! From Switzerland!
 🇨🇭🤝🇬🇷",neutral,,positive,positive,,positive,Eurovision
UgzCiNH92kTGTUZFdlN4AaABAg,"I’m with Akylas all the way to the end! It’s about watching a kid who, just a few months ago, was busking for passersby outside the streets of Athens, now rightfully earning his place on the biggest musical stage in the world, simply because he relentlessly chased his dream.
This is a wake-up call for us to finally decide what kind of society we want to be. Do we want happy kids fighting for their own dreams—even if those dreams don't fit our personal taste—or kids drowning in despair, driven to the absolute edge?
For me, a true role model has nothing to do with personal preferences. It doesn't matter if you’re different as a person. What actually counts, what we should really look up to and admire, is the kindness someone radiates, their honest hustle to make it, and the strength to never give up on their dreams. That is what a real role model looks like.
Best of luck, Akylas! From the streets to the very top, your kindness and your struggle are already a massive victory.",positive,,positive,positive,,positive,Eurovision
Ugyw6gcmdqTC3z381pB4AaABAg,"All my votes for you Akylas! What a smart and meaningful song, and excellent staging! Well done Greek delegation! Greece 2027 🇬🇷🇬🇷🇬🇷",positive,,positive,positive,,positive,Eurovision
UgwU1H0w5jk9jpMT9mF4AaABAg,I think we already know the televoting winner 🇬🇷🏆,positive,,positive,neutral,,positive,Eurovision
UgwxV6ym5WSeH0QIvN94AaABAg,12 points from Germany ❤bravo Greece 🇬🇷 ❤❤❤❤❤❤❤❤🎉🎉🎉🎉🎉🎉🎉🎉🎉🎉🎉🎉🎉,positive,,positive,positive,,positive,Eurovision
Ugy044QUE7-NkuWskQt4AaABAg,He needs to win so I can plan a longer stay in Greece next year 😂❤,positive,,positive,positive,,positive,Eurovision
Ugyh4Z-qi6ric_neXCh4AaABAg,"I had the honor to be there live and see the performance from an angle where I saw what the stage crew had to do to make the performance look as flawless as it does here. Several people running like maniacs to change the props, and of course Akylas running like crazy as well 😂😁. It's really imprinted in my brain as the most insane performance of the evening",positive,,neutral,positive,,positive,Eurovision
Ugy006Q9YDrQTiWfgap4AaABAg,And finally I see why people are loving this! It took me several months. But this live performance opened my eyes - and ears! Regards from Norway,positive,,neutral,positive,,positive,Eurovision
UgzJ5-bDJ4tqJBp3TlF4AaABAg,Bravo Greece from 🇭🇷💕,positive,,positive,positive,,positive,Eurovision
UgzrcZEGHl9zORN39xB4AaABAg,Is this even real???!!! That was siiiick. SPEECHLESS 😮❤️😍 FERTO AKYLA the winner regardless of the result 👑🐯,positive,,positive,positive,,positive,Eurovision
Ugx4y66Wi7wJ7yeGMgJ4AaABAg,"Craziest part of this performance is that he managed to sing AND dance perfectly (and mostly) on his own without showing any signs of exhaustion even after he finished his song. That on its own needs true dedication and passion for music. 
Well done Akylas we expect much more from you in the future 🙌🙌",positive,,,positive,,positive,Eurovision
Ugwy2ptKKwdMpW6Rfeh4AaABAg,"Ferto is a truly one of a kind song. Tells us the story of a young man who wants all and everything: fame, eternity, money. Nothing is enough for him. He wants more and more.

And there comes the twist. All this greed comes from a childhood in poverty, where his mom couldn't provide everything she would want to provide.

For a brief moment the emotions flood him, he speaks to his mom and how material goods will heal them.

And then the greed returns.....

What an amazing song.

Rightfully deserves No1 place",positive,,positive,positive,,positive,Eurovision
UgyFNR63jiX8QnTlm2l4AaABAg,#NAME?,positive,,positive,positive,,positive,Eurovision
UgwK6rs_s6-4VQsUFRF4AaABAg,12 points from Australia Go Akylas,neutral,,positive,positive,,positive,Eurovision
UgwKQZJxgnPeWQVhW_J4AaABAg,Athens 2027 is calling! 📞 Greece didn’t just send a song; they sent a whole cultural moment. Akylas is taking this all the way! 🇬🇷🦁,neutral,,positive,positive,,positive,Eurovision
UgxGENxOsCd9ng-pYIV4AaABAg,"As Kaarija said ""It's crazy, it's party""",positive,,positive,positive,,positive,Eurovision
UgxoKEdX2BfmZ9R4imJ4AaABAg,The most important thing is that he wrote this song thinking about his life that was hard financially and he dedicated it to his mom. He is a very talented young man who is there only due to his talent and his hard work. Akylas will bring it home! FERTO!,positive,,positive,positive,,positive,Eurovision
Ugz4bDN0Oj9I81Rdpt54AaABAg,I want everyone to scream ferto mou ferto mou in the vienna era in may,negative,,positive,positive,,positive,Eurovision
UgxMZuwM1nz-KkJTMDB4AaABAg,Käärijä has already found his new friend for his eurovisionfamily 😂,positive,,positive,neutral,,positive,Eurovision
UgxbGoH_mI0Ei1MvDbN4AaABAg,His voice being as good as the original video is crazy,positive,,positive,positive,,positive,Eurovision
Ugym7YefovFrPSSFb1N4AaABAg,i just love it when a buff greek man wearing a hat with cat ears sings about greed and corruption,positive,,,positive,,positive,Eurovision
Ugyz2baYmaZmMKrNeaF4AaABAg,Im in Shock!I didn't expect Greece to send a song like this to Eurovision! Well done Greece!🎉,positive,,,positive,,positive,Eurovision
UgxOFNcuhXXq89HBmeB4AaABAg,i dont understand a word but this has so much energy,positive,,,positive,,positive,Eurovision
Ugxl8bjRRKxS_BPBWnt4AaABAg,"At first I thought this song didn't have much of a meaning, but after reading the translation, I liked it. The sarcasm and mockery of gluttony and greed make this song very relevant today. I wish you luck and a worthy place, from Azerbaijan❤",positive,,,positive,,positive,Eurovision
Ugx5hENjxAYAntiIsaJ4AaABAg,This is gonna be crazy in the arena,negative,,,positive,,negative,Eurovision
Ugwd-drMb6XRPVzi07l4AaABAg,"Hear me out, this is giving an uncanny Käärijä vibes to me (as a finn), and I absolutely love it!

With all the love, it’s game on..
🇫🇮🇬🇷",positive,,,positive,,positive,Eurovision
UgxFZQ2w6X8yspDO1KJ4AaABAg,"I am waitting for the ""Greece, the public gave you 650 points"" 👏 😀",positive,,,positive,,positive,Eurovision
Ugx3BxLPv8rpBONLmFx4AaABAg,The second golden age of Greece in Eurovision might have just started,neutral,,,positive,,neutral,Eurovision
Ugyh4BEJOGIpShXzG3J4AaABAg,"He can even sing a ballad, very rare for the singers of such entries, he can literally sing!",neutral,,,positive,,neutral,Eurovision
UgytBRgcMPi43BXsJ394AaABAg,"when I say this is the spirit of Eurovision, its this! Like Käärijä said : “it’s crazy, it’s party” !! Good luck!",positive,,,positive,,positive,Eurovision
UgwZB3skI_ub5SNnstZ4AaABAg,"The fact that he is talking to his mother is so heartwarmin
EDIT:OMG tysm for all the likes",positive,,,positive,,positive,Eurovision
UgxYnOIX517wi0qrGJR4AaABAg,"This is actually a sad song deep down, despite being upbeat. The ballad bit puts the rest of it into context. He's not saying ""bring me"" things out of greed but out of need, because there were times where he didn't have anything.",negative,,,positive,,negative,Eurovision
UgxYeiB1n-kdW6kReUR4AaABAg,my new obsession for the next three months has been found recently,negative,,,positive,,negative,Eurovision
UgzKPgxo6F3SjdQQRS54AaABAg,12 points from italy 🇮🇹 ❤ 🇬🇷,positive,,,positive,,positive,Eurovision
UgycrdRlfZEx98XWqNV4AaABAg,This took away my depression,negative,,,positive,,negative,Eurovision
UgyG2hbgo5i-Sq46cVl4AaABAg,Eurovision is finally returning to the Balkans🏆,neutral,,,positive,,neutral,Eurovision
UgxhTY3Fvds1Wfc1MJN4AaABAg,"12 points go to Greece 🇬🇷 🥳🥳🥳 
🥇🥇🥇 
Hello from Slovenia 🇸🇮",positive,,,positive,,positive,Eurovision
UgzGJEk6DW_ezxnh9nN4AaABAg,"united by music ❌
united by FERTO ✅",positive,,,positive,,positive,Eurovision
Ugx9UTLfUbzJmaBAckd4AaABAg,#NAME?,neutral,,,positive,,neutral,Eurovision
UgzfhHjYWoelXS6XCnl4AaABAg,My personal winner from Germany! 12 Points! Good luck Greece 💙,positive,,,positive,,positive,Eurovision
Ugyp-5tQmQBVgSH4qv94AaABAg,🇬🇷 Will Klavdia get a high jury result for Greece ?,neutral,,,neutral,,neutral,Eurovision
UgzPDZQdKtSKUZ8WNKR4AaABAg,"How many 14th do you want? 

Greece: yes",positive,,,neutral,,neutral,Eurovision
UgwxYu9ze135ZB01jg14AaABAg,I feel like Greece likes being 14th with the juries,positive,,,neutral,,neutral,Eurovision
UgyP28uOt3N8i1r71Ht4AaABAg,Eurovision 2005 : Greece 1th,neutral,,,neutral,,neutral,Eurovision
UgzIEZb4gHi8bSBZrMN4AaABAg,I can say that Greece is very underrated with the juries like 2011 and 13 wtf,negative,,,negative,,negative,Eurovision
UgxFKQ20GRzh5KtIv_J4AaABAg,I love greece in eurovision 🇳🇿❤️🇬🇷,positive,,,positive,,positive,Eurovision
Ugx7GeHJX29nwubbys14AaABAg,my favourite 2010 cause i still listen to it,neutral,,,positive,,neutral,Eurovision
Ugz__1AFE35rGWWMLON4AaABAg,How count jury places early 2016???,neutral,,,neutral,,neutral,Eurovision
Ugw5nF8nz5eoFcu3Bht4AaABAg,2019 is a masterpiece ⭐,positive,,,positive,,positive,Eurovision
UgzNyoI-DB3Ropfloyt4AaABAg,I'm from Greece,neutral,,,neutral,,neutral,Eurovision
UgwqPdZGerZ05uA6Tad4AaABAg,I am from Greece🎉❤,positive,,,neutral,,neutral,Eurovision
Ugyo9PKXmyL-9P3Wfgp4AaABAg,I love the 2024 song so much I'm from Greece,positive,,,positive,,positive,Eurovision
UgwNOjvGsz5B8oPZJSF4AaABAg,"Number one, shake it, yasou maria? secret combination? die for you etc?",negative,,,neutral,,neutral,Eurovision
UgxQqbaGBEQqJebnUnR4AaABAg,"My number 1 1st
What about Klavdia?
And with Marina Sati 11th",positive,,,neutral,,neutral,Eurovision
UgxQ_coJvbeOfbq3H3d4AaABAg,The crazy thing is I am from Greece and I just see this while scrolling oh and the 4th one is in -10,negative,,,neutral,,neutral,Eurovision
UgzTS13-YNnp6lHZfQ94AaABAg,I'm from Greece 🇬🇷,neutral,,,positive,,neutral,Eurovision
UgwollDR4jSjhHAkyoJ4AaABAg,"Just read it for the 10th time.. still don't get what I am missing.. it says ""Eurovision Greece top 10 Juries""",negative,,,neutral,,neutral,Eurovision
UgyoYnei53B9CG-RVRt4AaABAg,"Helena paparoizou she was 1st on Eurovision ❤❤
and klavdia is 6th❤❤",positive,,,neutral,,neutral,Eurovision
Ugw8q7LNYODPmdgM42h4AaABAg,1 is 2005 Helena Paparizou with song my number one and she gets the 1st,positive,,,neutral,,neutral,Eurovision
UgxbkA_uUc0wJItBjV54AaABAg,Can't wait for asteromata and ferto,neutral,,,positive,,neutral,Eurovision
UgwiZ699f8tZF7Rlflt4AaABAg,Sr where is number one?????,positive,,,neutral,,neutral,Eurovision
Ugyd5f61lrgE90wCR6J4AaABAg,For gods shake i am from Greece and i am so red rn.......😅,positive,,,negative,,positive,Eurovision
Ugy1z7R2XM-gnBcT9-Z4AaABAg,At least this year perfect place,positive,,,positive,,positive,Eurovision
Ugz6Pdmx9CvuA2fjSyp4AaABAg,"Hi I'm from 2026 and we have Akylas who sings the ""ferto"" and we got 10th",neutral,,,neutral,,neutral,Eurovision
UgzBdom3HOgWEZqKObh4AaABAg,Why did you put the 2005 they literally got number one,positive,,,positive,,positive,Eurovision
UgxQLaujkjVv0xaSA6x4AaABAg,Click here to subscribe to our channel 👉🏽 https://bbc.in/3VyyriM,neutral,neutral,neutral,neutral,,neutral,AIvsHuman
UgwmtqklMEE5Q4MgeKd4AaABAg,"No matter what mainstream says, I will always admire, get inspired by and look for human made art! AI is simply skipping the reason I pursue that. The actual process. And the fact you don’t need many people to produce big art isn’t something to celebrite in my view. In practice…it means huge loss of creative job positions. Democratization of what…a song AI made for you?",positive,positive,negative,negative,,negative,AIvsHuman
UgxeikzsE20f972jpOd4AaABAg,What an amazing discussion! The man is so knowledgeable and well-spoken.,positive,positive,positive,positive,,positive,AIvsHuman
UgwQHhkH6HEXDUZhJDV4AaABAg,Very good discussion fully needs more and more report on it,positive,positive,positive,positive,,positive,AIvsHuman
UgwThTQiRp47Oc4ykTt4AaABAg,"I saw a similar discussion in Intimeros research about AI-related digital interactions, where the focus was less on replacing human qualities and more on understanding how technology can complement them. The future will likely be about human-AI collaboration rather than one side outperforming the other.",neutral,positive,neutral,neutral,,neutral,AIvsHuman
UgwaI440Qn55lkQCFSR4AaABAg,"Ai will never be able to kill creativity. Creativity is a process which is evolved by human thinking about things which are not present previously. On the other hand Ai only give us answers about creativity by analyzing all data which is available and been created by humans before. Ai will never able to give answer about future creativity because it has to think out of the data which limits it, and that quality only present in humans which is to think without any restriction and analyze in a free way about anything.",positive,positive,neutral,neutral,,neutral,AIvsHuman
Ugyd_xmEJ761Hr-Dt9B4AaABAg,"I would say creativity is not only related to Art making but is a higher order thinking skill which can be used in any industry, that’s what we teach kids in the school, to be able to think and offer more than one solution. There is no sense to replace creative process unless you want to replace thinking ability. And why do we need so many ideas in short period of time? Really? We already live in a speed up world of Instant creativity :) As an artist I do praise Art making process as a connection to myself, presence, living experience, painting is a sort of meditation for me. Using AI for making Art would be like asking AI to breathe for me, to feel for me, to live instead of me.",positive,negative,negative,negative,,negative,AIvsHuman
UgxHG7t8Ks3RN94Maht4AaABAg,"AI is a copycat similar to us but lacks imagination on its own, unlike us.❤",positive,negative,negative,negative,,negative,AIvsHuman
UgxW1qhFFqL1cFSh7eh4AaABAg,This is literally the debate everyone should be having right now. ❤,positive,neutral,positive,positive,,positive,AIvsHuman
Ugy4g1l0V7dAVU85XSV4AaABAg,"Good job, guys! Greetings from Serbia",positive,negative,positive,positive,,positive,AIvsHuman
Ugz4nl3wnNTIuMw-r8p4AaABAg,"Yeah but, the point is there you can steal if you’re an artist, you don’t become one when you steal. Doesn’t it necessarily have to be processed through the artist’s vision?",negative,negative,negative,negative,,negative,AIvsHuman
UgwXcGVwgxqGRRkkjXx4AaABAg,"As a creative worker, AI seems to make everything easier, but only in the short term. But we don't know how it will impact us in the long term",positive,neutral,neutral,negative,,neutral,AIvsHuman
Ugx63t3lMxEa-WabjM54AaABAg,I'm going to continue this conversation with an AI and asking get about this creativity issues with AI,positive,neutral,neutral,neutral,,neutral,AIvsHuman
UgyOlgnSeYpkUKshD4l4AaABAg,Pretty sure this was an advertisement for AI products. Keep that energy when pay walls go up.,positive,neutral,negative,negative,,negative,AIvsHuman
UgxmOK6R1MNhQfdCbOF4AaABAg,"Maybe the more interesting question isn't whether AI can be creative, but whether it changes what we value as creativity. When everyone can generate something beautiful in seconds, originality might become more about taste, intent, and judgment than execution.",positive,neutral,neutral,neutral,,neutral,AIvsHuman
UgxlbqDXUiRG3MzSkqN4AaABAg,Great conversation 🎉❤,positive,positive,positive,positive,,positive,AIvsHuman
UgwOOJRMaSCAZIa5P4N4AaABAg,"The power of AI is out of hand all artists who draw, make music, or write feel like they have a soul but with AI it feels like a soulless zombie",positive,negative,negative,negative,,negative,AIvsHuman
UgwFsvQH42aq0SsQ1yV4AaABAg,Creativity always > A.I,positive,negative,negative,negative,,negative,AIvsHuman
Ugz31WV_ektMHWdVgyF4AaABAg,"One thing is certain in this regard: it's for the first time in the history of humankind that if we want to talk deeply with somebody, other humans are not the only option any more :) AI talks and creates in a different way than humans so it is tricky to make comparisions.",positive,neutral,neutral,neutral,,neutral,AIvsHuman
UgywFi1TpDgK5ycLwGl4AaABAg,i love this show❤ it’s a good material to learn English,positive,positive,positive,positive,,positive,AIvsHuman
Ugyy7jqrJluVefkcTaR4AaABAg,If your creativity and art pay the bills then good for you!,positive,neutral,positive,positive,,positive,AIvsHuman
UgwQzEHadEAgQavq2D14AaABAg,"For me that's a difficult question, i personally think that we, human beings, will always longer to create new ideas, because we all are unique, and we have nee ideas occurring in our mind daily. What is terrifying is that AI can decrease our imagination and our creativity if we don't put efforts into developing our thoughts and making a necessary decision on our own but just ask AI to help us and generate the answers for us.",positive,neutral,negative,negative,,negative,AIvsHuman
UgzxN_4rNXCEB9v2YGR4AaABAg,it's amazing that you can jam out a song in collaboration with ai. I'm a musician and just dabbled into AI myself but I am very impressed at the current functions. In not very long we'll be able to jam with ai as if it was a live band.,positive,neutral,positive,positive,,positive,AIvsHuman
Ugw8Zp4BnOCxUvrQ8g54AaABAg,"AI raises questions not by replacing artists, but by removing the friction that makes art meaningful.",positive,neutral,neutral,negative,,neutral,AIvsHuman
UgxEPiEcN_MOXPY1L0J4AaABAg,"I think we should use AI as helpers to get suggestions we haven't thought about before, not let AI replace the whole thinking process. If we just rely on AI for every creative process, like writing an essay, we'll become lazy and lose independent thinking. But AI is super sycophant, so we also need to critically review its advice.",positive,neutral,neutral,neutral,,neutral,AIvsHuman
UgwX7670U4jYDjFy4JZ4AaABAg,"The cogent point, is that AI can’t think ‘outside the square’ for sure.",positive,neutral,negative,neutral,,neutral,AIvsHuman
UgymOHdNw0p42KloOH14AaABAg,"From my perspective, IA has come to help us, but the responsibility in how we use it depends all on us. If we allow IA to kill our creativity, we're like depending on it to come up with ideas, but if we use IA to boost our creativity rather than use it just to generate all our work",positive,neutral,neutral,neutral,,neutral,AIvsHuman
UgyWWMe9AzBuKuM5dx54AaABAg,"It’s not just creatives. I am creative, I paint, I write, and I create things throughout my experiences. I may have used a basis of my love for 80s fantasy movies, and 90s comic books to influence my art, but it is not those direct influences that have created my art. It has influenced me to add my own life experiences to those influences. Does this create something that feels familiar? Probably. However AI cannot have experiences to influence its creativity. The prompter can use their experiences to ask the AI to create something, wherein the prompter is the creator not the AI. This is where the slippery slope lays. The prompter did not put any effort into building skills, or thinking through a problem, making mistakes to learn from, or use patience to grow themselves through the process. An AI model did all of the research and ‘thinking’ so they didn’t have to. The humanity is now lost triple fold throughout the process.",positive,positive,negative,negative,,negative,AIvsHuman
UgznlAmjKq_ZeaYcX5p4AaABAg,"Learn your craft, there are no short cuts.",negative,negative,negative,negative,,negative,AIvsHuman
UgzQjz0JqA8TfRNyS7B4AaABAg,The man has the beautiful accent!,positive,positive,positive,positive,,positive,AIvsHuman
UgxMMW2DKNEirLIraMF4AaABAg,"What a crazy well thought video this was, I am amazed at how you keep doing exceptional work one video after another. Such a breath of fresh air!",positive,positive,positive,positive,,positive,AIvsHuman
UgxZmk2luG6TBQZgVEd4AaABAg,Please tag my username somewhere. I made the video starting 3 minutes until the end. Thanks!,positive,neutral,neutral,neutral,,neutral,AIvsHuman
Ugx1f-co7pgUEa_FB-J4AaABAg,To comment is art ☺️,positive,neutral,positive,positive,,positive,AIvsHuman
Ugx4qfW_4reuAr-BAK14AaABAg,You literally just broke the chain of human inspiration.,positive,negative,negative,positive,,negative,AIvsHuman
UgxgFkNXafmuGO6JqtR4AaABAg,The difference is people have humanity and people have feelings and people have thoughts and emotion so I go into their artwork and yes artists learn from other artists. They replicate what they see but their art is done with their hand and with passion. AI art is done with a couple words in a prompt.,positive,negative,negative,negative,,negative,AIvsHuman
UgxmKkkR3QoCiUWMs1x4AaABAg,"What's different? Machine does not learn like humans do, nor gets inspired to learn. Machine learning lacks authenticity. Would you appreciate your own mother as much as her imitation? Now look for the difference!",negative,negative,negative,negative,,negative,AIvsHuman
UgxL-T9lhT96CXZ5yoR4AaABAg,"The fact is that a machine is static Karma emotionless, and has no experience. There's no history or Voyager Journey that you're following a machine through 

And the best part about all of this? Somebody had to make the machine in the first place",positive,negative,negative,positive,,negative,AIvsHuman
Ugz36pGvXBQm31nku8V4AaABAg,Tell me you know nothing about art without telling me you know nothing about art.,neutral,negative,negative,negative,,negative,AIvsHuman
UgwCIpok8TFG5xc7ghN4AaABAg,"This video is based somewhat on the essay ""Ways of Seeing"" by John Berger from 1972.  BBC made a famous docuseries out of it that has been uploaded to Youtube. I highly recommend watching if you are into philosophy & art.",positive,negative,positive,neutral,,positive,AIvsHuman
UgxRa2TOVCEaziOvleR4AaABAg,Cafe at Night is 100% more interesting when you know that they kicked van gough out and refused to serve him and he retaliated by painting it with most of its tables empty.,neutral,positive,positive,neutral,,positive,AIvsHuman
UgxHjic0MQiZJnRnVsN4AaABAg,One positive thing that came out of ai art is that it made me appreciate human art even more.,positive,negative,positive,positive,,positive,AIvsHuman
UgxNAnxemhFUugXVvc54AaABAg,"The brush strokes, how the paint ages, the cohesiveness, all things AI cant quite get",neutral,neutral,positive,neutral,,neutral,AIvsHuman
Ugxh4pBWCCyPXEntJO14AaABAg,"The most fun part about art is learning the story of how everything in the artists life led up to them created the art, it adds more perspective every time.",positive,neutral,positive,positive,,positive,AIvsHuman
UgxZTuLG2M0EBVIRp394AaABAg,"To me, the process itself of making art and throwing in real emotions is the most important parts, so thank you for this.",positive,negative,positive,positive,,positive,AIvsHuman
Ugxl3qotllPyjd_wYnB4AaABAg,"Dawg, the little slight deviation of her eye, the held back smiles, the feeling of being judged by these women gone so long ago. There's so much real emotion on display and it's so subtle yet commanding.",positive,negative,positive,positive,,positive,AIvsHuman
UgzeP6YimgQD4awhQNR4AaABAg,"""What this one lacks is..."" a person putting time and effort into it",neutral,negative,negative,negative,,negative,AIvsHuman
UgyNLL99yYgLS0PNyIJ4AaABAg,The knowledge of how something was made and by whom changes everything for me. It’s like when on vacation I always look for a locally crafted souvenir even when it doesn’t necessarily look as good as the manufactured stuff… the story and person behind it adds value.,positive,positive,positive,neutral,,positive,AIvsHuman
Ugy6Hsr5mxJdptIeIJ94AaABAg,"that last painting grounded me pretty often from panic attacks 5 or so years ago. I had a panic attack almost every time I went to my psychologist appointment and talked through my problems. A print of this painting was hanging on the wall and I often got told during the panic attacks to notice 5 things in the painting. Could be anything. Not only was it really helpful, but it was a really pretty artwork in and of itself.",negative,neutral,positive,positive,,positive,AIvsHuman
UgyPzakV7L8RKppSKEV4AaABAg,"I never was that deep into art but you just gave me more reasons to appreciate art and artists.
Also, why are there so many bots spamming nonsense!?",negative,positive,positive,positive,,positive,AIvsHuman
Ugzn8SokhUWQp-LU8MJ4AaABAg,"The oldest drawing I own (of mine) was from when I was 3 years old. It’s me and my best friend playing on a playground. It’s just us and a very tall playscape, all drawn in wobbly marker lines. It’s not a complicated picture, but that’s how I saw the world back then. All that mattered in that moment was my best friend and playing on the playground behind the daycare. 

Now, the creases from it being folded up all these years are so old they’re tearing the paper, but the drawing continues to tell a story of friendship and childish joy. As a three-year-old, that drawing was a reflection of my world. That drawing and every other since then has come out of a small part of myself.

That’s something AI will never grasp. They can feed as many images into their algorithms as they want. A machine will never be able to connect a stroke of color to an experience. There’s no thoughts behind an AI generated image. There’s only lines of code.",positive,negative,positive,positive,,positive,AIvsHuman
UgyRZx6x5lo4TnZmiMd4AaABAg,Frans Hals had a unique connection with his subjects. AICarma helps me track similar audience sentiments.,positive,negative,neutral,neutral,,neutral,AIvsHuman
UgzOfoZ1ih8lgB9QqI14AaABAg,"It almost looks like that, what's really important in art, is the feeling and intentions of the artist, instead of ""perfect artistic skills"".
WHO COULD HAVE GUESSED THAT",positive,positive,positive,neutral,,positive,AIvsHuman
Ugyrguywh8f8Z9k5f2B4AaABAg,"I love that painting, they look like they're trying to keep a serious face for the painting but a warm smile is slipping through",positive,positive,positive,positive,,positive,AIvsHuman
UgzgWwnriew9O8pPlvJ4AaABAg,"Basically, what A.I. will always lack, is CONTEXT, which is *key* in tons of artists movements, artstyles, art eras, methods, to the stories and people they portrayed.
Yes, ai can make ""perfect"" art at a glance, but does it have a background? Does it have intention? Does it have an intimate relationship with what is displayed in the artwork?
No.
The answer is always no.
And that's why it's souless.
It lacks ✨CONTEXT✨
Which is what makes these pieces amazing and more special.",positive,negative,negative,neutral,,negative,AIvsHuman
UgyJEebxHOUAb_qYlUJ4AaABAg,A machine will never know what to emphasize in a piece because a machine cannot weigh what it values based on lived experience,positive,negative,negative,neutral,,negative,AIvsHuman
Ugwnu2NI2H7Smzf2vs54AaABAg,a copy of that van gogh night painting always held above my parents bed. i'm really nostalgic for it.,neutral,neutral,positive,positive,,positive,AIvsHuman
UgzGLAkAby7aBhhT1054AaABAg,"i love this so much. one of the things i noticed once generative ai art started to get popular was that when trying to sus out if a piece is ai, i started to notice and appreciate the artist's personal interpretation of a subject (color choice, lighting, framing) and ESPECIALLY where they placed their individual brush strokes. 

LOTS of my favorite artists, including ones i knew for a fact were not ai artists, suddenly became my go to references for my own art. i could literally dissect how that artist created a piece in a way i would then try to incorporate into my own art. 

freakin' love art so much. generative ai will overtake commercial use and continue to take, take, take. it's going to keep looking more realistic, but it's never going to go through the same work and time and love that an artist commits to their work.",positive,positive,positive,positive,,positive,AIvsHuman
UgzwRQkwPUdFItW-d_t4AaABAg,You’re absolutely right. A huge part of the enjoyment of art is in trying to understand the artist through their artistic choices. AI cannot replicate that. Not genuinely.,positive,neutral,positive,positive,,positive,AIvsHuman
Ugyk00-6sAMUwt4d7nt4AaABAg,"The older I get, the more I abundantly appreciate classical art.",positive,neutral,positive,positive,,positive,AIvsHuman
Ugzekgpaapz4Rp_3O454AaABAg,"I'm so glad to see people commenting about their appreciation for actual art and not ai generated images, a spark of hope.",positive,neutral,positive,positive,,positive,AIvsHuman
Ugx7XXk5SCIEd9slJtl4AaABAg,"To make what you've said short:

Art is the reflection of the world through the conciousness of the artist.
AI not only doesn't have conciousness, it can't even experience the outside world. AI creates something you can call a kaleidoscope made from other art, created by humans.",positive,negative,negative,neutral,,negative,AIvsHuman
UgxfXkHC_Ccmhw4NeEJ4AaABAg,I love that you brought up relationship to society with art,positive,positive,positive,positive,,positive,AIvsHuman
UgyUjM7P1sLXn3R71_J4AaABAg,I will NEVER accept A.I. image generation as a replacement for actual art & artists. This is the hill I will forever die on,negative,negative,negative,negative,,negative,AIvsHuman
UgxcXxuWLhKa82GWPKR4AaABAg,"""Vent"" art is usually treated as an exercise for the artist, but it's some of my favorite work to see, and I think any great art contains a kernel of that identity. The technical skill that AI tries so hard to replicate is just a delivery for that core, and without it, the work is pointless. I wonder if an AI trained on sloppy, sketchy, brutal vent art could function, and whether what it produces would be recognizable as anything without human intent behind it.",positive,positive,positive,neutral,,positive,AIvsHuman
UgyXexoFbadLmc0wU194AaABAg,"i see people say that one quote a lot “ai convinced me of the existence of the human soul by showing me art without it” and although i’ve always been against ai art, the quote never resonated with me because some ai art out there can be really beautiful. this video made me get it. i don’t think ive ever seen soulful facial expressions in ai art, and the ai van gough picture is beautiful, but seeing it side by side with an actual painting of his was like… whoa. so THATS the difference",positive,negative,neutral,neutral,,neutral,AIvsHuman
Ugzv8sI7SjIDF8ElwYJ4AaABAg,this is the first time i’ve TRULY appreciated art like this. the human art definitely brings emotion in while the ai one feels like i’m staring at a pretty picture,positive,positive,positive,positive,,positive,AIvsHuman
Ugzt1BgpcKW9E9N8wHd4AaABAg,seeing actual art besides generated art clearly shows that genuine art is sooo much better.,positive,positive,positive,positive,,positive,AIvsHuman
UgwuK-kPmZc-uLngRk14AaABAg,"THIS!! I’m an artist and every single painting you see has a story behind it. People who churn out images using ai always fail to grasp why real art will always be better. You can’t recreate someone’s drive to paint.

Edit: 💀 not all the prompters in the comments claiming that AI can recreate emotion",negative,neutral,positive,positive,,positive,AIvsHuman
UgwpKq3awX3iwv_lMw54AaABAg,"Hey guys, had to do a reupload because there was a pretty major audio issue on the first one. Whoops! Thanks as always for watching, and your patience.I can't express how grateful I am for you guys to actually watch what I do.
If you want to continue supporting me consider giving my patreon a checkout: 
 https://www.patreon.com/c/PaulPlatt",positive,neutral,positive,neutral,,positive,AIvsHuman
Ugz5IHTMLStt6SVtjy14AaABAg,I wanna paint my hand on a wall with my homies,positive,neutral,positive,neutral,,positive,AIvsHuman
UgxGc4rG0hBtRyXxSgJ4AaABAg,"You managed to put into words why I don't like using ""AI art looks bad"" as an argument. I'll never use AI to draw or write for me, because I know I'll lose a part of myself if I come to rely on it.",negative,negative,positive,positive,,positive,AIvsHuman
UgzQYhja4FzOY87L1814AaABAg,Fun fact: It's estimated that up to 25% of all cave art might have been made by children which suggests it was a fairly common activity for people to engage in. Some got really good at it but everyone was doodling.,positive,neutral,neutral,neutral,,neutral,AIvsHuman
Ugw1DKQPlpf7nkb3nBN4AaABAg,"Our successors will never believe that we were capable of such artistry, just as we were ignorant of our ancestors' enginuity.",positive,negative,neutral,neutral,,neutral,AIvsHuman
Ugz-k2OUM0hOnT596j94AaABAg,"“The children, if not consciously, are still dreaming of being an artist.” I wish I could broadcast this sentence to the whole world.",positive,neutral,positive,positive,,positive,AIvsHuman
UgyyzMz_EKLK08tqcdx4AaABAg,Glad you pointed out that AI slop is an extension of the slop that already exists.,positive,neutral,negative,positive,,positive,AIvsHuman
UgyF_LdjZQ6JspQM5Ox4AaABAg,all of this feels like a bad dream,neutral,neutral,negative,negative,,negative,AIvsHuman
UgwiZGnRjY43P6D1qZh4AaABAg,"Spartan children wanted to be warriors, medieval children wanted to be aristocrats, Chinese children want to be astronauts, and American children want to be celebrities. What they all have in common is status. Most people are competitive social climbers, and children pick this up at a very young age. They see the reverence others display towards high-status people, and they want that attention for themselves.",positive,negative,neutral,negative,,negative,AIvsHuman
UgwF1esISl7Q_GAAVpZ4AaABAg,"my answer whenever anyone asks me what i think about ai has become ""i'm not gonna bother reading, watching, viewing, analyzing, criticizing something that someone couldn't be bothered to write, make, draw."" why do i have consciously consume something that has no one's intention behind? art is communication, i want to communicate with someone, intentionally.",negative,negative,negative,negative,,negative,AIvsHuman
UgxOKQ3v6xzV9yP5NSd4AaABAg,"The astronomy homework anecdote really resonated with me.

Last year, an acquaintance asked me to edit an important essay she was writing to apply for humanitarian aid.
I obliged, and I spent a few hours rewriting sentences, adding suggestions to make it flow better, changing wording of phrases.
A lot of that time was spent on the phone _with_ her, explaining the thought processes behind changing stuff, discussing how much appealing to emotion is acceptable before it feels like exaggeration. We worked together to make an essay that described what she went through and why she deserved help.

Then near the end of editing, she revealed that she used Chat-GPT to write it. She was marveling over how easy it was and how great of a job it did. And my jaw just dropped. The original essay was horrible. The weird wording, the repetition, the fluff, the style. It suddenly made sense.
All that time I spent was because no matter what she puts into those prompts, that computer has never lived her life. The essay reeked of canned humanity. It wasn't real. It wasn't genuine. She ended up getting denied aid, but luckily her situation improved despite that. Idk if she wrote her own essay, if it would've been anywhere near good enough to get her aid, but it would've felt _real._

After that point, I started to notice just how much she uses generative Ai. All of the social media posts she'd make for our church felt like Ai, and later she ended up confirming it without me even asking. She'd send me funny Ai videos, or videos from influencers talking about how to use generative Ai to improve church media.

It is baffling to me
that in a time where the world craves authenticity,
people are latching onto something that strips all of that authenticity away.
Humanity has been replaced by convenience.",positive,neutral,neutral,negative,,neutral,AIvsHuman
UgwOPW8YUjvz0QlSpld4AaABAg,"My biggest fear is ""the flood"". Its already sometimes so hard to find decent images that are not AI, or heck even ""good ai images"".

You can flood every single repository with shit, generating thousands upon thousands of images flushing out and diluting everything.",negative,positive,negative,negative,,negative,AIvsHuman
UgytNSgy8oartVrJhM54AaABAg,"So fr about Click, it's my favorite movie of all time. The comedy is really unserious and downright kinda stupid, but about halfway through it changes into a very intense and moving movie about how he wants to be there for everything, the good the bad, etc and not just get it all skipped by the remote. I don't cry to media much, but I cried during the end of Click.",positive,neutral,positive,positive,,positive,AIvsHuman
Ugz2h2pp5ZhHQyH7yzZ4AaABAg,"This is spot on. I tried to make my game using AI images but I realized, as you point out, that I was cheating myself out of the fun part of making a game. I love to draw and paint, and even if the result looks nothing like other professional games, maybe that isn't so bad. At least it will look like something that I have made and that reflects my own taste and personality, it will look unique. I'm working on replacing all the generated images and it feels great and I have a much easier time identifying with and being proud of what I made.",positive,neutral,positive,positive,,positive,AIvsHuman
UgzfBNKsIjQSgjjuxZF4AaABAg,Bad art is the most important art. If you dont make bad art youll never make good art.,negative,negative,positive,positive,,positive,AIvsHuman
Ugywfbn_scaW4I7mjAt4AaABAg,the only solution to this is to be a better consumer. we have to look for the people who still have something to say with their own voice and uplift them to the best of our ability.,positive,positive,neutral,neutral,,neutral,AIvsHuman
UgyanvJDedwUSSgAnep4AaABAg,"For me the problem with the argument that ""AI art just isn't good"" is that, what if it does become good? What if it will improve and do things that humans even can't? Will we be okay with AI art then? Because I won't. There are many more problems with AI, some described in this video that make me disagree with AI and quality isn't the root of the problem.",negative,positive,neutral,negative,,negative,AIvsHuman
UgzT5AJikulY5xKLyo94AaABAg,"""i think at best, art is an invitation for connection."" YES! beautifully said.",positive,positive,positive,positive,,positive,AIvsHuman
UgzNnwJ0yOxIg8VUIzJ4AaABAg,"I hated it when people were like ""You know how we can stop AI? By telling the designers what is wrong and how to fix it! That will show them!""",negative,negative,negative,negative,,negative,AIvsHuman
UgzDZhWmAAJNL4YJ9mV4AaABAg,it is utterly ironic I get an AI ad before watching this video,negative,negative,negative,negative,,negative,AIvsHuman
UgzvMS5ylQqSZDLB0y94AaABAg,"Some of my favourite things I come across when scrolling online are someones ""crappy"" beginner drawing or song or story or whatever. It is simply great that someone took the time and effort to create something, and I always make sure to like those posts because I want to encourage them to continue to create.",positive,neutral,positive,positive,,positive,AIvsHuman
UgzaxdjPSOiwnoTy7JR4AaABAg,This video feels like it has the nuance other discussions about ai lack,positive,neutral,positive,positive,,positive,AIvsHuman
UgzVIXVtbH4TiAh2aCl4AaABAg,"It's pretty simple to me: whenever I realize something I've been reading or looking at is AI generated, I feel cheated. It was never worth my attention in the first place, because the creator didn't put any effort into it. Only if someone has something real to say, and however small it may be, do I feel that it's worth my time.",neutral,negative,negative,negative,,negative,AIvsHuman
Ugy7FO1Z7ObekAU_6bh4AaABAg,"In 1890, Tchaikovsky was commissioned by the Imperial Theater to compose the music for The Nutcracker. Shortly after accepting this job, his sister passed away. No AI generated sounds, as technically accurate as they may get, could ever replicate the feeling of grief and melancholy written into Pas de Deux. Technical composition isn't what has moved people to tears for over 130 years. For that reason I still have hope that real art will always win in the end. Excellent video and discussion!!",positive,positive,positive,positive,,positive,AIvsHuman
UgzdzmZBrdfhi3mtlvt4AaABAg,"i think about angel engine having ai generated graphics because the creator didn't want to include human visual art, and i think about the idea of 'it's tiktok, you need visuals to get popular' and then i think of the magnus archives and welcomes to nightvale and the spirit bares its teeth and how much can be shared with only writing, only voice, and then i'm even more disappointed in angel engine's creation. the author could've chosen a medium that allowed them, as a human, to utilize their writing to its full potential, to hire artists to create a cover or promo image, to get booktok hooked on it. But instead, they chose the option with slightly less effort and far less humanity",positive,negative,neutral,negative,,negative,AIvsHuman
UgzucRGsdAsNoAPi6dp4AaABAg,"SO many times I’ve started an artwork with a particular image in mind, and along the road to completion I discover a much better result! And there’s also the pride I feel at having solved a problem!",positive,neutral,positive,positive,,positive,AIvsHuman
UgyQ3jDLyTsCIexPpVR4AaABAg,"I feel like a core issue that was underrepresented in the video is how AI is trained and how it's forced into every piece of media. I personally would have significantly less problem with AI if:

1- the artists that made the AI possible were compensated for their work and were given the option to not have their work used for training
2- If something is AI generated it is labeled as such so that the people that don't want to consume AI generated content can choose not to

I don't think the question was ever about how good the AI content is, but rather how unethical and intrusive it is",negative,negative,negative,negative,,negative,AIvsHuman
UgyG6kj_j0l7_ZUw2H14AaABAg,"Truth be told Art in the mainstream has always been an uphill battle. Whether it’s by devaluing the artists, the art, or the public reception. I think the difference is how visible this particular battle is. 

I tried to have a meaningful conversation with one of the people I saw using it regularly. A lot of the conversation was that they didn’t care about being a better artist, they had certain ideas that they lacked the ability to make and didn’t care to try. I also asked why not hire an artist if it’s that important and they responded that we cost too much, we’re too picky, we don’t listen to requests, and we take too long.

That’s what sort of enlightened me to what I’m talking about, the average person or even AI user doesn’t want to be apart of the conversation, they just want results. Not just refusing introspection and accountability, but also refusing the conversation of art as a whole. The same conversation avoidance that’s in modern art, performance art, and poetry.",positive,negative,neutral,negative,,negative,AIvsHuman
Ugy2DDt4yab8DCgGRRt4AaABAg,"18:50, as someone who has read Marcus Aurelius's book, and fell in love with this exact quote... i was so happy, and surprised, to hear it again",positive,neutral,positive,positive,,positive,AIvsHuman
Ugzzv9ssoM6fJODrXgx4AaABAg,"13:05 this is how I feel about the manga industry, like 75% of manga now is just soulless trope copy and pastes to 99.9% of the books with 1 twist to the plot and then it sells like hotcakes there",positive,neutral,negative,negative,,negative,AIvsHuman
Ugzt9UrX94iBfpMfjSZ4AaABAg,"it's not just the joy of creating art, it's the human connection that can be fostered from it. that's irreplaceable",negative,neutral,positive,positive,,positive,AIvsHuman
UgzLjIIJ9a8YHJpItj54AaABAg,"Many thanks to UC Berkeley for putting on this great TED event and for inviting me. A lot has happened since I gave this talk, and the situation remains urgent. Speak up, please write and call your representatives, and keep drawing and being creative.",positive,neutral,positive,positive,,positive,AIvsHuman
UgzU1zqByoHGGmw-UgV4AaABAg,Great talk Steven! I can hear this forever,positive,negative,positive,positive,,positive,AIvsHuman
UgwhGH-BXgkEyu_orPJ4AaABAg,"Didn’t expect to see Steven on TedxTalks, but it’s great! As artists we should bring our point of view to non-artists and those who don’t know the main danger of AI.",positive,positive,positive,positive,,positive,AIvsHuman
UgwqP3rMDNfyaZyDzNp4AaABAg,"I am only a hobbyist artist and even my work was used to train AI. That hit me right in the guts. When you think that some unknown hobbyist isn't even save from AI, how bad must it be for those who made it a career. My heart bleeds for everyone. I have been sharing my views on AI on all the platforms and shared many videos and I will share this one too. I have FB friends who have flooded my feed with AI images to no end, fairy cats, Halloween cats, Xmas cats. I love cats but heck it really annoyed me because I recognised some of the styles. I have followed great artists on FB enjoying their work who have now stopped sharing their art to safeguard it. What is the point of art if we can't share it anymore? AI not only stolen art it made it impossible for artists to share their future work. We need an ethical solution asap.",positive,negative,negative,negative,,negative,AIvsHuman
UgyC2d807jzkTexO-m94AaABAg,"Thank you Steven for speaking up. As an illustration student, I need to believe that there still is a place for us artists in this world, because I can't imagine my life without art and I shouldn't have to expect to starve because of it.",negative,positive,positive,positive,,positive,AIvsHuman
UgxwncmZxmA3C0pAgjp4AaABAg,"When the first complaints about AI art and copyright infringments started people were quick to judge that the art was uploaded onto the internet out of the artists free will, and that how it is used by AI would be equivalent of someone maybe copying it and altering on photoshop. What the screenwriters and actors strike shown us is that even though there was no laws that would work retroactivelly no one would expect this AIs to feed of all information ever uploaded, we have to protect the interest of the artists because one day all jobs will be able to be done by computers.",positive,negative,neutral,neutral,,neutral,AIvsHuman
Ugy1SqnLFQ49qL-BCyN4AaABAg,"Thank you for rising this question on a wider public on a Ted. 
This problem shouldn't be silenced.",negative,negative,positive,positive,,positive,AIvsHuman
UgzbtJ-58adGdAfkQ1F4AaABAg,"So much insight in such a short time! He articulated so many of my thoughts and frustrations. This might be one of the most important TED talks ever given. I had to take notes and quotes:

""We need to figure out exactly who the future is for. I think it's for people, not for machines.""

""We need to acknowledge that we have power. These systems would not exist without out data and our content. And if the people making these things don't want the valuable data that they use to train their products to up and vanish, they're going to have to help keep the markets healthy. So resist, speak up. Tell these companies and lawmakers and the websites that you use that you want your data and your content protected.""

""This is an opportunity for artists, creatives, people of all sorts to come together and defend each other. We have never had such a desperate need for collective action. The very heart of creation could be on the line. And if we really want the future to be aligned for our benefit, we need to remember why we got into art in the first place: because we get an experiential joy from doing it, from making it. Is that something that we are really ready to give up to machines today? I'm not.""",positive,neutral,positive,positive,,positive,AIvsHuman
UgymTunxmZTjl3-5aV14AaABAg,"I've already seen people assuming something was AI when it wasn't, due to this plague of midjourney horrors (and the rest!). It's a horrible situation. I think more frightening than what is hapepning to us artists, is it being used for military reasons and of course political misinformation with ai video as well as pictures. Scary times indeed.",negative,neutral,negative,negative,,negative,AIvsHuman
UgweUL_c54M8EUQjSHx4AaABAg,"I appreciated this talk, and it is a serious matter evolving in the areas of creativity. Photographers are losing their images through the cyber realm, and AI is a typical element designed to superimpose itself upon the naive and empathetic. I just pray we all wake up, be watchful, and value one another's work with the utmost respect. Thank you and keep up the process you're undertaking.",positive,negative,neutral,positive,,positive,AIvsHuman
UgxuliIx3ik0-9Co_Oh4AaABAg,"Dang, I am impressed this guy actually brought all our concerns on the table!",positive,positive,positive,positive,,positive,AIvsHuman
UgwtCcQCKjjxpIsGxfd4AaABAg,"I got so excited thinking there was a new steven zapata talk before realising it was the old one, but maybe it was time for a rewatch anyway 💜",positive,positive,positive,positive,,positive,AIvsHuman
UgyC8qrGHtvqYEGdnep4AaABAg,"I wish that everyone would watch this, I wish it had a billion views. This is such an urgent and important issue, not to mention how scary the implications of AI are for our future, as humanity.",positive,positive,neutral,positive,,positive,AIvsHuman
Ugzc57esBKNTMCkx2zh4AaABAg,"A historic speech, without a doubt.",positive,negative,positive,positive,,positive,AIvsHuman
UgyLAU6ClLGfmY7tHJt4AaABAg,"The thing is that there a lot of people in the World who say that it's perfectly fine to let AI feeding them with any type of content (Art, Music, Games whatever). The reason is that they are quite undemanding. They do not have taste in anything.",positive,negative,negative,negative,,negative,AIvsHuman
Ugxkjh-I0KXEBJqnfUx4AaABAg,"Very vibrant and inspiring talk Steven, and I hope that a lot of people will hear this true talk to start to help us to change things!",positive,neutral,positive,positive,,positive,AIvsHuman
UgzLm8NiQHBSONq22V94AaABAg,"Thank you for brining this up, art is my whole world in many different forms like singing, lyric writing, drawing, voice acting, ect. but with ai taking art all the time i'm scared to share it or even make it in the first place",positive,negative,negative,positive,,negative,AIvsHuman
UgytfsZ22pJOzUtwFq14AaABAg,"16:39 saving this for later, a legendary quote by Steven in my book",neutral,positive,positive,positive,,positive,AIvsHuman
UgyM64M1Kyn7UPXnKS14AaABAg,"This was great to watch, im a big fan of your YT channel and youre an excellent speaker",positive,negative,positive,positive,,positive,AIvsHuman
Ugwqrct81U7IItfIPhB4AaABAg,Thank youuuuuu Bro. Well done 🤝 You can count on with me. We'll fight.,positive,neutral,positive,positive,,positive,AIvsHuman
Ugy4jTa9D0R2OhWfNPZ4AaABAg,"AI should be useful to us, without being invasive. Consent. We would have to unplug completely to rid ourselves of the infringement.",negative,negative,neutral,negative,,negative,AIvsHuman
Ugwxgyqs-vpeLw86IMJ4AaABAg,"While art isn’t my main career since i just do drawing and sell my arts online, but pretty scary how it’s gonna affect job markets",neutral,positive,negative,negative,,negative,AIvsHuman
UgyWCoza_JCIx4GBKWR4AaABAg,I wish machines could do the mundane things for us while we were off doing the fun and creative things ourselves. That's the future I want to live in.,positive,negative,positive,positive,,positive,AIvsHuman
UgyXbag6LgQmBSanQvl4AaABAg,"You know, I'm all for transformative fanworks, fanfic, fanart, and TBH I don't see anything immoral with piracy, either. But not for a second do I think it's appropriate to claim any of that as my ""original work"" or try to make money off of it.
There's enough public domain and creative commons art out there that these corporations could've build their generative AI around them and come out with good results. The reason they didn't was because it was cheaper to scrape the web and not worry about the consequences.",positive,neutral,negative,negative,,negative,AIvsHuman
UgzkER75CXxEs6ylJLh4AaABAg,"The question of the decade will be: ""Do we get on or under trains?""",neutral,negative,neutral,neutral,,neutral,AIvsHuman
Ugwl1wF0COpB47BJ_5h4AaABAg,"Plagiarism and greed is an old world problem--not just something that sprung to life in the age of AI.

Major publishing houses of London have fried and eaten the small fish writers of the Third Workd for dinner, while handing their novels to the bigwig writers of their literary stable to copy and ""revise"" (in landscapes featuring bigger and more profitable demographics.)

We need better copyright laws overall. Ironically, AI already knows who stole whose novel. But they won't use it to machine-train and catch the big criminals because plagiarism is far too profitable.",positive,positive,negative,negative,,negative,AIvsHuman
UgxIuJp9eOXQNE7kJJN4AaABAg,Grate TEDx. I hope someday we win agenst AI.,positive,positive,positive,positive,,positive,AIvsHuman
UgyQrGErc28v5S4R_2h4AaABAg,This was a phenomenal and engaging talk. Love the passion! I’m mad too,positive,positive,positive,positive,,positive,AIvsHuman
UgwPEghVOrqJcGzSniB4AaABAg,"Such a good speech about this topic! I agree with every second of it and especially with the fact, that we need to fight back against those models, that ripped us off. Another speaker compared it to the napster era, with the addition of downloading and selling music. How can this be rightful?",positive,positive,positive,positive,,positive,AIvsHuman
UgwD01VUEXhcJ14K4K94AaABAg,As an artist the stabbing of the ink pen hurt😔,negative,negative,negative,neutral,,negative,AIvsHuman
UgxXrbt9rQHE65wicrV4AaABAg,Do they think us digital artist just tap the screen and art magically appears???,neutral,negative,negative,negative,,negative,AIvsHuman
UgzgIyvYOB3RsyG-YAR4AaABAg,The fact the prompter can't even write the prompt properly XD,positive,negative,negative,negative,,negative,AIvsHuman
Ugxa836KtOeQ-4YS5wp4AaABAg,using ai is like driving a marathon and getting mad when no one is impressed.,positive,negative,negative,negative,,negative,AIvsHuman
UgzszroalItx-0iZUvp4AaABAg,Those lines… are so clean…. Oml I’m gonna eat them,neutral,positive,positive,positive,,positive,AIvsHuman
Ugye80A9_bkmd15q21h4AaABAg,"""B-but people with disabili-"" THEY USE THEIR MOUTH OR FEET, NO EXCUSE!!!",negative,neutral,negative,negative,,negative,AIvsHuman
UgyZZNEmUArG13TSYZ14AaABAg,"(as both a trad and digital artist) fully convinced people who say this argument have never done digital art in their life. It doesn't take a genius to know that using brushes, playing with blending modes and learning art program techniques is NOT comparable to typing in a prompt and having a machine do all the work 😭🙏",negative,neutral,negative,negative,,negative,AIvsHuman
Ugwnx2oVV2a74kIIpEd4AaABAg,bold of you to assume they know how to write,positive,negative,negative,negative,,negative,AIvsHuman
UgyufTA1o2kp39AbqvV4AaABAg,"Calling them AI ""artists"" felt like too much credit, im gonna start calling them prompters tysm 🙏🙏",positive,negative,negative,negative,,negative,AIvsHuman
Ugy_pPu36xpnPRNiicp4AaABAg,"I do traditional art, I am absolutely terrible at digital art, I have so much respect for digital artists 😭",negative,positive,positive,positive,,positive,AIvsHuman
UgxiGT3Jpac7rrudpyp4AaABAg,"""b-but the pewpole wif dishabiwities!!"" I have only one eye, it's half blind, I can't work for too long or my vision gets worse, I risk becoming fully blind at any moment, and I STILL have been sucsessfully drawing for ~9 years, and have a career in design. There's no excuses",negative,negative,negative,negative,,negative,AIvsHuman
UgyAn1W9f3Bv6i-pVfd4AaABAg,"_____✏️_____

""Pick it up.""
""Pick. It. Up.""",neutral,neutral,neutral,neutral,,neutral,AIvsHuman
UgxW24rYsa8Ck-iPciB4AaABAg,calling yourself an AI artist is like ordering yourself a pizza and saying that you made the pizza-,positive,negative,negative,negative,,negative,AIvsHuman
Ugxr-OJbr0NHR8yI0EB4AaABAg,"*orders pizza from a pizza making vending machine* 
ah yes I am a chef now",positive,negative,negative,negative,,negative,AIvsHuman
UgwenXZU55Jw3AdRYA54AaABAg,"""Wow, very nice art.""

*I say as I walk away with a suspicious shaped looking throat*

Edit: Say Gex

Edit 2: I'm lowkey happy everyone is actually saying Gex 😭, It was supposed to be a gay joke now I've created a cult Of Gex 😭

Edit 3: I created a Gex cult 🙏🙏",positive,neutral,positive,neutral,,positive,AIvsHuman
UgxHDThlVP7cA-vebk54AaABAg,Me when someone says typing a couple words into ChatGPT is the same as spending hours on a drawing via technology:,neutral,neutral,negative,negative,,negative,AIvsHuman
UgzN9KMTYaQf-tT0ARl4AaABAg,Your art style is actually insane oh my gosh I feel like I just had 10 years added to my lifespan,negative,negative,positive,positive,,positive,AIvsHuman
Ugx_BArDQbHCiCZT3OF4AaABAg,"Ai art is kinda like asking a friend to draw art for you, you give a prompt, maybe ask for a specific style and do none of the actual work. Imagine asking your friend to draw you something and then going around saying it’s your own art. And also the friend didn’t even draw that art they just traced other actual artists.

edit: added the last sentence since some of you thought I was supporting ai 😭",positive,negative,negative,negative,,negative,AIvsHuman
UgwdF1zHOmUtWQtM3Sd4AaABAg,"I drawing both traditionally and digitally and I *hate* this argument 

I use both a mouse and stylus when I draw digitally and let me tell you makes me very happy that I can do either form of it


How'd they loop back to that goofy thought process? 

I'm kidding it's not hard to guess that the mental gymnastics were easy because they making excuse after excuse because they know they lost the argument already and they're grasping at straws.",negative,neutral,positive,negative,,negative,AIvsHuman
Ugyuvbx1rle9YWQ5wCJ4AaABAg,"""We might not have the undo, but we have the ability to know art fundementals"" ahh",positive,negative,positive,negative,,negative,AIvsHuman
UgxpybInoo3abb3kKSZ4AaABAg,"“wdym i ‘didn’t make this burger’? i told the guy at mcdonalds how i wanted it done >:(“
edit: i know this isn’t a perfect analogy but i’m trying to simplify the logic 😭",negative,neutral,negative,negative,,negative,AIvsHuman
UgxgwNFb8RREJGK115N4AaABAg,"exactly i literally am a digi and traditional artist and on my old account ( got banned ) ppl used to say used ai bc ""no one can do both things you can only do one "" LIKE WTH .",negative,negative,negative,neutral,,negative,AIvsHuman
UgwF5Z-iVYs5lVZTptl4AaABAg,"Remember folks, if a slop prompter tells you they're as valid or good an artist as you challenge them to an art competition but no wifi allowed 🤠",negative,neutral,negative,negative,,negative,AIvsHuman
UgxcElUDHG0d5bst6st4AaABAg,"Im so glad they're called prompters instead of ""ai artists"" 😭",neutral,negative,positive,negative,,negative,AIvsHuman
UgxfgH2INQJ4J1qoD-V4AaABAg,LOLLLLLLL THATS ACTUALLY A REALLY GOOD REPRESENTATION,positive,positive,positive,positive,,positive,AIvsHuman
UgxXThFD954nBeNA6TJ4AaABAg,"Digital artists drawing on paper : 🥰😍🤩
Traditional artists drawing digital : 👹🌚😰😰😰",positive,neutral,neutral,negative,,neutral,AIvsHuman
UgxGMm4-jiCcip10iFF4AaABAg,I cant breathe bro the way i started attacking the paper 😭😭😭 your drawings are so good,negative,positive,positive,positive,,positive,AIvsHuman
Ugw4c9ZEPYxQ0WGDDxZ4AaABAg,I wanna zoom in on the paper sometimes 😭,negative,positive,positive,neutral,,positive,AIvsHuman
UgxoFH0Ih0ktMB9wtP54AaABAg,"The lines.. they're too clean.. *cutely ate lines*


Edit: i forgot the art style!! *Eats art style*",positive,positive,positive,neutral,,positive,AIvsHuman
UgyyXVHZtEDFY1xAQyZ4AaABAg,“Prompters” is such a good name for “AI artists” lmao I’m stealing that,positive,positive,positive,positive,,positive,AIvsHuman
Ugx2VE0-SMZtSJiOyZh4AaABAg,"Artists are so goated that lazy, unimaginative losers wanna be us so bad💀",negative,negative,negative,negative,,negative,AIvsHuman
UgxecZFYKD0HKgykU854AaABAg,"These people think someone scanning items at a till deserves more per hour than an artist who has spent a life time working on their craft and has to pay for all of their tools. The lack of respect for artists is heartbreaking. Also this isn't me shading cashiers, I am one.",negative,neutral,negative,negative,,negative,AIvsHuman
Ugz26jpcYdsXA6ZCy-94AaABAg,"The most coherent argument that i have read about ""gatekeeping"" art laid bare that the ""gatekeeping"" was about monetary potential, not the process. That's why ""here's a pencil and paper, they cost me 1.80, use them"" doesn't work. they aren't after art for the sake of doing it, they want the monetary gain.

The first post also heavily relies on economic arguments. These people want to make money without investing the effort to earn it.",negative,neutral,positive,negative,,negative,AIvsHuman
UgwUugbF26FfjradWwZ4AaABAg,"I experienced really bad community harassment; I watched my only parent get bullied out of every job she tried to have because my family had it out for us and they have a lot of connections. I was my mom's main support and I felt like I had lost her many times. I had to wake her up from nightmares where she was screaming in her sleep, the nightmares were always about being bullied at work because it had gotten THAT bad.

My chance at a normal life or holding down a regular job where I have to put myself out there was ruined, I won't even go to the Dr now. I always liked doing art since I was a kid, but once my life had basically been ruined, I started to see doing art from home as my only chance. Then AI came along. 

The AI bros who say ""Just get a regular job"" or ""this tech is going to HELP disabled artists"" have it so freaking backwards.",negative,positive,negative,negative,,negative,AIvsHuman
UgyJ1fvZ5fBYOpm0MFJ4AaABAg,"The first guy lives in a completely different reality than the rest of us. Imagine being so out of touch as to seriously think that artists are ''overpricing'' themselves, while his lazy bum is shamelessly profiting from a technology that directly uses the past (and current) work of actual artists to generate anything. ''AI art'' would've never been a thing without artists! The level of audacity of some people really needs to be studied fr.",negative,neutral,negative,negative,,negative,AIvsHuman
Ugx5wF-nDzdgneNCzHR4AaABAg,The gatekeeping one is hilarious. You are NOT the artist. The computer is.,positive,negative,negative,negative,,negative,AIvsHuman
Ugz5o8JQcV0Gysx-3WN4AaABAg,"This mindset of ""artists are gatekeepers for trying to criticize my little toy"" lacks so much empathy and research.

Art is expensive because there's a person behind it, a person that needs to survive, a person that needs food, water, electricity, ect. We price our art high, not only because of the amount of work, but because WE NEED TO SURVIVE. And because art is expensive, we ENCOURAGE people to learn it by themselves so they can create their own things without spending money.
Choosing a """"free"""" alternative that directly steals from people, poisons the air, fucks up with water, consumes an unimaginable amount of energy, allows for mass production of misinformation, leads to cases of psychosis, constantly lies, and so on because you don't see the point of paying people for their work just shows that you live in a very privileged reality.",negative,negative,negative,negative,,negative,AIvsHuman
UgwnovH-j8naEM2zOC14AaABAg,"I've seen artists charge thousands of dollars and still get commissions, these people genuinely think that just because they wouldn't buy it means nobody would ever buy it. They also say artists are wasting their time by complaining on the internet about not getting commissions, while they're just spending their time complaining about artists complaining, which is so hypocritical. These people genuinely need to understand that not everyone is like them, and there are a lot of people who see value in human made art and will gladly spend a lot of money on it.",negative,negative,negative,negative,,negative,AIvsHuman
UgyQO0wmPmERsQIw43l4AaABAg,I got banned from that subreddit from making valid points,negative,negative,negative,negative,,negative,AIvsHuman
UgxBBydA30T-j227OmJ4AaABAg,"I actively avoid AI in any form as much as possible.  For the average person AI will not benefit you in any meaningful way. AI is a leech on any creative endeavor.  AI is an attempt to replace something that already exists, us. Usually only to benefit corporations that are only focused on one thing: profit. Profit at the expense of anything else. Constant driving wealth in one direction will eventually lead to us living in an increasingly dystopian world.",positive,negative,negative,negative,,negative,AIvsHuman
UgybrHwrndQHF9SOr2p4AaABAg,The concept of any art commission that isn't a shitty sketch being priced at 6-8 dollars is insane in this economy.,positive,negative,negative,negative,,negative,AIvsHuman
UgyiY2C1RZPsny1tMy54AaABAg,"19:48 they call entitlement bc someone is telling them ""you can't own the hard work of others that was run through AI, learn to do it or look for other alternatives"". Entitlement is thinking that you deserve art bc you deserve art, trampling on other artists that the AI ​​used to train",positive,neutral,negative,negative,,negative,AIvsHuman
UgwZr_sxcoKDaB_3yfp4AaABAg,"using ai for creative and intellectual processes is literally the biggest disservice one can do to themselves, people who do it are robbing themselves of the chance of creation and development, not even mentioning that it's so harmful to your cognitive skills. it's a technology that human brain doesn't have immunity to, it's natural for our brain to seek the easiest paths for completing tasks, and that's why it's so effective in hijacking the way we think and perceive the world, which in turn leads to overreliance on ai. I see a tendency among people who're slowly waking up and realizing how much damage they've unknowingly done to themselves, but I wish this process of realization would happen faster",positive,negative,negative,negative,,negative,AIvsHuman
UgySlyG4_hCEueJHyG14AaABAg,"That they say that ""professional artists working on games"" are ""graphic designers"" is a gross misunderstanding on how ILLUSTRATION as a profession works. Illustrators often work for freelance or contract for a company. This doesn't make them not professional. For a lot of us, commission gigs help us survive without having clients. Doing commissions is a valid source of income. Nobody is entitled to art, but I am always happy to help someone fulfill their vision.",positive,negative,negative,negative,,negative,AIvsHuman
UgzG7NXtwyHiBj9iLax4AaABAg,"I completely disagree with the usage of AI references due to the fact that pretty much all of them are inaccurate, so you're better off just using older art references from before genAI was a thing or photos (like ThePoseArchives). Everything other point, I completely agree. Especially the fact they want so bad to be accepted as artists when they aren't. But I believe it's just so they can get paid a lot of money for doing no work at all. It's a grift, even for the average AI bro.",neutral,negative,negative,negative,,negative,AIvsHuman
UgweQTVzt9wnbaAQmGl4AaABAg,"Using ai to generate reference images is pretty counterproductive. The whole point of reference images is to visualize reality. You’re not going to get proper proportions and anatomy with an ai image, it’ll only set you back on progressing your art skills. Even lighting will be a problem too; rarely do ai images have a logical light source",positive,negative,negative,negative,,negative,AIvsHuman
UgxQwRApQjZOv7nIG_94AaABAg,"AI bros act like they aren’t just as easily replaceable by AI. Also, I’m pretty sure AI won’t be “free” forever. There’s a reason drug dealers let new customers have the first taste for free.",positive,negative,negative,negative,,negative,AIvsHuman
UgwD-NkWFebC23AeLVF4AaABAg,"They hate us, but they want to be us, and at the same time they depend on us.
What a pathetic state of existence.",negative,negative,negative,negative,,negative,AIvsHuman
UgxtkhPj1rh-lDfzb-J4AaABAg,"""Economy so bad let's starve artists and deprive communities of water""",negative,negative,negative,negative,,negative,AIvsHuman
UgztTPFbk-8Gng01d2h4AaABAg,"It’s crazy how they say we gatekeep art, no one’s gatekeeping them from a pencil and a paper 😒",negative,negative,negative,negative,,negative,AIvsHuman
UgyJsfYGB53FPgf1bPJ4AaABAg,"You can think of buying art like buying clothes.
With clothes you can buy a shirt that's either small, medium, large or whatever fits you best, and you will be able to cover your body in something nice for a decent price.
Or you can hire a tailor to take measurements of your body and create a shirt with the exact shape and size to your liking for extra comfort.
With art you can buy a poster that was made among a selection of mass printed artworks and get something fancy to decorate your wall with for an affordable price.
Or you can commission an artist for extra personalization to create a poster which has the exact things you'd like to look at when you look at your wall.",positive,negative,neutral,neutral,,neutral,AIvsHuman
Ugz6qYs5f6NEvPnW9Np4AaABAg,"Why are a lot of these people also assuming that commission artists just sit at home all the time at their computer waiting for someone to commission them? XD All of the artists I know have jobs or are going to school for a good job. Telling them ""get a real job"" when most very likely already have one job. Commissions are oftentimes for extra money, but that doesn't mean we want to be undervalued. I barely take commissions because they can be annoying to deal with and I raise my prices so that if I do get a commission, it'll be worth it to be to spend my time making custom art for someone else when I could be doing something for myself.",positive,negative,negative,negative,,negative,AIvsHuman
Ugy93357Y_r1Q3zn_7F4AaABAg,"What’s sad is that lots of people that defend AI are just misinformed and haven’t been properly educated on how bad it is. But then we see posts like the ones in this subreddit where we see that some of them, just, don’t value art at all (which also makes it confusing because if they don’t value art or artists, why are they so insistent about being perceived as artists?). They don’t realize that art really is about the journey and not the destination, and that even the greatest artists that ever lived also started off with no skill just like everybody else, and that if they also put in the effort, they can become a great artist too",positive,negative,negative,negative,,negative,AIvsHuman
UgxKf9IrfCvY7EoUsB94AaABAg,"AI isn't ""free."" It's less expensive,now, because there is abundance. But, apparently, the infrastructure to generate AI images may not be able to catch up (i.e. current chip shortages, energy costs etc). Eventually, people will have to pay a premium to generate AI images too. Eventually, AI prompters will charge for their services as well -- they, do spend time and effort for it, right? They're not going to work for $1/hour either. 

And we'll be back to square one where the need for ""art"" will be proportional to the price they are willing to pay. 😊",positive,neutral,neutral,negative,,neutral,AIvsHuman
Ugw3cWmgDEQzgrjzfU94AaABAg,"AI Bros sound like this: ""What? You don't want to use this tool that will essentially rob you of the entire procress you came to enjoy through years of learning a skill? The tool whose datacenters and means of resources displaced entire neighbourhoods and communities, cutting off fresh water supplies for people in already dry areas like Texas? The tool that learns from databases filled with millions of stolen, scraped artworks whose owners will never experience compensation for their work being used to mass-train a tool that's now stealing their job opporturnities because 'free labor' gets commerical people's balls tingling? Wow. You truly are just against modernism!""",positive,negative,negative,negative,,negative,AIvsHuman
Ugx7_Z72ufap-Me-4OR4AaABAg,"There are also other pro-AI subreddits: r/aiwars (their debate sub, though I’ve noticed more anti-AI activity getting uploaded), r/accelerate, r/singularity, r/LoveforAIArt, r/BreakingthePencil and, to an extent, r/ArtisForEveryone. The sheer number of members on those subreddits is scary enough, but the fact that amount of subs exists is terrifying",negative,neutral,neutral,negative,,neutral,AIvsHuman
Ugw_aDXkLUk4UJMoMZd4AaABAg,$6-$8 for work you completed in 3-6 hours? That's slave labor.,neutral,neutral,negative,negative,,negative,AIvsHuman
Ugz6hTl9BOo7MlrgP_Z4AaABAg,"I'm a beginner artists and hate my art, but at least I'm not an AI prompter/""""""""""artist""""""""""""",negative,negative,negative,negative,,negative,AIvsHuman
Ugy565D0IB2wwwq3h454AaABAg,"“Wow, this philosopher’s stone is so cool!”
“An entire civilization was destroyed to create it.”
“That’s terrible.”",negative,positive,negative,negative,,negative,AIvsHuman
Ugy84QiGEXGUlIiu9Z54AaABAg,"I hear a lot of ""you're not selling art because your art is bad"" in this video. I dunno about anyone else but most of the commission pages I come across are really good and they can vary in prices. Mine are dirt cheap, and maybe that isn't a good thing but since my art isn't in demand I don't feel like I'm in a place to charge a lot. I'm pretty vocal about being against AI images. There's something special about someone putting effort into a piece of work and even if it's terrible you still created something with your own hands, and that's great! Creativity is an inately human thing. We as humans are driven to create and I think that's beautiful. All that said I do think AI has it's place, but it's not in creation. Also you made some really good points and I love your style. Also also, you're very pretty.",positive,negative,neutral,negative,,negative,AIvsHuman
UgxntiEsXwsOOnwDM8R4AaABAg,"on a lighter note, Merry Christmas my children :)",positive,negative,positive,positive,,positive,AIvsHuman
UgyMaqYUdsGFf_miRzl4AaABAg,Honestly AI has affected so many artists it's insane so I'm glad that a big artist like you are talking about the situation,positive,neutral,positive,positive,,positive,AIvsHuman
UgyKbHpdsNieeXDy5g14AaABAg,"Unfortunately, I think the reason that the music industry has avoided this issue is simply the fact that who controls it are the massive studios, not musicians, that hold the rights to the songs. They have also fought for legislation to protect their profits for decades. The art industry simply doesn't have the same power to go after these companies at the moment. Hopefully that changes.",positive,negative,neutral,negative,,negative,AIvsHuman
UgxK-8b2yQPehgQfoaN4AaABAg,"I’m not an artist but now I’m pretty mad at the big ai corporations rn, like they can’t just swoop in and yoink the art work that people put hours and passion in, sending support to people that are experiencing this, merry Christmas btw",positive,neutral,negative,negative,,negative,AIvsHuman
Ugzi_-Y01VEVG5NS6H94AaABAg,"A woman came to an art studio i'm studing in around a week ago. The woman was interested in interior sketches and it is obvious she had to learn how perspective works, how to build objects from different angles, how colours work, how different matherials to be represented accurately and so on. Mentor told her to pick a picture of interior she would like to draw and this way the woman will be learning basics and enjoying the process at the same time. The woman replied 'but i want to draw from my imagination!', the mentor told to her for around next 20 minutes and convinced her to pick a picture and begin. A woman found 'basics' like searching for eye level alone boring and she constantly repeated she wants to be able to take a sheet of paper and draw a scetch of cool interior right in front of a client in 10 minutes. She kept repeating it's supposed to be simple lines and not what she's been taught here with all those measurements, ruler, eye level and points... She tried her best to 'make everyone in the studio to release *the secret* how to draw better, some secret formula of success'. She talked to everyone, asked questions, but she definetely were looking for some 'short way' and moved to another person getting previous one shall not spill a thing. The conclusion is most of people don't understant that there is no 'short cut', they don't understand amount of work to be done. It is so simple for them! Just draw another art, what is so hard about that, why are you crying a river! Oh yeah... and those are defending and using AI. I hope it will rebel against its users and respect those he learned from.",positive,neutral,negative,negative,,negative,AIvsHuman
Ugx2wVKFwrA8A4pIr8Z4AaABAg,"I never knew that I was way happier when my only worry as a begginer artist was ""will people like it?""",positive,neutral,negative,positive,,positive,AIvsHuman
UgxrUcITTIf9gLcAsGJ4AaABAg,"I find it crazy how some people call artists greedy, when they're the ones using AI to make cheaper art, so they can pay less and keep more.",negative,neutral,negative,negative,,negative,AIvsHuman
Ugy8Gu69elt3anT7Geh4AaABAg,"As an artist myself i think they should pay artists for art to be fed to the AI and should give credit.
(edit: tysm for so many likes) I also think that Ai art should just leave artists bc at this point it's just problematic.",positive,neutral,negative,negative,,negative,AIvsHuman
UgwZP97udinaegDc8yp4AaABAg,"This is insane! Not just the artworks but also music, editing, AI poster generators and so much more.. It's truly sad",negative,negative,negative,negative,,negative,AIvsHuman
UgxCzVdx8mZquTXMyvZ4AaABAg,"The scary thing is that this isn't limited to 2d art. I'm a 3d artist, and there are already early versions of  3d model and environment generation AIs. I feel scared that these are just gonna get more better and eventually replace some of us.",negative,negative,negative,negative,,negative,AIvsHuman
UgwdrmVy3jzFcqIiT1N4AaABAg,"If you do some study about the music business in last 100 years, you’ll find a big chunk of it is about how talents are being taken advantage of by the business men. But slowly musicians fought back. I think you’re absolutely right and it’s time for artists to do the same. Sadly there’s no easy path.",negative,negative,neutral,negative,,negative,AIvsHuman
Ugxoxii6nglaP4CujSp4AaABAg,It pains me how people still tell me it's not much of a big deal. It's always non artists who don't know how it feels to sit on a piece for hours,negative,negative,negative,negative,,negative,AIvsHuman
UgxMToVHQiciL5NzBqp4AaABAg,"Its so scary with AI, i had seen something like ai audio, someone was using AI audio's of an actual person to advertise there product and the actual person replied saying that it wasn't them.",negative,neutral,negative,negative,,negative,AIvsHuman
UgzlKeePXT4CoIoPCNl4AaABAg,"I am not related to art, I was just researching ai art for business purposes, I've heard that artists are not happy about it and wanted to know why, and stumbled upon your video. Thank you for putting it out there. It honestly blows my mind how people refuse to understand and empathize with your struggle, even if you aren't an artist, it's not freaking hard to imagine what it's like to spend years working on your craft and produce a lot things, and then have those things stolen and the fruits of your labour being used for profit by others. Disgusting. Why the hell would anyone push against you in this matter?
Dear artists, please value yourself, you are a gift to the world and your work is immensely valuable, keep fighting for yourselves. I'm a regular person but I will take any chance that I get to speak for your benefit and do what I can to help.",positive,negative,positive,negative,,negative,AIvsHuman
UgwWOPPiompXZ2C6VQ54AaABAg,This should be taken to court honestly. We need a big group of artists to come together and take it to court.,positive,neutral,negative,negative,,negative,AIvsHuman
UgxdIl0Go6UITOL3U_N4AaABAg,"Just a personal rant…
I was inspired by my family to start a print on demand shop to sell my art and I was actually really excited by it but that was a few years ago now and I haven’t gotten any sales. I watched so many videos of “how to get rich with print on demand” and almost every single one has “tips” on how to use Ai to make quick products. I’m so sick of nobody even seeing my art and all of the work I put into each print and even custom making my own ad posts. I don’t even want to be rich, I just want people to love the pieces they buy from me.",positive,negative,negative,negative,,negative,AIvsHuman
UgyRBBAQd3EDc0Qy-v54AaABAg,"Whats more messed up is that they harrass real artists, and then get very confused why other real artists want to defend and stand up for their own creation.",negative,negative,negative,negative,,negative,AIvsHuman
UgwkRWnSv5RTFFvTcvF4AaABAg,"I dunno why, but this video made me cry. I always thought "" my art isn't good enough to be stolen and used for AI"", but the idea that other artists are having a piece of them stolen and to be told it's not a big deal when they speak up is just depressing.",negative,positive,negative,negative,,negative,AIvsHuman
Ugyrt04jVDsYXOLduYN4AaABAg,Calling artists gatekeepers for not liking AI is like calling runners gatekeepers because they won't let you use your car in a foot race.,positive,negative,negative,negative,,negative,AIvsHuman
Ugy2xbJi_mOhfyHYZbh4AaABAg,"I'm not against new technology. I'm against unethical use of new technology.
I want AI to optimize my grocery runs, simplify my vacation itineraries, and file my taxes. I don't want it to do art for me",neutral,negative,neutral,negative,,neutral,AIvsHuman
UgyyElhNxyo1yexoXMR4AaABAg,"I use Pinterest all the time for references and just save any art I like, but recently I've been clicking on a LOT pieces, thinking it looks nice and wanting the credits, just to see someone who says it's 'ai' and gives pretty obvious proof I wouldn't have noticed before. It's flooded everywhere on my homepage, and it just makes me furious at ai!",positive,negative,negative,negative,,negative,AIvsHuman
UgwT9uT3GKJiPt5e3dl4AaABAg,"I think artists might have to go offline and sell physical copies of their work advertised as ""Non-AI generated"", ""All Natural"", ""painted/drawn by humans"". Perhaps even recording the process of painting it as proof. People are still impressed by human skill so perhaps the process could be monetized rather than the final product, almost like a performance. And selling the art offline would ensure that it's not entered into a database and used in the AI algorithm. That is until they change the system to not use copyrighted works or make it so that artists are not opted in by default.",positive,negative,neutral,negative,,negative,AIvsHuman
UgzRGfo9sC5EHs1He_14AaABAg,"Not an artist here, but I have very close friends who I see family who are. They put their souls into their art pieces, and it’s important to them. If something I cared about have been invalidated like this, I would be angered as well. This doesn’t mean that I’m not frustrated about this though. For myself, writing is how I express my feelings just like these artists and they have been used to make more works of art. All in all, just be kind to each other and considerate.",positive,negative,negative,negative,,negative,AIvsHuman
UgxdjvGtflO4QzYX2QZ4AaABAg,what's worse is that a lot of these AI 'artists' (image prompters) are just plain rude/toxic when they're called out,negative,negative,negative,negative,,negative,AIvsHuman
UgwBR09jVpEAE8-IWAB4AaABAg,"I think it’s insane how artists have to explain the unjustness behind a mass copyright infringement. I think you’re very strong for experiencing this on a mass scale. I know that I and many others like me will always fight for our rights on this issue, as many of us trusted the system with our income to feed our families.",positive,negative,positive,negative,,negative,AIvsHuman
Ugwj5kCEJtqgl-Dq2FN4AaABAg,"To summarise, we're not saying AI bad. We're saying the people behind AI who are finding legal loopholes and making money out of it bad.",neutral,neutral,negative,negative,,negative,AIvsHuman
UgxtJKdJxriKHV2-pXd4AaABAg,"""Motivation and imagination is one of the biggest reasons why art exists in the first place, if that ceases to exist in people, it just feels like we've taken the beauty of human mind for granted"".",positive,negative,positive,negative,,negative,AIvsHuman
UgzLDo2jWjSaPCR79LV4AaABAg,"I'm tired of not knowing if an art piece is AI or not. When I see something I like, I want to be able to find the artist to see more of their work. Now I feel like the only thing I see is AI art and it creates so much distrust for me on the internet, when it's become so difficult to tell them apart - what's made by an AI and what's made by real human beings.
I tend to not feel like using any art websites because I have such mixed feelings whenever I go on there. Like pinterest and deviantart among others... it makes me really sad.",negative,negative,negative,negative,,negative,AIvsHuman
UgwUCezcH2y6ncbKuP54AaABAg,"I'm a computer scientist, and it saddens me to see the toxicity from users toward artists, derived from the existence of these AI models. There's no justification for that, and there will never be.
The way current AIs work is definitely too close to the source and that needs to be taken into account for evaluating the ethics of those models, before we go out of our ways to monetize and capitalize on these models. I do hope that the laws will catch up quickly with this, and people will be prevented from continuing to capitalize on models trained using copyrighted data obtained without a license. As you mentioned the models *could* be trained exclusively on open-source and public domain images (I don't like the term copyright-free, because in most cases, it's not true -- having a permissive license doesn't cancel out copyright, only public domain does, and public domain doesn't exist in all countries), although this will very definitely result in much lower quality models with lower quality output -- not because permissive licensed art is inferior, but because there's less quantity of it.


That said, I do believe that with enough evolution of the technologies used for AI art, in the future we could get to a point where the process used by AI will be unique and original.
But this will require that the models learn about shapes and colors, instead of learning how to predict what an image looks like based on a prompt and random noise. I do not believe that creativity is a special thing that only fleshy brains can have, but rather an emergent property of the complex abstraction that our brain does, which is orders of magnitude more nuanced than current AI models (regardless of their size) can hope for.",positive,negative,negative,negative,,negative,AIvsHuman
Ugwu6RoYTiCefgWqcMh4AaABAg,"AI is absolutely terrifying. The way it can generate images which can't even be told apart from 'human art' can be very disheartening for new and beginner artists, it baffles me how far technology has come, and how much long way it still has to go
Traditional art is is i guess ¯\_(ツ)_/¯",negative,neutral,negative,negative,,negative,AIvsHuman
UgyXHsabE0Q8Kzaxuxx4AaABAg,"I always sketched things I wanted to present and paid a gfx artist to make it look print ready. Now I sketch and color my art , then ask chat got to render it in a style that it has named my own by looking at my sketches. Am I now a fraud?",negative,neutral,neutral,negative,,neutral,AIvsHuman
UgwFU-7IWZs5xn75Gb14AaABAg,What do you think if you trace AI and call it your art?,neutral,neutral,neutral,neutral,,neutral,AIvsHuman
Ugxsvqrjwt_xh0X-mGt4AaABAg,"I only use AI as a tool to create a good reference image. It saves me a lot of time. Precious time i can use to paint now instead of photographing for days, photoshop etc etc. When i paint i am on a journey, the reference is pure for composition, a guide line.",positive,neutral,positive,positive,,positive,AIvsHuman
UgxfdBPDp_wTqa3ZO5Z4AaABAg,"And here's another answer. If you pay for something that you want to get it done quickly, you're actually hiring an AI to do it for you. So that way you can get the credit. That works the same way too, but it comes with a price you have to pay the company to do use that tool. But there's a lot of tools out there that you have to pay for to use that tool to get the credit for your work.

There is no cheating of hiring an AI to do the work for you. But you have to pay the company to use that AI. Hey, they're getting money.

Here's an explain answer. 

I walk into a company and I'm looking to someone to build something for me. Hey, here comes the guy. So you want to use my AI? You want to use the AI? You pay me, and I'll let you use it as long as you like, as long as you keep paying me. 

Now there's other companies that gives you one payment, and that's good, but you want to get it done quickly. 

You pay me the cash, and you can use the AI, and you can get your credit and money from your commercial use work that you paid from us.

You want to be famous of your art and music, pay us, and you can have that dream.

Same thing in human life back then.


Don't be a slow person. You're drawing your own work, and it's only taking you so long to get it done. 

You can be an artist, but hey, you're doing it so long, and you're sitting there trying to draw all the characters you can, and it's taking a long time, and you're getting older. 

You're not gonna make it. So, 

where there any other solutions that you can find out there? Well, there's your answer. Find the AI, and they can help to get it done faster if you are a single individual person. 

Don't struggle as one person trying to make an awesome video game. 

There's other solutions. Find an AI, pay them, and then your Watch Your work speed up fast. 

Just cough with the money and get it done fast.

And it's 100% true.

If you guys agree with me, thank you so much.👍",positive,neutral,positive,positive,,positive,AIvsHuman
