id,text,ai_opinion,Alex,Panagiotis,Athina,Antonia,Final Opinion,Topic,cleaned_text
UgwCgd6OEi5-QGXB7XZ4AaABAg,"I guess if it goes above 3 degrees, that would be a Mega El Nino?",neutral,neutral,negative,positive,positive,positive,Climate,guess goes degrees would mega el nino
UgwB_3T9xpBMgW1Ewmh4AaABAg,"I'm shocked at how charismatic DARA is. That's a huge plus from me, and the choreography comes second. Well done, Bulgaria! This isn't the type of song I usually listen to, but as a complete package, you deserve the top spot. Greetings from Croatia.",positive,positive,positive,positive,positive,positive,Eurovision,im shocked charismatic dara thats huge plus choreography comes second well done bulgaria isnt type song usually listen complete package deserve top spot greetings croatia
UgxwByLrO3YM3Y3AQZh4AaABAg,"If ewe say sew.
Plants tell me they love greenhouse gases, and would actually desire more. 
(like the good old times, during the dinosaurs)
Make Jurassic Periods Great Again",positive,positive,positive,positive,positive,positive,Climate,ewe say sew plants tell love greenhouse gases would actually desire like good old times dinosaurs make jurassic periods great
UgjnIIVXef-b33gCoAEC,"Turkey gave 12 points to this song, and more than 5 years i heard this everywhere in Turkey. We love you Greece !",positive,positive,positive,positive,positive,positive,Eurovision,turkey gave 12 points song 5 years heard everywhere turkey love greece
UgwiZ699f8tZF7Rlflt4AaABAg,Sr where is number one?????,positive,neutral,neutral,neutral,neutral,neutral,Eurovision,sr number one
Ugyw6gcmdqTC3z381pB4AaABAg,"All my votes for you Akylas! What a smart and meaningful song, and excellent staging! Well done Greek delegation! Greece 2027 🇬🇷🇬🇷🇬🇷",positive,positive,positive,positive,positive,positive,Eurovision,votes akylas smart meaningful song excellent staging well done greek delegation greece 2027
UgxHjic0MQiZJnRnVsN4AaABAg,One positive thing that came out of ai art is that it made me appreciate human art even more.,positive,negative,positive,positive,positive,positive,AIvsHuman,one positive thing came ai art made appreciate human art even
Ugxj-1M-JH_ROPcKHz14AaABAg,"GREECE IS MY FAVORITE COUNTRY IN EUROVION, EVERYTHING THEY SEND IS AMAZING 🇬🇷❤️🇮🇹",positive,positive,positive,positive,positive,positive,Eurovision,greece favorite country eurovion everything send amazing
Ugx_BArDQbHCiCZT3OF4AaABAg,"Ai art is kinda like asking a friend to draw art for you, you give a prompt, maybe ask for a specific style and do none of the actual work. Imagine asking your friend to draw you something and then going around saying it’s your own art. And also the friend didn’t even draw that art they just traced other actual artists.

edit: added the last sentence since some of you thought I was supporting ai 😭",positive,negative,negative,negative,negative,negative,AIvsHuman,ai art kinda like asking friend draw art give prompt maybe ask specific style none actual work imagine asking friend draw something going around saying art also friend didnt even draw art traced actual artists edit added last sentence since thought supporting ai
UgzfBNKsIjQSgjjuxZF4AaABAg,Bad art is the most important art. If you dont make bad art youll never make good art.,negative,negative,positive,positive,positive,positive,AIvsHuman,bad art important art dont make bad art youll never make good art
UgwFsvQH42aq0SsQ1yV4AaABAg,Creativity always > A.I,positive,negative,negative,negative,negative,negative,AIvsHuman,creativity always ai
Ugw14A8gvyoh7uu-MLB4AaABAg,That goalkeeper contributed more than the whole team.,neutral,positive,negative,positive,positive,positive,Mundial,goalkeeper contributed whole team
UgzOfoZ1ih8lgB9QqI14AaABAg,"It almost looks like that, what's really important in art, is the feeling and intentions of the artist, instead of ""perfect artistic skills"".
WHO COULD HAVE GUESSED THAT",positive,positive,positive,neutral,positive,positive,AIvsHuman,almost looks like whats really important art feeling intentions artist instead perfect artistic skills could guessed
UgxYnTLyFlZBMenXKTF4AaABAg,"All the tropical ocean reefs are now dead, or highly disrupted. What else will we do?",neutral,neutral,negative,neutral,neutral,neutral,Climate,tropical ocean reefs dead highly disrupted else
UgzGHcPad0tz0Hy9PUZ4AaABAg,"I love the way you bring science to life. Perspective was exactly what I wanted and received, thank you. Its passed due we talk about weather change as a fact💯❤️",positive,positive,positive,positive,positive,positive,Climate,love way bring science life perspective exactly wanted received thank passed due talk weather change fact
UgwFU-7IWZs5xn75Gb14AaABAg,What do you think if you trace AI and call it your art?,neutral,neutral,neutral,neutral,neutral,neutral,AIvsHuman,think trace ai call art
UgziWQ4MgEuBgKyKKNB4AaABAg,"One think I am missing in this discusion, how to talk to masses of people. And those are churches, not only christian, but also buddhist, islam and so on. They have very big influence. There is very interesting walk for peace from Texas to Washington, where budhist monks remind people of peace with very high attendings of people 🕊🌍",positive,positive,neutral,positive,positive,positive,Climate,one think missing discusion talk masses people churches christian also buddhist islam big influence interesting walk peace texas washington budhist monks remind people peace high attendings people
UgwvkV5cjS9tw6WG7Q54AaABAg,El Niño: the final boss before GTA 6 drops,neutral,neutral,negative,neutral,neutral,neutral,Climate,el nio final boss gta drops
Ugx6-AOurRvum9NLKe14AaABAg,"she was professional mann the expressions, vocals, everything",neutral,neutral,neutral,positive,neutral,neutral,Eurovision,professional mann expressions vocals everything
UgxiIEJF7g764qHthXl4AaABAg,"Whatever Argentina takes in the second hydration break in every match, I need it.",neutral,positive,neutral,positive,neutral,neutral,Mundial,whatever argentina takes second hydration break every match need
Ugxl3qotllPyjd_wYnB4AaABAg,"Dawg, the little slight deviation of her eye, the held back smiles, the feeling of being judged by these women gone so long ago. There's so much real emotion on display and it's so subtle yet commanding.",positive,negative,positive,positive,positive,positive,AIvsHuman,dawg little slight deviation eye held back smiles feeling judged women gone long ago theres much real emotion display subtle yet commanding
UgyUotzepUM5QYLE5EZ4AaABAg,The production quality is worth sharing This deserves recognition.,positive,positive,neutral,positive,positive,positive,Mundial,production quality worth sharing deserves recognition
Ugye80A9_bkmd15q21h4AaABAg,"""B-but people with disabili-"" THEY USE THEIR MOUTH OR FEET, NO EXCUSE!!!",negative,neutral,negative,negative,negative,negative,AIvsHuman,bbut people disabili use mouth feet excuse
UgwZP97udinaegDc8yp4AaABAg,"This is insane! Not just the artworks but also music, editing, AI poster generators and so much more.. It's truly sad",negative,negative,negative,negative,negative,negative,AIvsHuman,insane artworks also music editing ai poster generators much truly sad
UgwyAeDyhbMs2n2Bp8F4AaABAg,I even didn't know arcade was in Eurovision and snap,neutral,neutral,neutral,neutral,neutral,neutral,Eurovision,even didnt know arcade eurovision snap
UgyF_LdjZQ6JspQM5Ox4AaABAg,all of this feels like a bad dream,neutral,neutral,negative,negative,negative,negative,AIvsHuman,feels like bad dream
UgwB3A6EOai5dDid9ed4AaABAg,Got to say big up my man Paul Beckwith keeping this layman informed all these years,neutral,neutral,negative,neutral,neutral,neutral,Climate,got say big man paul beckwith keeping layman informed years
UgwqQN35EkOt1Dxp1id4AaABAg,Stop asking who’s still here. We aren’t leaving.,negative,negative,neutral,negative,negative,negative,Eurovision,stop asking whos still arent leaving
UgytBRgcMPi43BXsJ394AaABAg,"when I say this is the spirit of Eurovision, its this! Like Käärijä said : “it’s crazy, it’s party” !! Good luck!",positive,positive,positive,positive,positive,positive,Eurovision,say spirit eurovision like käärijä said crazy party good luck
Ugx5hENjxAYAntiIsaJ4AaABAg,This is gonna be crazy in the arena,negative,negative,negative,positive,negative,negative,Eurovision,gonna crazy arena
UgyVtlqnK-r12rawfpd4AaABAg,After economic disaster now we get El Nino? What a great time to live,negative,positive,positive,positive,positive,positive,Climate,economic disaster get el nino great time live
UgzTJrTrn9oF4Q7Bprl4AaABAg,SHE CAME BACK STRONGERRR  🇨🇾🇨🇾🇨🇾🇨🇾🇨🇾🇨🇾,neutral,neutral,neutral,positive,neutral,neutral,Eurovision,came back strongerrr
Ugx5v6QpkFwz-sBlef94AaABAg,"Same here. I remember, as a kid we would go sledding on desert dune slopes when it snowed in the winter, and it would be a real true honest cold winter. This was northern arizona at 3500-4000 ft. above sea level. I remember walking through thick snow each time also. Likewise, not anymore.",neutral,neutral,negative,neutral,neutral,neutral,Climate,remember kid would go sledding desert dune slopes snowed winter would real true honest cold winter northern arizona ft sea level remember walking thick snow time also likewise anymore
Ugx1yIMZZYEDOMUBCnZ4AaABAg,"“We will miss this 2026 World Cup. It gave us a roller coaster of happiness, joy, excitement, and sadness. It made the whole world feel like a small place.
For many, it was their first World Cup, and for many others, it will be their last. We will miss you, Cristiano Ronaldo, Neymar, Lionel Messi, Mohamed Salah, Luka Modrić, and Kevin De Bruyne.
Thank you for making our childhood so special. ❤⚽🐐”",positive,positive,positive,positive,positive,positive,Mundial,miss 2026 world cup gave us roller coaster happiness joy excitement sadness made whole world feel like small place many first world cup many others last miss cristiano ronaldo neymar lionel messi mohamed salah luka modrić kevin de bruyne thank making childhood special
UgxLAtJkhFH5CgWsxK94AaABAg,Why don't we try putting live Sargassum (from the Sargasso Sea) into the Pacific Ocean.,positive,positive,neutral,positive,positive,positive,Climate,dont try putting live sargassum sargasso sea pacific ocean
Ugzv8sI7SjIDF8ElwYJ4AaABAg,this is the first time i’ve TRULY appreciated art like this. the human art definitely brings emotion in while the ai one feels like i’m staring at a pretty picture,positive,positive,positive,positive,positive,positive,AIvsHuman,first time ive truly appreciated art like human art definitely brings emotion ai one feels like im staring pretty picture
UgyN_nTS3UzHYPR2fLJ4AaABAg,Personally I am waiting for Ultra Instinct El Niño.,neutral,neutral,negative,positive,positive,positive,Climate,personally waiting ultra instinct el nio
Ugwh9EclzurrHX3rMad4AaABAg,A TEAM playing like an absolute unit always win against a team dependent upon one or two KEY players.,positive,positive,positive,positive,positive,positive,Mundial,team playing like absolute unit always win team dependent upon one two key players
UgzNnwJ0yOxIg8VUIzJ4AaABAg,"I hated it when people were like ""You know how we can stop AI? By telling the designers what is wrong and how to fix it! That will show them!""",negative,negative,negative,negative,negative,negative,AIvsHuman,hated people like know stop ai telling designers wrong fix show
UgzUboJ5oVUW-cIVCAl4AaABAg,"hey man , can you make another video at the end of the year just to check how this turned out?",neutral,neutral,negative,neutral,neutral,neutral,Climate,hey man make another video end year check turned
Ugzyu5tQ4xFCLNnQk_Z4AaABAg,Spain had more goals disallowed than Argentina even attempted ,neutral,positive,negative,negative,negative,negative,Mundial,spain goals disallowed argentina even attempted
UgwDAfxPdT8tj3w1M3F4AaABAg,"I have lived my childhood in western India. Where monsoon comes in mid june. The seasons have shifted so much that literally that is no way of saying when it will come. Summer has become the main season, winter has gotten shorter to nearly nonexistent. Higher temperatures stays  for longer time of the day.",positive,positive,neutral,positive,positive,positive,Climate,lived childhood western india monsoon comes mid june seasons shifted much literally way saying come summer become main season winter gotten shorter nearly nonexistent higher temperatures stays longer time day
UgxxLmxKzzLcdDXMHa54AaABAg,"ARGENTINA THE BEST, NEVER GIVES UP!",positive,positive,positive,positive,positive,positive,Mundial,argentina best never gives
Ugwy2ptKKwdMpW6Rfeh4AaABAg,"Ferto is a truly one of a kind song. Tells us the story of a young man who wants all and everything: fame, eternity, money. Nothing is enough for him. He wants more and more.

And there comes the twist. All this greed comes from a childhood in poverty, where his mom couldn't provide everything she would want to provide.

For a brief moment the emotions flood him, he speaks to his mom and how material goods will heal them.

And then the greed returns.....

What an amazing song.

Rightfully deserves No1 place",positive,positive,positive,positive,positive,positive,Eurovision,ferto truly one kind song tells us story young man wants everything fame eternity money nothing enough wants comes twist greed comes childhood poverty mom couldnt provide everything would want provide brief moment emotions flood speaks mom material goods heal greed returns amazing song rightfully deserves no1 place
UgyV0T1EaxpDe-DMfch4AaABAg,"Speed,BTS , Robbi Williams, Nicole scherzinger,and Laura pausini gave the best performances tonight",positive,neutral,positive,positive,positive,positive,Mundial,speedbts robbi williams nicole scherzingerand laura pausini gave best performances tonight
UgxMMW2DKNEirLIraMF4AaABAg,"What a crazy well thought video this was, I am amazed at how you keep doing exceptional work one video after another. Such a breath of fresh air!",positive,positive,positive,positive,positive,positive,AIvsHuman,crazy well thought video amazed keep exceptional work one video another breath fresh air
UgyyHF4uLAZ1Pluh_Td4AaABAg,"The last few years on Japan it's felt like we've had about 3 autumns and 2 springs. The plants are so confused. Leaves are browning and falling in May, September, December.... it's very odd.",negative,negative,negative,negative,negative,negative,Climate,last years japan felt like weve autumns springs plants confused leaves browning falling may september december odd
UgypQ8FfkT_-xEuAh3R4AaABAg,The transition from the Viking row celebration to Jungkook 💯,neutral,positive,positive,positive,positive,positive,Mundial,transition viking row celebration jungkook
UgxxqYJpEPXR4JYoejp4AaABAg,"This performance says ""I've already won, you just don't know it yet""",positive,positive,positive,positive,positive,positive,Eurovision,performance says ive already dont know yet
Ugwp2a5yD0qTsUavVBl4AaABAg,I love these all and I think everyone deserves the spot they have (#JusticeforJoost) but where are Waterloo and Zitti e Buoni? I think everyone knows Waterloo and Maneskin is also in the top 400 artists in the world.,positive,positive,positive,positive,positive,positive,Eurovision,love think everyone deserves spot waterloo zitti e buoni think everyone knows waterloo maneskin also top 400 artists world
UgycPXPeMk9XeYrO4rR4AaABAg,The Titanic tragedy illustrates human behavior. Many people continued to drink champagne and listen to the live band playing music right up until the ship started sinking as if nothing was really happening. This is like climate change.,positive,positive,positive,positive,positive,positive,Climate,titanic tragedy illustrates human behavior many people continued drink champagne listen live band playing music right ship started sinking nothing really happening like climate change
UgykpYWpz9HAWoqX6l54AaABAg,"In Puerto Rico, the heat is already extreme. 2-3 baths a day, a 15 minute ride without a/c in the car has you sweating intensely, 2 fans running at the same time and it's still hot af! And it's not even June or July. Water might dry out and leave us for weeks without water (it happens every summer). We're fked.",positive,positive,neutral,positive,positive,positive,Climate,puerto rico heat already extreme baths day minute ride without ac car sweating intensely fans running time still hot af even june july water might dry leave us weeks without water happens every summer fked
UgzIEZb4gHi8bSBZrMN4AaABAg,I can say that Greece is very underrated with the juries like 2011 and 13 wtf,negative,negative,negative,negative,negative,negative,Eurovision,say greece underrated juries like 2011 13 wtf
UgykueX_1AD7fCT1tsV4AaABAg,"French brothers killed it with this one🇫🇷🔥
 love from Italy🇮🇹",negative,positive,positive,positive,positive,positive,Eurovision,french brothers killed one love italy
Ugxh4pBWCCyPXEntJO14AaABAg,"The most fun part about art is learning the story of how everything in the artists life led up to them created the art, it adds more perspective every time.",positive,neutral,positive,positive,positive,positive,AIvsHuman,fun part art learning story everything artists life led created art adds perspective every time
Ugzj_3cfO9wISF2ec2F4AaABAg,"*I’ve never been so satisfied in a long time, thank you Spain for saving footbal.*",positive,positive,positive,positive,positive,positive,Mundial,ive never satisfied long time thank spain saving footbal
Ugy4-1Y0eYdm8sLollJ4AaABAg,Haaland second goal was something else,neutral,positive,positive,positive,positive,positive,Mundial,haaland second goal something else
Ugxw9ptXoIZTR7iqMsd4AaABAg,Messi went from competing with Ronaldo for a decade to prime Mbappe for golden boot and Yamal in the final at the age of 39 years old. Insane longevity! 🐐,negative,positive,neutral,positive,positive,positive,Mundial,messi went competing ronaldo decade prime mbappe golden boot yamal final age 39 years old insane longevity
UgyxWqHwOHaUwkKLwF94AaABAg,"Erling Haaland!
Norway goalkeeper had a great game.",positive,positive,positive,positive,positive,positive,Mundial,erling haaland norway goalkeeper great game
UgztTPFbk-8Gng01d2h4AaABAg,"It’s crazy how they say we gatekeep art, no one’s gatekeeping them from a pencil and a paper 😒",negative,negative,negative,negative,negative,negative,AIvsHuman,crazy say gatekeep art ones gatekeeping pencil paper
Ugzc57esBKNTMCkx2zh4AaABAg,"A historic speech, without a doubt.",positive,negative,positive,positive,positive,positive,AIvsHuman,historic speech without doubt
Ugx_-cjfLAZ7gzARLw14AaABAg,"*_""Football Won""_*

*- Toni Kroos* 🇩🇪🤝🇪🇸",positive,positive,positive,positive,positive,positive,Mundial,_football won_ toni kroos
Ugzt1BgpcKW9E9N8wHd4AaABAg,seeing actual art besides generated art clearly shows that genuine art is sooo much better.,positive,positive,positive,positive,positive,positive,AIvsHuman,seeing actual art besides generated art clearly shows genuine art sooo much better
UgwxV6ym5WSeH0QIvN94AaABAg,12 points from Germany ❤bravo Greece 🇬🇷 ❤❤❤❤❤❤❤❤🎉🎉🎉🎉🎉🎉🎉🎉🎉🎉🎉🎉🎉,positive,positive,positive,positive,positive,positive,Eurovision,12 points germany bravo greece
UgxRR4P1XcZfVAV9s7h4AaABAg,The editing is outstanding I will come back to watch it again.,positive,positive,neutral,positive,positive,positive,Mundial,editing outstanding come back watch
Ugw4SvvWzGhl1W-tjwd4AaABAg,We're going from worse to the worst.,negative,negative,negative,negative,negative,negative,Climate,going worse worst
UgyVdjgdz1WladyPyXd4AaABAg,Easily deserved top 10! Sending love from your Greek Australians,positive,positive,positive,positive,positive,positive,Eurovision,easily deserved top 10 sending love greek australians
UgytOjCfQmgeud50L9h4AaABAg,"Herb, your 'big shrug' is the climate change meme for 2025 🙏",neutral,neutral,negative,neutral,neutral,neutral,Climate,herb big shrug climate change meme
UgxpZn7v218oFOMX7PR4AaABAg,"Spain plays collectively, their playing style is impressive.",positive,positive,positive,positive,positive,positive,Mundial,spain plays collectively playing style impressive
UgwaI440Qn55lkQCFSR4AaABAg,"Ai will never be able to kill creativity. Creativity is a process which is evolved by human thinking about things which are not present previously. On the other hand Ai only give us answers about creativity by analyzing all data which is available and been created by humans before. Ai will never able to give answer about future creativity because it has to think out of the data which limits it, and that quality only present in humans which is to think without any restriction and analyze in a free way about anything.",positive,positive,neutral,neutral,neutral,neutral,AIvsHuman,ai never able kill creativity creativity process evolved human thinking things present previously hand ai give us answers creativity analyzing data available created humans ai never able give answer future creativity think data limits quality present humans think without restriction analyze free way anything
UgwNOjvGsz5B8oPZJSF4AaABAg,"Number one, shake it, yasou maria? secret combination? die for you etc?",negative,neutral,neutral,neutral,neutral,neutral,Eurovision,number one shake yasou maria secret combination die etc
Ugy3qIOfSY_hp-MrrHB4AaABAg,It's like night and day comparing this to the semi finals performance 😭😭 This is by far my favorite performance of the night,negative,negative,negative,positive,negative,negative,Eurovision,like night day comparing semi finals performance far favorite performance night
UgxbkA_uUc0wJItBjV54AaABAg,Can't wait for asteromata and ferto,neutral,neutral,neutral,positive,neutral,neutral,Eurovision,cant wait asteromata ferto
Ugx_3Th0LwxabyCeiSF4AaABAg,"Thank you Spain 
For saving us from noise❤",positive,positive,positive,positive,positive,positive,Mundial,thank spain saving us noise
UgzZRN1bvNfeREHEvfF4AaABAg,i love my children. but often i regret bringing them into this world,positive,positive,positive,positive,positive,positive,Climate,love children often regret bringing world
Ugz5IHTMLStt6SVtjy14AaABAg,I wanna paint my hand on a wall with my homies,positive,neutral,positive,neutral,positive,positive,AIvsHuman,wanna paint hand wall homies
UgxDSdDaRSyrEsKkDRh4AaABAg,"Still hit, still listening!!!! Greetings from Turkey to our neighbour Greece 🇹🇷🇬🇷",positive,positive,positive,positive,positive,positive,Eurovision,still hit still listening greetings turkey neighbour greece
Ugww6cYaOIaK2JFkE0l4AaABAg,12 Points Like BUTTON! Winner 2026 Thats Real ESC Music!,positive,positive,positive,positive,positive,positive,Eurovision,12 points like button winner 2026 thats real esc music
UgyRwM4Akrro7Pr7KHt4AaABAg,Aloha from Hawai'i.... I just subscribed to channel and look forward to learning more of reasoning why change is happening.  May you all be well wherever you go.,positive,positive,positive,positive,positive,positive,Climate,aloha hawaii subscribed channel look forward learning reasoning change happening may well wherever go
UgzrcZEGHl9zORN39xB4AaABAg,Is this even real???!!! That was siiiick. SPEECHLESS 😮❤️😍 FERTO AKYLA the winner regardless of the result 👑🐯,positive,positive,positive,positive,positive,positive,Eurovision,even real siiiick speechless ferto akyla winner regardless result
Ugzcftf_3Dv8qEBfYJV4AaABAg,The only group artist i'll never get tired of watching❤,positive,neutral,positive,positive,positive,positive,Mundial,group artist ill never get tired watching
UgzucRGsdAsNoAPi6dp4AaABAg,"SO many times I’ve started an artwork with a particular image in mind, and along the road to completion I discover a much better result! And there’s also the pride I feel at having solved a problem!",positive,neutral,positive,positive,positive,positive,AIvsHuman,many times ive started artwork particular image mind along road completion discover much better result theres also pride feel solved problem
Ugyd_xmEJ761Hr-Dt9B4AaABAg,"I would say creativity is not only related to Art making but is a higher order thinking skill which can be used in any industry, that’s what we teach kids in the school, to be able to think and offer more than one solution. There is no sense to replace creative process unless you want to replace thinking ability. And why do we need so many ideas in short period of time? Really? We already live in a speed up world of Instant creativity :) As an artist I do praise Art making process as a connection to myself, presence, living experience, painting is a sort of meditation for me. Using AI for making Art would be like asking AI to breathe for me, to feel for me, to live instead of me.",positive,negative,negative,negative,negative,negative,AIvsHuman,would say creativity related art making higher order thinking skill used industry thats teach kids school able think offer one solution sense replace creative process unless want replace thinking ability need many ideas short period time really already live speed world instant creativity artist praise art making process connection presence living experience painting sort meditation using ai making art would like asking ai breathe feel live instead
Ugwxgyqs-vpeLw86IMJ4AaABAg,"While art isn’t my main career since i just do drawing and sell my arts online, but pretty scary how it’s gonna affect job markets",neutral,positive,negative,negative,negative,negative,AIvsHuman,art isnt main career since drawing sell arts online pretty scary gonna affect job markets
UgyXexoFbadLmc0wU194AaABAg,"i see people say that one quote a lot “ai convinced me of the existence of the human soul by showing me art without it” and although i’ve always been against ai art, the quote never resonated with me because some ai art out there can be really beautiful. this video made me get it. i don’t think ive ever seen soulful facial expressions in ai art, and the ai van gough picture is beautiful, but seeing it side by side with an actual painting of his was like… whoa. so THATS the difference",positive,negative,neutral,neutral,neutral,neutral,AIvsHuman,see people say one quote lot ai convinced existence human soul showing art without although ive always ai art quote never resonated ai art really beautiful video made get dont think ive ever seen soulful facial expressions ai art ai van gough picture beautiful seeing side side actual painting like whoa thats difference
Ugyz6yrpTTAcdZ-c_c54AaABAg,"Spain fully deserved this victory. They didn’t win by luck—they earned it by defeating some of the strongest teams in the tournament: Austria 🇦🇹, Belgium 🇧🇪, Portugal 🇵🇹, France 🇫🇷, and finally Argentina 🇦🇷.",positive,positive,positive,positive,positive,positive,Mundial,spain fully deserved victory didnt win luckthey earned defeating strongest teams tournament austria belgium portugal france finally argentina
UgzLKygAyDRlP5QpobJ4AaABAg,"Some win, others become legends",positive,positive,positive,positive,positive,positive,Eurovision,win others become legends
UgxmiKihpnB4lhowQj54AaABAg,"I am Bulgarian and proud of our girl, but this song really got under my skin. 
❤❤❤❤❤❤❤❤❤❤❤❤❤❤❤❤❤❤❤❤❤❤❤❤❤❤❤❤❤❤❤❤❤❤❤❤",positive,positive,positive,positive,positive,positive,Eurovision,bulgarian proud girl song really got skin
UgwQO4jfH-KCJqL7viB4AaABAg,Being an American artist / rapper and seeing different countries and culture in the music scene is always dope to see. Everyone got a story to tell and everyone got something new to learn,neutral,neutral,neutral,neutral,neutral,neutral,Eurovision,american artist rapper seeing different countries culture music scene always dope see everyone got story tell everyone got something new learn
Ugys1LfkqUid4LcwS0N4AaABAg,They gave them 1 m8n 45 sec and they said let's make history❤,positive,neutral,positive,positive,positive,positive,Mundial,gave 1 m8n 45 sec said lets make history
UgxT30rQEu4l7IrfLSF4AaABAg,"""The bourgeoisie might blast and ruin its own world before it leaves the stage of history.""- Buenaventura Durruti",positive,positive,positive,positive,positive,positive,Climate,bourgeoisie might blast ruin world leaves stage history buenaventura durruti
UgyP28uOt3N8i1r71Ht4AaABAg,Eurovision 2005 : Greece 1th,neutral,neutral,neutral,neutral,neutral,neutral,Eurovision,eurovision 2005 greece 1th
UgwtROvmsWceG9gbbnp4AaABAg,The fact she won both Jury and tele vote. Slay queen!,positive,positive,neutral,positive,positive,positive,Eurovision,fact jury tele vote slay queen
UgyM0RuV2q7JAq_gSlV4AaABAg,"In other words, sustainable economy",negative,negative,negative,neutral,neutral,neutral,Climate,words sustainable economy
Ugwm320dpjnEzQnZr5x4AaABAg,The only performance I loved from the show. BTS once again showed the word their artistic work,positive,neutral,positive,positive,positive,positive,Mundial,performance loved show bts showed word artistic work
UgyMANd16xS_zD7Rkwt4AaABAg,"The international collab we've never expected, this will go down as a historical moment 🇲🇦x🇩🇿x🇬🇧x🇫🇷x🇮🇹x🇪🇦x🇸🇳",neutral,neutral,neutral,positive,neutral,neutral,Eurovision,international collab weve never expected go historical moment xxxxxx
UgwlOySy_mHBrImAA_V4AaABAg,"PROUD TO BE MOROCCAN, BORN IN ITALY AND IM IN FRANCE 🇮🇹🇲🇦🇫🇷",positive,positive,neutral,positive,positive,positive,Eurovision,proud moroccan born italy im france
UgwtCcQCKjjxpIsGxfd4AaABAg,"I got so excited thinking there was a new steven zapata talk before realising it was the old one, but maybe it was time for a rewatch anyway 💜",positive,positive,positive,positive,positive,positive,AIvsHuman,got excited thinking new steven zapata talk realising old one maybe time rewatch anyway
Ugx4YnLjl4El8WB-TtJ4AaABAg,"When you think of it, she might be the one that relied the least on this huge stage. She shrank it down to a ""room"", like a random waiting room in a office building, worked in it, and just at the very end, she used a bit of the entire stage. She actually played with the camera and engaged directly with the audience, pulling us in that ""room"" and her song. Really, it gave a mid 00's MTV video feel, in the best way possible. Bravo Dara, congrats!",positive,positive,positive,positive,positive,positive,Eurovision,think might one relied least huge stage shrank room like random waiting room office building worked end used bit entire stage actually played camera engaged directly audience pulling us room song really gave mid 00s mtv video feel best way possible bravo dara congrats
UgwS7hiAnmrq4xjhr7R4AaABAg,Never doubted the comeback. Antigoni is the best,positive,positive,positive,positive,positive,positive,Eurovision,never doubted comeback antigoni best
UgwTd_GmXqYBP0tZ8GV4AaABAg,Shakira is not just a singer she's part of FIFA 🏆,neutral,neutral,neutral,positive,neutral,neutral,Mundial,shakira singer shes part fifa
UgyyrM2cEQF1IqzGU0Z4AaABAg,"Just realized Ronaldo, Ronaldinho, Burna Boy, Shakira, and BTS all joined the kids choir and Coldplay at the very end❤",positive,neutral,positive,positive,positive,positive,Mundial,realized ronaldo ronaldinho burna boy shakira bts joined kids choir coldplay end
UgwDOcL7fU8HnDDIX0l4AaABAg,Thanks.,positive,positive,neutral,positive,positive,positive,Climate,thanks
UgxXiQByIyZmMW9bJ054AaABAg,"This song was a huge hit in the Balkans. 
Bulgaria, Serbia, Romania, Turkey... everyone was listening to this song",positive,positive,neutral,positive,positive,positive,Eurovision,song huge hit balkans bulgaria serbia romania turkey everyone listening song
Ugz-JYZZs_ek5Pc81jp4AaABAg,aight fellas i have this gutfeeling that the 20s haven't been very great so far,neutral,positive,positive,positive,positive,positive,Climate,aight fellas gutfeeling havent great far
UgyhPgodimEolAcS7zd4AaABAg,Our favourite song for The FIFA World Cup 2026 ✨,positive,positive,positive,positive,positive,positive,Mundial,favourite song fifa world cup 2026
UgxuliIx3ik0-9Co_Oh4AaABAg,"Dang, I am impressed this guy actually brought all our concerns on the table!",positive,positive,positive,positive,positive,positive,AIvsHuman,dang impressed guy actually brought concerns table
UgxYnOIX517wi0qrGJR4AaABAg,"This is actually a sad song deep down, despite being upbeat. The ballad bit puts the rest of it into context. He's not saying ""bring me"" things out of greed but out of need, because there were times where he didn't have anything.",negative,negative,negative,positive,negative,negative,Eurovision,actually sad song deep despite upbeat ballad bit puts rest context hes saying bring things greed need times didnt anything
UgymOHdNw0p42KloOH14AaABAg,"From my perspective, IA has come to help us, but the responsibility in how we use it depends all on us. If we allow IA to kill our creativity, we're like depending on it to come up with ideas, but if we use IA to boost our creativity rather than use it just to generate all our work",positive,neutral,neutral,neutral,neutral,neutral,AIvsHuman,perspective ia come help us responsibility use depends us allow ia kill creativity like depending come ideas use ia boost creativity rather use generate work
Ugyj2jva9P1PKzp-63N4AaABAg,She is amazing!!! I don’t think people realise how hard is to sing and dance at such tempo,positive,positive,positive,positive,positive,positive,Eurovision,amazing dont think people realise hard sing dance tempo
Ugx1jg4E6_9IaRXo0zJ4AaABAg,El Nino showed up to kickoff the amoc going away party,neutral,neutral,negative,neutral,neutral,neutral,Climate,el nino showed kickoff amoc going away party
UgzjeNsU2ND_ozYRNWF4AaABAg,15:30 you can blame Trump and Netanyahu for that last one,neutral,neutral,negative,negative,negative,negative,Climate,blame trump netanyahu last one
Ugy93357Y_r1Q3zn_7F4AaABAg,"What’s sad is that lots of people that defend AI are just misinformed and haven’t been properly educated on how bad it is. But then we see posts like the ones in this subreddit where we see that some of them, just, don’t value art at all (which also makes it confusing because if they don’t value art or artists, why are they so insistent about being perceived as artists?). They don’t realize that art really is about the journey and not the destination, and that even the greatest artists that ever lived also started off with no skill just like everybody else, and that if they also put in the effort, they can become a great artist too",positive,negative,negative,negative,negative,negative,AIvsHuman,whats sad lots people defend ai misinformed havent properly educated bad see posts like ones subreddit see dont value art also makes confusing dont value art artists insistent perceived artists dont realize art really journey destination even greatest artists ever lived also started skill like everybody else also put effort become great artist
UgwAPN9-kYpIHbyJQi54AaABAg,This will likely cause 2027 to be the hottest year ever recorded.,neutral,neutral,negative,negative,negative,negative,Climate,likely cause hottest year ever recorded
Ugy8Gu69elt3anT7Geh4AaABAg,"As an artist myself i think they should pay artists for art to be fed to the AI and should give credit.
(edit: tysm for so many likes) I also think that Ai art should just leave artists bc at this point it's just problematic.",positive,neutral,negative,negative,negative,negative,AIvsHuman,artist think pay artists art fed ai give credit edit tysm many likes also think ai art leave artists bc point problematic
UgxmK8iGohfQEnWxXnd4AaABAg,12 points to Bulgaria from Greece¬!!!,neutral,positive,positive,positive,positive,positive,Eurovision,12 points bulgaria greece
Ugx-N1H5Bm7X7Osfq2Z4AaABAg,"A World Cup final that, despite not relying heavily on technology, delivered results, emotion, and elegance! Cool, lively, and moving performances. Congratulations!",positive,positive,positive,positive,positive,positive,Mundial,world cup final despite relying heavily technology delivered results emotion elegance cool lively moving performances congratulations
Ugx6SzGUaQzUdYq_wpB4AaABAg,"I was one of the female dancers in this performance, and I can honestly say it was an unforgettable experience. Working with Shakira was such an amazing opportunity, and sharing the stage with legends like Ronaldo and Ronaldinho made it even more special. Moments like this stay with you forever.",positive,neutral,positive,positive,positive,positive,Mundial,one female dancers performance honestly say unforgettable experience working shakira amazing opportunity sharing stage legends like ronaldo ronaldinho made even special moments like stay forever
Ugz4Xx8coJ2Jj2YaBUV4AaABAg,"Dr Carter, I believe your message is vitally important, cut the windy intro crap to a few seconds, get on with explaining your point succinctly and directly, don't fuck around. 
Thanks for all you do, team of champions.",negative,negative,negative,neutral,neutral,neutral,Climate,dr carter believe message vitally important cut windy intro crap seconds get explaining point succinctly directly dont fuck around thanks team champions
Ugwl1wF0COpB47BJ_5h4AaABAg,"Plagiarism and greed is an old world problem--not just something that sprung to life in the age of AI.

Major publishing houses of London have fried and eaten the small fish writers of the Third Workd for dinner, while handing their novels to the bigwig writers of their literary stable to copy and ""revise"" (in landscapes featuring bigger and more profitable demographics.)

We need better copyright laws overall. Ironically, AI already knows who stole whose novel. But they won't use it to machine-train and catch the big criminals because plagiarism is far too profitable.",positive,positive,negative,negative,negative,negative,AIvsHuman,plagiarism greed old world problemnot something sprung life age ai major publishing houses london fried eaten small fish writers third workd dinner handing novels bigwig writers literary stable copy revise landscapes featuring bigger profitable demographics need better copyright laws overall ironically ai already knows stole whose novel wont use machinetrain catch big criminals plagiarism far profitable
UgxfkxbS-ykpFN9ytgN4AaABAg,"If you think the global heating situation is ever going to get better, think again.  Every city in the world is dealing with some aspect if this: EVERY ONE.  

More than fifty years ago, it was time to wake up, but somehow the world is still asleep.",neutral,positive,positive,positive,positive,positive,Climate,think global heating situation ever going get better think every city world dealing aspect every one fifty years ago time wake somehow world still asleep
UgwPCf2PI-m5BljvjwF4AaABAg,Okay she ATE in the final!!!!!!,positive,positive,positive,positive,positive,positive,Eurovision,okay ate final
UgzxK6XUjZ5T8rorBit4AaABAg,The production quality is clear and easy to follow I really appreciate the effort.,positive,positive,positive,positive,positive,positive,Mundial,production quality clear easy follow really appreciate effort
UgyNUD3-wLmq5i8ysrt4AaABAg,"Less than 24 hours they were performing in Paris with the highest audience 92,000 thousand.Thank you BTS for your hardwork.We love so much",positive,neutral,neutral,positive,positive,positive,Mundial,less 24 hours performing paris highest audience 92000 thousandthank bts hardworkwe love much
UgwXxT_YAq37JhHIjYR4AaABAg,"I used to fly in and out of DFW (Dallas/Fort Worth) regularly. Once, I was sitting next to a pilot, and I asked him why it was so turbulent there. He said, ""Look out the window and tell me what you see."" I said, ""Lots of houses."" He responded, ""And what's in the back yard of most of those houses?"" I replied, ""Pools."" He said, ""yes, and that's changing the humidity of the air, creating pockets of humidity that is effecting the density of the air."" Now I was a weapons guy in the military, and relative humidity and air density are part of the fire control equation for guns and missiles, so I understood what he was saying. We are changing the Earth in small ways individually that are adding up to large ways as a collective.",positive,positive,neutral,positive,positive,positive,Climate,used fly dfw dallasfort worth regularly sitting next pilot asked turbulent said look window tell see said lots houses responded whats back yard houses replied pools said yes thats changing humidity air creating pockets humidity effecting density air weapons guy military relative humidity air density part fire control equation guns missiles understood saying changing earth small ways individually adding large ways collective
UgwZr_sxcoKDaB_3yfp4AaABAg,"using ai for creative and intellectual processes is literally the biggest disservice one can do to themselves, people who do it are robbing themselves of the chance of creation and development, not even mentioning that it's so harmful to your cognitive skills. it's a technology that human brain doesn't have immunity to, it's natural for our brain to seek the easiest paths for completing tasks, and that's why it's so effective in hijacking the way we think and perceive the world, which in turn leads to overreliance on ai. I see a tendency among people who're slowly waking up and realizing how much damage they've unknowingly done to themselves, but I wish this process of realization would happen faster",positive,negative,negative,negative,negative,negative,AIvsHuman,using ai creative intellectual processes literally biggest disservice one people robbing chance creation development even mentioning harmful cognitive skills technology human brain doesnt immunity natural brain seek easiest paths completing tasks thats effective hijacking way think perceive world turn leads overreliance ai see tendency among people whore slowly waking realizing much damage theyve unknowingly done wish process realization would happen faster
Ugw7ktfVTWrm0YUg9RZ4AaABAg,"Man, earth still be here long after we die off.
Or, we are in a simulation. 
Who knows.",neutral,neutral,negative,neutral,neutral,neutral,Climate,man earth still long die simulation knows
UgyG6kj_j0l7_ZUw2H14AaABAg,"Truth be told Art in the mainstream has always been an uphill battle. Whether it’s by devaluing the artists, the art, or the public reception. I think the difference is how visible this particular battle is. 

I tried to have a meaningful conversation with one of the people I saw using it regularly. A lot of the conversation was that they didn’t care about being a better artist, they had certain ideas that they lacked the ability to make and didn’t care to try. I also asked why not hire an artist if it’s that important and they responded that we cost too much, we’re too picky, we don’t listen to requests, and we take too long.

That’s what sort of enlightened me to what I’m talking about, the average person or even AI user doesn’t want to be apart of the conversation, they just want results. Not just refusing introspection and accountability, but also refusing the conversation of art as a whole. The same conversation avoidance that’s in modern art, performance art, and poetry.",positive,negative,neutral,negative,negative,negative,AIvsHuman,truth told art mainstream always uphill battle whether devaluing artists art public reception think difference visible particular battle tried meaningful conversation one people saw using regularly lot conversation didnt care better artist certain ideas lacked ability make didnt care try also asked hire artist important responded cost much picky dont listen requests take long thats sort enlightened im talking average person even ai user doesnt want apart conversation want results refusing introspection accountability also refusing conversation art whole conversation avoidance thats modern art performance art poetry
UgzQjz0JqA8TfRNyS7B4AaABAg,The man has the beautiful accent!,positive,positive,positive,positive,positive,positive,AIvsHuman,man beautiful accent
UgyCfTEsAqPdZ0st7eF4AaABAg,the UN and the government should support and assist in the production of renewable energy because rich nations only can afford this sort of innovation,neutral,positive,neutral,positive,positive,positive,Climate,un government support assist production renewable energy rich nations afford sort innovation
UgzeljRp6M0Rj2LKTiB4AaABAg,"Ferran really deserves this goal, He got a pretty evil arc in his life, He begged for goal against Saudi after 4:0, Finally he seems happy, Espanol Vamos",positive,positive,positive,positive,positive,positive,Mundial,ferran really deserves goal got pretty evil arc life begged goal saudi 40 finally seems happy espanol vamos
UgyvsdhuARO-CywE4kN4AaABAg,Imagine if Eurovision was brave enough to give a platform to music that actually told the story of what life is like on the streets of Europe's most populated cities.,positive,positive,positive,negative,positive,positive,Eurovision,imagine eurovision brave enough give platform music actually told story life like streets europes populated cities
UgxdjvGtflO4QzYX2QZ4AaABAg,what's worse is that a lot of these AI 'artists' (image prompters) are just plain rude/toxic when they're called out,negative,negative,negative,negative,negative,negative,AIvsHuman,whats worse lot ai artists image prompters plain rudetoxic theyre called
Ugy82HzjcRxCtwwK31Z4AaABAg,"Akylas, the juries did you dirty… You managed to reach the top 6 in the televote and 10th place overall. And you know what? That’s okay.
Because we loved your song, we loved your personality, we loved your positive aura. Be proud of yourself, because we are very proud of you.❤❤",positive,positive,positive,positive,positive,positive,Eurovision,akylas juries dirty managed reach top 6 televote 10th place overall know thats okay loved song loved personality loved positive aura proud proud
UgzlKeePXT4CoIoPCNl4AaABAg,"I am not related to art, I was just researching ai art for business purposes, I've heard that artists are not happy about it and wanted to know why, and stumbled upon your video. Thank you for putting it out there. It honestly blows my mind how people refuse to understand and empathize with your struggle, even if you aren't an artist, it's not freaking hard to imagine what it's like to spend years working on your craft and produce a lot things, and then have those things stolen and the fruits of your labour being used for profit by others. Disgusting. Why the hell would anyone push against you in this matter?
Dear artists, please value yourself, you are a gift to the world and your work is immensely valuable, keep fighting for yourselves. I'm a regular person but I will take any chance that I get to speak for your benefit and do what I can to help.",positive,negative,positive,negative,negative,negative,AIvsHuman,related art researching ai art business purposes ive heard artists happy wanted know stumbled upon video thank putting honestly blows mind people refuse understand empathize struggle even arent artist freaking hard imagine like spend years working craft produce lot things things stolen fruits labour used profit others disgusting hell would anyone push matter dear artists please value gift world work immensely valuable keep fighting im regular person take chance get speak benefit help
UgxTc3X2_gU6uA72XkR4AaABAg,"Aleksander once came to my school and performed fairytale for us live. We were maybe 50-100 people, he came right up to my table",neutral,neutral,neutral,neutral,neutral,neutral,Eurovision,aleksander came school performed fairytale us live maybe 50100 people came right table
UgzD29K62M79i8I4qsx4AaABAg,"That self-confidence, she came to win, you can see that in her eyes :D",positive,positive,neutral,positive,positive,positive,Eurovision,selfconfidence came win see eyes
Ugx8CRKX6mQlVtCCSxR4AaABAg,"If you have seen the hockey stick then you know what is going to happen. Because the temp always follows the carbon. Side note, nuclear waste takes less time to clean (and you can bury it) than carbon does.",neutral,neutral,negative,neutral,neutral,neutral,Climate,seen hockey stick know going happen temp always follows carbon side note nuclear waste takes less time clean bury carbon
UgxM1AtXIzGrwjPihgd4AaABAg,One of only a few performances at the World Cup that was done live without lip syncing. Respect❤,positive,neutral,positive,positive,positive,positive,Mundial,one performances world cup done live without lip syncing respect
UgxbI3psth5NHfbPjIp4AaABAg,I am finding no young social media influencers discussing this topic. Action lies in the youth population.,neutral,neutral,negative,negative,negative,negative,Climate,finding young social media influencers discussing topic action lies youth population
UgyN3n8YXCIzfeh4qJx4AaABAg,Fantastic Laura Pausini! Italy was there with you,positive,neutral,neutral,positive,positive,positive,Mundial,fantastic laura pausini italy
UgzZdQ9LSGcIYULXLBp4AaABAg,best one is deff Fairytale,positive,positive,positive,positive,positive,positive,Eurovision,best one deff fairytale
UgwXJDhd2QJRywKKAmF4AaABAg,"11v12, not even scandalous VAR and ref decisions could ruin Norway's win (despite them trying their best).",positive,negative,negative,positive,negative,negative,Mundial,11v12 even scandalous var ref decisions could ruin norways win despite trying best
Ugzt9UrX94iBfpMfjSZ4AaABAg,"it's not just the joy of creating art, it's the human connection that can be fostered from it. that's irreplaceable",negative,neutral,positive,positive,positive,positive,AIvsHuman,joy creating art human connection fostered thats irreplaceable
UgxKzqiqOEqWsm5F82h4AaABAg,Very important news!,positive,positive,positive,positive,positive,positive,Climate,important news
UgyE2QkwnaOC79qrzAl4AaABAg,Love from Pakistan.. Congratulations Spain,positive,positive,positive,positive,positive,positive,Mundial,love pakistan congratulations spain
UgzXB5OZNlR26LJSdz94AaABAg,"Give it to me straight, Doc",positive,positive,neutral,positive,positive,positive,Climate,give straight doc
Ugw3pV4UgL5MYyDUvp14AaABAg,Who here after spain won ❤❤❤,positive,positive,neutral,positive,positive,positive,Mundial,spain
Ugz__1AFE35rGWWMLON4AaABAg,How count jury places early 2016???,neutral,neutral,neutral,neutral,neutral,neutral,Eurovision,count jury places early 2016
Ugyac-i-7GMzsQUA7ZF4AaABAg,"When the reporter proudly says, ""10% of world energy is through clean energy!"", what he didn't tell you, is it was 10% in 1999 - 23 years ago!",positive,positive,positive,positive,positive,positive,Climate,reporter proudly says world energy clean energy didnt tell years ago
UgwOWjNDqnMrT3TjE3t4AaABAg,"For all those who don't understand the staging: She is in the room with her demons, her haters and fears. When she won the National Selection she wanted to give up because the Bulgarians beat her on the internet. Despite them, however, she decided to go out and show her talent. As in the staging - in the end she left the room and took control of her demons. What a star, this is art. Winner.",positive,positive,positive,positive,positive,positive,Eurovision,dont understand staging room demons haters fears national selection wanted give bulgarians beat internet despite however decided go show talent staging end left room took control demons star art winner
UgwUugbF26FfjradWwZ4AaABAg,"I experienced really bad community harassment; I watched my only parent get bullied out of every job she tried to have because my family had it out for us and they have a lot of connections. I was my mom's main support and I felt like I had lost her many times. I had to wake her up from nightmares where she was screaming in her sleep, the nightmares were always about being bullied at work because it had gotten THAT bad.

My chance at a normal life or holding down a regular job where I have to put myself out there was ruined, I won't even go to the Dr now. I always liked doing art since I was a kid, but once my life had basically been ruined, I started to see doing art from home as my only chance. Then AI came along. 

The AI bros who say ""Just get a regular job"" or ""this tech is going to HELP disabled artists"" have it so freaking backwards.",negative,positive,negative,negative,negative,negative,AIvsHuman,experienced really bad community harassment watched parent get bullied every job tried family us lot connections moms main support felt like lost many times wake nightmares screaming sleep nightmares always bullied work gotten bad chance normal life holding regular job put ruined wont even go dr always liked art since kid life basically ruined started see art home chance ai came along ai bros say get regular job tech going help disabled artists freaking backwards
UgxPjEvCc-Kl0htVt4J4AaABAg,"The biggest dark horse in Eurovision history. Welcome Sofia 2027, and well done Bulgaria!! 🇧🇬",positive,positive,positive,positive,positive,positive,Eurovision,biggest dark horse eurovision history welcome sofia 2027 well done bulgaria
UgwxFStZRBjekZmdkZB4AaABAg,"“The best time to plant a fruit tree is 20 years ago. The second best time is right now.” Gardeners and farmers paying close attention. We have to start planting and protecting species and developing varieties that suit our FUTURE local growing conditions, with hardiness at both ends of the thermometer…",positive,positive,positive,positive,positive,positive,Climate,best time plant fruit tree years ago second best time right gardeners farmers paying close attention start planting protecting species developing varieties suit future local growing conditions hardiness ends thermometer
UgzRkj78yI_5bez_9HR4AaABAg,Argentina becomes the first team to have more fights than shots on target 🏆,negative,negative,negative,negative,negative,negative,Mundial,argentina becomes first team fights shots target
UgxtAuMth2M5TeAQPIV4AaABAg,"people all talking about Haaland, for me the MVP for this match is the Goal Keeper",neutral,positive,positive,positive,positive,positive,Mundial,people talking haaland mvp match goal keeper
UgxF_wjolJRqT50D9jJ4AaABAg,I've noticed in the UK over the last 30 years that the winters have become more mild. We get snow but it doesn't hang around all that long like it used to do in the 80s/90s. Just an observation.,positive,positive,neutral,positive,positive,positive,Climate,ive noticed uk last years winters become mild get snow doesnt hang around long like used ss observation
Ugwolp6IiGWEhOZbWwd4AaABAg,"""The whole world at your fingertips, the ocean at your door""

""20.000 years of this, 7 more to go""

- Bo Burnham, ""That Funny Feeling"", 2021",positive,positive,positive,positive,positive,positive,Climate,whole world fingertips ocean door years go bo burnham funny feeling
UgxuJvnLBrgzK6QsRG94AaABAg,Can't wait for the US senate to somehow make billions off all this,neutral,neutral,negative,neutral,neutral,neutral,Climate,cant wait us senate somehow make billions
UgxQqbaGBEQqJebnUnR4AaABAg,"My number 1 1st
What about Klavdia?
And with Marina Sati 11th",positive,neutral,neutral,neutral,neutral,neutral,Eurovision,number 1 1st klavdia marina sati 11th
UgzW8zTDZc1NiJ_GJVJ4AaABAg,"Congratulations to Spain, I mean it, what a fantastic performance, pure endless control 👏🏻 🇪🇸🥇",positive,positive,positive,positive,positive,positive,Mundial,congratulations spain mean fantastic performance pure endless control
UgwnRPE-Fx6K0FnYidh4AaABAg,Directed By WILLIAM Thomas (me) 🇪🇺🇪🇺🌍 Thanks to the artists and Central Cee for this 🎥🎥🤯🤯 ! Une réalisation WILLIAM Thomas 🇬🇧🌍🇪🇺🇮🇹🇫🇷🇪🇸😬,positive,positive,neutral,positive,positive,positive,Eurovision,directed william thomas thanks artists central cee une réalisation william thomas
UgxwncmZxmA3C0pAgjp4AaABAg,"When the first complaints about AI art and copyright infringments started people were quick to judge that the art was uploaded onto the internet out of the artists free will, and that how it is used by AI would be equivalent of someone maybe copying it and altering on photoshop. What the screenwriters and actors strike shown us is that even though there was no laws that would work retroactivelly no one would expect this AIs to feed of all information ever uploaded, we have to protect the interest of the artists because one day all jobs will be able to be done by computers.",positive,negative,neutral,neutral,neutral,neutral,AIvsHuman,first complaints ai art copyright infringments started people quick judge art uploaded onto internet artists free used ai would equivalent someone maybe copying altering photoshop screenwriters actors strike shown us even though laws would work retroactivelly one would expect ais feed information ever uploaded protect interest artists one day jobs able done computers
UgwaQMinYbadpngUuDx4AaABAg,1 song 8 artists 8 languages 8 beats 100% fire,negative,negative,negative,positive,negative,negative,Eurovision,1 song 8 artists 8 languages 8 beats 100 fire
UgzBh_Et6bQw4CxTeil4AaABAg,12 points from 🇷🇸 🫶 🇧🇬,neutral,neutral,neutral,positive,neutral,neutral,Eurovision,12 points
UgwLWovttaq9Gx9EqKB4AaABAg,The fact that Bulgaria left Eurovision for three years and came back victorious makes it 10 times crazier!!!,negative,negative,negative,positive,negative,negative,Eurovision,fact bulgaria left eurovision three years came back victorious makes 10 times crazier
UgyeOC21QWde_6ebOuR4AaABAg,"What can I say.. Isn't everything perfect?
 As a Turk who has always been in love with Greek music, I really want Greece to get what it deserves this year❤",positive,positive,positive,positive,positive,positive,Eurovision,say isnt everything perfect turk always love greek music really want greece get deserves year
UgyKDTyha0owAYqAJ6N4AaABAg,The Vikings came to conquer. Please win the cup.,positive,positive,positive,positive,positive,positive,Mundial,vikings came conquer please win cup
Ugx3KvXA4CJ4riC9mMp4AaABAg,Ironic that this game turned out to be the footballing spectacle the final wasn't,negative,positive,negative,positive,positive,positive,Mundial,ironic game turned footballing spectacle final wasnt
UgwU0v44vdg059paZC54AaABAg,I admit I didn't expect that. France was unstoppable until then.,neutral,positive,positive,neutral,neutral,neutral,Mundial,admit didnt expect france unstoppable
UgwHyeXdlSbPMDtfReZ4AaABAg,This feels hopless...,neutral,neutral,negative,negative,negative,negative,Climate,feels hopless
UgxW1qhFFqL1cFSh7eh4AaABAg,This is literally the debate everyone should be having right now. ❤,positive,neutral,positive,positive,positive,positive,AIvsHuman,literally debate everyone right
Ugy2s7JFjlvkWDmVjaB4AaABAg,She won this with her energy 👌,positive,positive,positive,positive,positive,positive,Eurovision,energy
Ugxsvqrjwt_xh0X-mGt4AaABAg,"I only use AI as a tool to create a good reference image. It saves me a lot of time. Precious time i can use to paint now instead of photographing for days, photoshop etc etc. When i paint i am on a journey, the reference is pure for composition, a guide line.",positive,neutral,positive,positive,positive,positive,AIvsHuman,use ai tool create good reference image saves lot time precious time use paint instead photographing days photoshop etc etc paint journey reference pure composition guide line
UgzszroalItx-0iZUvp4AaABAg,Those lines… are so clean…. Oml I’m gonna eat them,neutral,positive,positive,positive,positive,positive,AIvsHuman,lines clean oml im gonna eat
UgwT9uT3GKJiPt5e3dl4AaABAg,"I think artists might have to go offline and sell physical copies of their work advertised as ""Non-AI generated"", ""All Natural"", ""painted/drawn by humans"". Perhaps even recording the process of painting it as proof. People are still impressed by human skill so perhaps the process could be monetized rather than the final product, almost like a performance. And selling the art offline would ensure that it's not entered into a database and used in the AI algorithm. That is until they change the system to not use copyrighted works or make it so that artists are not opted in by default.",positive,negative,neutral,negative,negative,negative,AIvsHuman,think artists might go offline sell physical copies work advertised nonai generated natural painteddrawn humans perhaps even recording process painting proof people still impressed human skill perhaps process could monetized rather final product almost like performance selling art offline would ensure entered database used ai algorithm change system use copyrighted works make artists opted default
UgyzkuDlv5W4vQQhpG94AaABAg,You men are so intelligent and so well spoken. It's such a shame people seem to want to be entertained more than infomed. Thank you for all your work. 🕊️,positive,positive,positive,positive,positive,positive,Climate,men intelligent well spoken shame people seem want entertained infomed thank work
Ugw8q7LNYODPmdgM42h4AaABAg,1 is 2005 Helena Paparizou with song my number one and she gets the 1st,positive,neutral,neutral,neutral,neutral,neutral,Eurovision,1 2005 helena paparizou song number one gets 1st
UgyEdPlekLdtUHo4n6F4AaABAg,"I am a relative oldster like you guys.  We have had lives supported by very increasingly high standards of living and convenience.  Our pursuits came so easily by using all the energy we could command: just flick a switch, turn an ignition key, flush, shop etc. as long as we could pay a bill.  Ah, the joys of anthropocentrism.  Who would volunteer to be less rich and tell others not to enjoy these fruits of modernity?  Certainly any leader in a democracy who made such a suggestion would find themselves out of a job.  Remember Pres. Carter?  
So what change would make a difference and alter our fate?   It can only happen when the total system that no one actually wants to lose, is beset with chaos resulting in the massive reduction of humans.  If any of you believe that there will be an orderly retreat from the brink, that humans can make a shift to being extremely poor (meaning responsible) while maintaining all of the many supports necessary for the continuity of so-called society, being informed of such methods would be a delight.",positive,positive,neutral,positive,positive,positive,Climate,relative oldster like guys lives supported increasingly high standards living convenience pursuits came easily using energy could command flick switch turn ignition key flush shop etc long could pay bill ah joys anthropocentrism would volunteer less rich tell others enjoy fruits modernity certainly leader democracy made suggestion would find job remember pres carter change would make difference alter fate happen total system one actually wants lose beset chaos resulting massive reduction humans believe orderly retreat brink humans make shift extremely poor meaning responsible maintaining many supports necessary continuity socalled society informed methods would delight
UgxBBydA30T-j227OmJ4AaABAg,"I actively avoid AI in any form as much as possible.  For the average person AI will not benefit you in any meaningful way. AI is a leech on any creative endeavor.  AI is an attempt to replace something that already exists, us. Usually only to benefit corporations that are only focused on one thing: profit. Profit at the expense of anything else. Constant driving wealth in one direction will eventually lead to us living in an increasingly dystopian world.",positive,negative,negative,negative,negative,negative,AIvsHuman,actively avoid ai form much possible average person ai benefit meaningful way ai leech creative endeavor ai attempt replace something already exists us usually benefit corporations focused one thing profit profit expense anything else constant driving wealth one direction eventually lead us living increasingly dystopian world
UgzyI3EhF49DfHEziVN4AaABAg,Jungkook’s intro is iconic. 🔥,negative,neutral,positive,positive,positive,positive,Mundial,jungkooks intro iconic
Ugy2xbJi_mOhfyHYZbh4AaABAg,"I'm not against new technology. I'm against unethical use of new technology.
I want AI to optimize my grocery runs, simplify my vacation itineraries, and file my taxes. I don't want it to do art for me",neutral,negative,neutral,negative,neutral,neutral,AIvsHuman,im new technology im unethical use new technology want ai optimize grocery runs simplify vacation itineraries file taxes dont want art
UgxurpOjKD65Qlfb8hV4AaABAg,Thank you Ferran Torres for saving us from noise pollution ❤,positive,positive,positive,positive,positive,positive,Mundial,thank ferran torres saving us noise pollution
Ugy3mW6WAcLNRrsIcjZ4AaABAg,"""The Super Boy"" isn't doing it.  Severe heat, droughts, wildfires, and storms needs a better title. El Viejo Suduroso - The sweaty old man.",positive,positive,positive,positive,positive,positive,Climate,super boy isnt severe heat droughts wildfires storms needs better title el viejo suduroso sweaty old man
UgwdF1zHOmUtWQtM3Sd4AaABAg,"I drawing both traditionally and digitally and I *hate* this argument 

I use both a mouse and stylus when I draw digitally and let me tell you makes me very happy that I can do either form of it


How'd they loop back to that goofy thought process? 

I'm kidding it's not hard to guess that the mental gymnastics were easy because they making excuse after excuse because they know they lost the argument already and they're grasping at straws.",negative,neutral,positive,negative,negative,negative,AIvsHuman,drawing traditionally digitally hate argument use mouse stylus draw digitally let tell makes happy either form howd loop back goofy thought process im kidding hard guess mental gymnastics easy making excuse excuse know lost argument already theyre grasping straws
UgymHtWkwr7GmWokfUJ4AaABAg,One thing sure we should quit all these horrible wars and focus on storing food and how to transport them to areas that are going to be in need.,negative,negative,negative,negative,negative,negative,Climate,one thing sure quit horrible wars focus storing food transport areas going need
UgxmKkkR3QoCiUWMs1x4AaABAg,"What's different? Machine does not learn like humans do, nor gets inspired to learn. Machine learning lacks authenticity. Would you appreciate your own mother as much as her imitation? Now look for the difference!",negative,negative,negative,negative,negative,negative,AIvsHuman,whats different machine learn like humans gets inspired learn machine learning lacks authenticity would appreciate mother much imitation look difference
UgxG4HtGBEvMzCD3rY94AaABAg,Europapa being disqualified was the most bs I’ve ever seen to this day,negative,negative,negative,negative,negative,negative,Eurovision,europapa disqualified bs ive ever seen day
UgwHAz-L5_rDYG_-I0N4AaABAg,12 points from Croatia 💪,neutral,neutral,neutral,positive,neutral,neutral,Eurovision,12 points croatia
UgyFLjOgwzM2xvGRddB4AaABAg,"I HAVE NO WORDS TO EXPLAIM HOW GOOD THIS IS, WHAT A JOINT THAT ALL, I'LL NEVER GET TIRED OF LISTENING TO IT.😍🇲🇦🇩🇿🇬🇧🇫🇷🇮🇹🇪🇦🇸🇳",positive,positive,positive,positive,positive,positive,Eurovision,words explaim good joint ill never get tired listening
UgygVtxJbXx04p20Ut14AaABAg,I'm sure corporations aren't going to take the opportunity to raise prices and transfer more wealth to the top,positive,positive,positive,positive,positive,positive,Climate,im sure corporations arent going take opportunity raise prices transfer wealth top
Ugz3eRtwINaTQwHELZ14AaABAg,"Admit it, you'd never have thought that this song would win",positive,positive,positive,negative,positive,positive,Eurovision,admit youd never thought song would win
Ugzb7labWvgHGzAGTmx4AaABAg,One of the best player on the game was the goalkeeper. He made some incredible saves and stopped normally what looked like a goals.,positive,positive,positive,positive,positive,positive,Mundial,one best player game goalkeeper made incredible saves stopped normally looked like goals
Ugx3DdDHG0SQ3WGnmiF4AaABAg,The key is sustainability.  This must be practiced by everyone on the planet and the sooner the better.,neutral,positive,positive,positive,positive,positive,Climate,key sustainability must practiced everyone planet sooner better
Ugzi_-Y01VEVG5NS6H94AaABAg,"A woman came to an art studio i'm studing in around a week ago. The woman was interested in interior sketches and it is obvious she had to learn how perspective works, how to build objects from different angles, how colours work, how different matherials to be represented accurately and so on. Mentor told her to pick a picture of interior she would like to draw and this way the woman will be learning basics and enjoying the process at the same time. The woman replied 'but i want to draw from my imagination!', the mentor told to her for around next 20 minutes and convinced her to pick a picture and begin. A woman found 'basics' like searching for eye level alone boring and she constantly repeated she wants to be able to take a sheet of paper and draw a scetch of cool interior right in front of a client in 10 minutes. She kept repeating it's supposed to be simple lines and not what she's been taught here with all those measurements, ruler, eye level and points... She tried her best to 'make everyone in the studio to release *the secret* how to draw better, some secret formula of success'. She talked to everyone, asked questions, but she definetely were looking for some 'short way' and moved to another person getting previous one shall not spill a thing. The conclusion is most of people don't understant that there is no 'short cut', they don't understand amount of work to be done. It is so simple for them! Just draw another art, what is so hard about that, why are you crying a river! Oh yeah... and those are defending and using AI. I hope it will rebel against its users and respect those he learned from.",positive,neutral,negative,negative,negative,negative,AIvsHuman,woman came art studio im studing around week ago woman interested interior sketches obvious learn perspective works build objects different angles colours work different matherials represented accurately mentor told pick picture interior would like draw way woman learning basics enjoying process time woman replied want draw imagination mentor told around next 20 minutes convinced pick picture begin woman found basics like searching eye level alone boring constantly repeated wants able take sheet paper draw scetch cool interior right front client 10 minutes kept repeating supposed simple lines shes taught measurements ruler eye level points tried best make everyone studio release secret draw better secret formula success talked everyone asked questions definetely looking short way moved another person getting previous one shall spill thing conclusion people dont understant short cut dont understand amount work done simple draw another art hard crying river oh yeah defending using ai hope rebel users respect learned
UgxztbNvKY6yp0Dng-Z4AaABAg,When it becomes clear the individual has no influence in this matter what is there left to do but shrug?,neutral,neutral,negative,negative,negative,negative,Climate,becomes clear individual influence matter left shrug
Ugwv2i2CZB2gO04TeKV4AaABAg,The kids that danced with Shakira were amazing. I’ve seen videos of these children before and how they came about become famous!,positive,neutral,neutral,positive,neutral,neutral,Mundial,kids danced shakira amazing ive seen videos children came become famous
UgwWQr1j32_ysvs1dqt4AaABAg,"I am from New England in the Northeast USA. Here we have all seasons. Hot in the summer freezing in the winter. However, due to this, we are prepared for nearly every wheather condition. When I traveled to Europe for the first time, I truly saw how unprepared some placed are for the changing conditions. In Switzerland the wheather was over 100 degrees at times, yet no place was equipped with AC. It was tough to travel simply due to the heat and lack of mitigation methods for addressing it. I see what Dr. Tyson is saying after experiencing this kind of thing.",positive,positive,neutral,positive,positive,positive,Climate,new england northeast usa seasons hot summer freezing winter however due prepared nearly every wheather condition traveled europe first time truly saw unprepared placed changing conditions switzerland wheather degrees times yet place equipped ac tough travel simply due heat lack mitigation methods addressing see dr tyson saying experiencing kind thing
UgyPIdO8VgVdjiNX8xJ4AaABAg,Who is here after Spain 🇪🇸 wins this 26 World Cup championship 😅🎉🎉🎉🎉🎉🎉🏆🏆🏆🏆🏆,positive,positive,positive,positive,positive,positive,Mundial,spain wins 26 world cup championship
Ugx0gEw5Hlm1iF58nbR4AaABAg,Norway's goalkeeper is f'n amazing,positive,positive,positive,positive,positive,positive,Mundial,norways goalkeeper fn amazing
UgyOvPHdyoIXq2hiCW14AaABAg,How anyone can compare Ronald to Messi just amazes me 😂 this man is a legend,positive,positive,negative,positive,positive,positive,Mundial,anyone compare ronald messi amazes man legend
Ugwd-drMb6XRPVzi07l4AaABAg,"Hear me out, this is giving an uncanny Käärijä vibes to me (as a finn), and I absolutely love it!

With all the love, it’s game on..
🇫🇮🇬🇷",positive,positive,positive,positive,positive,positive,Eurovision,hear giving uncanny käärijä vibes finn absolutely love love game
UgzGBWTLJlWNJDq-z1R4AaABAg,"The decisores makers are doing whst it have tô be doing ... I don""t know what is The answer but The drcisoon makers are not hoing in The way whst it us hoing to solve The problem",neutral,neutral,negative,negative,negative,negative,Climate,decisores makers whst dont know answer drcisoon makers hoing way whst us hoing solve problem
Ugyp-5tQmQBVgSH4qv94AaABAg,🇬🇷 Will Klavdia get a high jury result for Greece ?,neutral,neutral,neutral,neutral,neutral,neutral,Eurovision,klavdia get high jury result greece
UgyajEMvXTUt_J028v14AaABAg,Nothing will happen lol,positive,positive,positive,positive,positive,positive,Climate,nothing happen lol
UgwVJNioilzrrj70_lZ4AaABAg,5:15 major major respect for the honestly,positive,positive,positive,positive,positive,positive,Climate,major major respect honestly
UgzP-0Ho29J1REl3ENB4AaABAg,Don't apologize for the high rate of information...it was necessary.,positive,positive,neutral,neutral,neutral,neutral,Climate,dont apologize high rate informationit necessary
Ugx6tD9bbwJIO2TEQu14AaABAg,"Fairytale 
Arcade 
Disrespect was insane

Edit:Does anyone need auto graph",negative,neutral,neutral,neutral,neutral,neutral,Eurovision,fairytale arcade disrespect insane editdoes anyone need auto graph
UgwkvTaF5aCv32hBNBl4AaABAg,"One of the best Eurovision entries of all time, love from Türkiye.",positive,positive,neutral,positive,positive,positive,Eurovision,one best eurovision entries time love türkiye
UgyQgRroOqAV69VSqVh4AaABAg,"The truth is until the consequences are obvious and undeniable then we won't move fast enough. As soon as it's extreme we will move fast but the lives lost will weigh on our record as human beings. For those of us caught in this world we need to take care of ourselves, never stop speaking truth, but most importantly manage our emotions so that lack of movement doesn't hurt us.",positive,positive,neutral,positive,positive,positive,Climate,truth consequences obvious undeniable wont move fast enough soon extreme move fast lives lost weigh record human beings us caught world need take care never stop speaking truth importantly manage emotions lack movement doesnt hurt us
UgzDy1Rn0DaqXDZ6_pB4AaABAg,"We need to start talking about preserving our way of life as scientifically literate, reality-based humans.  Things are about to get rough.",negative,negative,negative,neutral,neutral,negative,Climate,need start talking preserving way life scientifically literate realitybased humans things get rough
UgxCzVdx8mZquTXMyvZ4AaABAg,"The scary thing is that this isn't limited to 2d art. I'm a 3d artist, and there are already early versions of  3d model and environment generation AIs. I feel scared that these are just gonna get more better and eventually replace some of us.",negative,negative,negative,negative,negative,negative,AIvsHuman,scary thing isnt limited 2d art im 3d artist already early versions 3d model environment generation ais feel scared gonna get better eventually replace us
Ugyz35bfDM9KxMNvPR54AaABAg,They both lost the semi final but give us the best game of the world cup well done to both teams x,positive,positive,neutral,positive,positive,positive,Mundial,lost semi final give us best game world cup well done teams x
UgxYeiB1n-kdW6kReUR4AaABAg,my new obsession for the next three months has been found recently,negative,negative,negative,positive,negative,negative,Eurovision,new obsession next three months found recently
Ugw3cWmgDEQzgrjzfU94AaABAg,"AI Bros sound like this: ""What? You don't want to use this tool that will essentially rob you of the entire procress you came to enjoy through years of learning a skill? The tool whose datacenters and means of resources displaced entire neighbourhoods and communities, cutting off fresh water supplies for people in already dry areas like Texas? The tool that learns from databases filled with millions of stolen, scraped artworks whose owners will never experience compensation for their work being used to mass-train a tool that's now stealing their job opporturnities because 'free labor' gets commerical people's balls tingling? Wow. You truly are just against modernism!""",positive,negative,negative,negative,negative,negative,AIvsHuman,ai bros sound like dont want use tool essentially rob entire procress came enjoy years learning skill tool whose datacenters means resources displaced entire neighbourhoods communities cutting fresh water supplies people already dry areas like texas tool learns databases filled millions stolen scraped artworks whose owners never experience compensation work used masstrain tool thats stealing job opporturnities free labor gets commerical peoples balls tingling wow truly modernism
UgzUJYa1yW4lK409joB4AaABAg,"Lionel Andrés Messi Cuccittini, what a blessing you are for football!",positive,positive,positive,positive,positive,positive,Mundial,lionel andrés messi cuccittini blessing football
UgyRf1IAJwVDMUdH_yB4AaABAg,Messi 8 goals + 4 assist in 39 years = An incredible achievement all of times.,neutral,positive,positive,positive,positive,positive,Mundial,messi 8 goals 4 assist 39 years incredible achievement times
UgyJ1fvZ5fBYOpm0MFJ4AaABAg,"The first guy lives in a completely different reality than the rest of us. Imagine being so out of touch as to seriously think that artists are ''overpricing'' themselves, while his lazy bum is shamelessly profiting from a technology that directly uses the past (and current) work of actual artists to generate anything. ''AI art'' would've never been a thing without artists! The level of audacity of some people really needs to be studied fr.",negative,neutral,negative,negative,negative,negative,AIvsHuman,first guy lives completely different reality rest us imagine touch seriously think artists overpricing lazy bum shamelessly profiting technology directly uses past current work actual artists generate anything ai art wouldve never thing without artists level audacity people really needs studied fr
Ugy6jFfo87iPQlzyDXt4AaABAg,"fairytale not being number 1 is mad work


edit: ragebait successful lmaooo",positive,neutral,neutral,neutral,neutral,neutral,Eurovision,fairytale number 1 mad work edit ragebait successful lmaooo
UgxlbqDXUiRG3MzSkqN4AaABAg,Great conversation 🎉❤,positive,positive,positive,positive,positive,positive,AIvsHuman,great conversation
UgydWcjsJ05JIP7UDv54AaABAg,The live performance is even better than the original. This rarely happens! I’m so impressed! Loved every second of it,positive,positive,positive,positive,positive,positive,Eurovision,live performance even better original rarely happens im impressed loved every second
Ugxe0iNlC4xhHp0PtRd4AaABAg,WHAT AN EPIC REVENGE <3,negative,negative,negative,positive,negative,negative,Eurovision,epic revenge 3
UgyLAU6ClLGfmY7tHJt4AaABAg,"The thing is that there a lot of people in the World who say that it's perfectly fine to let AI feeding them with any type of content (Art, Music, Games whatever). The reason is that they are quite undemanding. They do not have taste in anything.",positive,negative,negative,negative,negative,negative,AIvsHuman,thing lot people world say perfectly fine let ai feeding type content art music games whatever reason quite undemanding taste anything
UgxzawttY36xNx4A4XB4AaABAg,That first penalty miss by Brazil proved very costly.,negative,negative,negative,negative,negative,negative,Mundial,first penalty miss brazil proved costly
Ugw-AvRguwM_yXCcVXl4AaABAg,Wonderful goal and deserved victory,positive,positive,positive,positive,positive,positive,Mundial,wonderful goal deserved victory
Ugx2FzagLzw5N4ooTCh4AaABAg,COULD THE WORLD JUST CHILL THE F OUT. I JUST STARTED BECOMING AN ADULT.,positive,positive,positive,positive,positive,positive,Climate,could world chill started becoming adult
UgzEfhkkB0CIkY4ntsp4AaABAg,Hardrock Hallelujah not being here is a crime.,positive,positive,positive,negative,positive,positive,Eurovision,hardrock hallelujah crime
UgxK1x3CJk0wy8VimE94AaABAg,Waterloo is the most known and also the most important song in Eurovision history. The impact the song had to the entire contest is unbelievable.,positive,positive,positive,positive,positive,positive,Eurovision,waterloo known also important song eurovision history impact song entire contest unbelievable
UgyfnCncdtuuAwOEQmJ4AaABAg,2 minute highlight video for this match is criminal,negative,negative,positive,negative,negative,negative,Mundial,2 minute highlight video match criminal
UgwThTQiRp47Oc4ykTt4AaABAg,"I saw a similar discussion in Intimeros research about AI-related digital interactions, where the focus was less on replacing human qualities and more on understanding how technology can complement them. The future will likely be about human-AI collaboration rather than one side outperforming the other.",neutral,positive,neutral,neutral,neutral,neutral,AIvsHuman,saw similar discussion intimeros research airelated digital interactions focus less replacing human qualities understanding technology complement future likely humanai collaboration rather one side outperforming
Ugwuw7eHrk8kgb2cNzl4AaABAg,Mother Nature never tells us what’s going to happen tomorrow.,neutral,neutral,negative,neutral,neutral,neutral,Climate,mother nature never tells us whats going happen tomorrow
UgxG3iIFUpxaizXiCst4AaABAg,The winters here in Sweden are getting weird now. In the past we used to have pretty stable winters with temperatures around 5 degrees F and below and it did not change much for the entire winter. But now the temperatures are going up and down like a yo-yo each week. We get tons of snow and then it can suddenly melt and it feels like spring for a week and then it becomes winter again the next week with 5 degrees F or so. The climate is weird now for sure,neutral,neutral,negative,positive,positive,positive,Climate,winters sweden getting weird past used pretty stable winters temperatures around degrees change much entire winter temperatures going like yoyo week get tons snow suddenly melt feels like spring week becomes winter next week degrees climate weird sure
Ugykm54i2d840RaCtgN4AaABAg,"I was attempting to say this. To a pal...and I am in Michigan on the west coast. I said. ""we could get twenty feet of snow"". They said, ""what are you talking about"" I said, ""people would get hurt in that event because we have no way to imagine it. So I did not do very well. Now I can use this!
Thanks Neil.",neutral,positive,positive,positive,positive,positive,Climate,attempting say paland michigan west coast said could get twenty feet snow said talking said people would get hurt event way imagine well use thanks neil
Ugz5o8JQcV0Gysx-3WN4AaABAg,"This mindset of ""artists are gatekeepers for trying to criticize my little toy"" lacks so much empathy and research.

Art is expensive because there's a person behind it, a person that needs to survive, a person that needs food, water, electricity, ect. We price our art high, not only because of the amount of work, but because WE NEED TO SURVIVE. And because art is expensive, we ENCOURAGE people to learn it by themselves so they can create their own things without spending money.
Choosing a """"free"""" alternative that directly steals from people, poisons the air, fucks up with water, consumes an unimaginable amount of energy, allows for mass production of misinformation, leads to cases of psychosis, constantly lies, and so on because you don't see the point of paying people for their work just shows that you live in a very privileged reality.",negative,negative,negative,negative,negative,negative,AIvsHuman,mindset artists gatekeepers trying criticize little toy lacks much empathy research art expensive theres person behind person needs survive person needs food water electricity ect price art high amount work need survive art expensive encourage people learn create things without spending money choosing free alternative directly steals people poisons air fucks water consumes unimaginable amount energy allows mass production misinformation leads cases psychosis constantly lies dont see point paying people work shows live privileged reality
UgzOZV8jwLgkFDQevu94AaABAg,"I'm glad that you explain things in such an approachable way. It's who you are on a fundamental level. 
I'm sad that there is a large number of people that don't care.",positive,positive,neutral,positive,positive,positive,Climate,im glad explain things approachable way fundamental level im sad large number people dont care
UgybrbRbQT02sQ-Fjt14AaABAg,"This is a perfect Eurovision song. Catchy, sang in the artist’s native language, with a well-executed entertaining performance and a deep meaning hidden behind all the fun? 
I’m happy Akylas is top-10, but he deserved much more.",positive,positive,positive,positive,positive,positive,Eurovision,perfect eurovision song catchy sang artists native language wellexecuted entertaining performance deep meaning hidden behind fun im happy akylas top10 deserved much
UgxecoHVRaTKcrsXppl4AaABAg,So timely! For those who want to know what's really happening. Every other news item pales into insignificance.,neutral,neutral,negative,neutral,neutral,neutral,Climate,timely want know whats really happening every news item pales insignificance
UgxIhT-6WGhdG1E7ZoR4AaABAg,12 points from United Kingdom my favourite,positive,positive,positive,positive,positive,positive,Eurovision,12 points united kingdom favourite
UgwcEqcXm9wccW9rSyB4AaABAg,"~Thank you for your continued concerns for the earth & all the combined issues on climate.
~People need to care about this,  but also need to have relevant ways to be involved in positive ways. Finding creative ways to have positive impacts might seem daunting to most.",positive,positive,positive,positive,positive,positive,Climate,thank continued concerns earth combined issues climate people need care also need relevant ways involved positive ways finding creative ways positive impacts might seem daunting
UgxiGT3Jpac7rrudpyp4AaABAg,"""b-but the pewpole wif dishabiwities!!"" I have only one eye, it's half blind, I can't work for too long or my vision gets worse, I risk becoming fully blind at any moment, and I STILL have been sucsessfully drawing for ~9 years, and have a career in design. There's no excuses",negative,negative,negative,negative,negative,negative,AIvsHuman,bbut pewpole wif dishabiwities one eye half blind cant work long vision gets worse risk becoming fully blind moment still sucsessfully drawing 9 years career design theres excuses
UgyPBxt-kDvfiFmxY_l4AaABAg,Eurovision week so i cane here to pay my tribute,negative,neutral,neutral,neutral,neutral,neutral,Eurovision,eurovision week cane pay tribute
Ugx4Nn5EVJa8Fekl3HF4AaABAg,No way Waterloo from ABBA isn't in this list...,negative,negative,negative,negative,negative,negative,Eurovision,way waterloo abba isnt list
UgytNSgy8oartVrJhM54AaABAg,"So fr about Click, it's my favorite movie of all time. The comedy is really unserious and downright kinda stupid, but about halfway through it changes into a very intense and moving movie about how he wants to be there for everything, the good the bad, etc and not just get it all skipped by the remote. I don't cry to media much, but I cried during the end of Click.",positive,neutral,positive,positive,positive,positive,AIvsHuman,fr click favorite movie time comedy really unserious downright kinda stupid halfway changes intense moving movie wants everything good bad etc get skipped remote dont cry media much cried end click
UgzAWc8P_XbJ9flDHZ94AaABAg,"As a football fan, never rooted for Spain this hard in my life. Thank you for saving football.",positive,positive,positive,positive,positive,positive,Mundial,football fan never rooted spain hard life thank saving football
UgxFKQ20GRzh5KtIv_J4AaABAg,I love greece in eurovision 🇳🇿❤️🇬🇷,positive,positive,positive,positive,positive,positive,Eurovision,love greece eurovision
UgxcVq9zSA1A7QMxOqt4AaABAg,From Jungkook performing in 2022 to whole group performing in 2026...BTS you paved the way 🥹💜️💜️,neutral,neutral,neutral,positive,neutral,neutral,Mundial,jungkook performing 2022 whole group performing 2026bts paved way
Ugx54KWuK61KS5uVq-R4AaABAg,"Can't believe BTS wrapped their historic 2 nights in Paris with 180k audience, immediately got on a 10 hour flight and reached NYC only few hours before the match to delivering a flawless live performance. Man 13 years in the game and they love their craft. Nothing but respect❤",positive,neutral,neutral,positive,positive,positive,Mundial,cant believe bts wrapped historic 2 nights paris 180k audience immediately got 10 hour flight reached nyc hours match delivering flawless live performance man 13 years game love craft nothing respect
Ugyr1jS687Y-IJH3el14AaABAg,"After watching it for the 100th time I can say that I know why they won. They really presented something original and well done: very theatrical, the choreography, the gestures, the faces, the masks, the chairs, the lights, the lyrics, the message, the subtleties. Really fascinating! Congratulations!",positive,positive,positive,positive,positive,positive,Eurovision,watching 100th time say know really presented something original well done theatrical choreography gestures faces masks chairs lights lyrics message subtleties really fascinating congratulations
UgyZ7xDeYv7iGqB82wR4AaABAg,"Hi dear people! 2 months after our diva DARA won Eurovision 🏆!!!! This was a crazy moment for my country Bulgaria 🇧🇬 and for me of course, because i'm a very big fan of Eurovision since 10 years!!! For the first time Bulgaria won something big competition in the World 🌎!!! I use this comment to say thank you to everyone for congrats my country and our queen winning Eurovision!!!  I love you all here!!!!❤❤❤ I invite everyone to come in Bulgaria 🇧🇬 for next year!!! I hope we Bulgarians to make best Eurovision ever!!!! Welcome all to Bulgaria 🇧🇬!!! Best wishes from me,Andi!!!❤❤❤",positive,positive,positive,positive,positive,positive,Eurovision,hi dear people 2 months diva dara eurovision crazy moment country bulgaria course im big fan eurovision since 10 years first time bulgaria something big competition world use comment say thank everyone congrats country queen winning eurovision love invite everyone come bulgaria next year hope bulgarians make best eurovision ever welcome bulgaria best wishes meandi
UgxgF1OmlngXN3rq3xB4AaABAg,"man laura´s voice is stuning, marvelous.",positive,neutral,positive,positive,positive,positive,Mundial,man lauras voice stuning marvelous
UgxFS6dJ5mx-_iouma14AaABAg,"I'm a truck driver in America, and the wind (standard, gust and surge) is threatening the transportation of goods. I used to believe that it was due to the gradual removal of 'dust bowl' era trees, but the amount of blow-overs across the nation shows that the surface wind pressure is increasing aggressively. As Tolkien wrote, the world is changed <Treebeard>",negative,negative,negative,neutral,neutral,negative,Climate,im truck driver america wind standard gust surge threatening transportation goods used believe due gradual removal dust bowl era trees amount blowovers across nation shows surface wind pressure increasing aggressively tolkien wrote world changed treebeard
UgyoYnei53B9CG-RVRt4AaABAg,"Helena paparoizou she was 1st on Eurovision ❤❤
and klavdia is 6th❤❤",positive,neutral,neutral,neutral,neutral,neutral,Eurovision,helena paparoizou 1st eurovision klavdia 6th
UgxecZFYKD0HKgykU854AaABAg,"These people think someone scanning items at a till deserves more per hour than an artist who has spent a life time working on their craft and has to pay for all of their tools. The lack of respect for artists is heartbreaking. Also this isn't me shading cashiers, I am one.",negative,neutral,negative,negative,negative,negative,AIvsHuman,people think someone scanning items till deserves per hour artist spent life time working craft pay tools lack respect artists heartbreaking also isnt shading cashiers one
UgzFqyaMGoB8AY67xkp4AaABAg,Newton is hidden in plain sight til he leaves.,negative,negative,negative,neutral,neutral,neutral,Climate,newton hidden plain sight til leaves
UgyOlgnSeYpkUKshD4l4AaABAg,Pretty sure this was an advertisement for AI products. Keep that energy when pay walls go up.,positive,neutral,negative,negative,negative,negative,AIvsHuman,pretty sure advertisement ai products keep energy pay walls go
UgzfhHjYWoelXS6XCnl4AaABAg,My personal winner from Germany! 12 Points! Good luck Greece 💙,positive,positive,positive,positive,positive,positive,Eurovision,personal winner germany 12 points good luck greece
UgxcuO0BwiQ0zAgn2A94AaABAg,Arcade and fairytale is my fav😍,positive,positive,positive,positive,positive,positive,Eurovision,arcade fairytale fav
Ugw4HATqeA5dMoWHivt4AaABAg,"This performance could easily be on an MTV award show. Impressive, and her acting was great too! 👏👏",positive,positive,positive,positive,positive,positive,Eurovision,performance could easily mtv award show impressive acting great
Ugygn3vlyzaM2bFVHGl4AaABAg,Madonna with Ronaldinho and Ronaldo is absolutely legendary 🔥,negative,neutral,positive,positive,positive,positive,Mundial,madonna ronaldinho ronaldo absolutely legendary
Ugw4yql8lUBJDfrPeU54AaABAg,Never thought any team could dominate the France team like this. ..,positive,positive,neutral,neutral,neutral,neutral,Mundial,never thought team could dominate france team like
UgybiZDytZqe7vJCmS14AaABAg,This performance is clear and easy to follow It deserves more views.,positive,positive,neutral,positive,positive,positive,Mundial,performance clear easy follow deserves views
UgwvLgH_5WKYlwbublJ4AaABAg,A heartfelt thank you to the whole CEF team. I may have literally watched all your videos over the years and appreciate the no-nonsense approach. It helps those of us with our eyes open so much.,positive,positive,neutral,positive,positive,positive,Climate,heartfelt thank whole cef team may literally watched videos years appreciate nononsense approach helps us eyes open much
UgyFcdGI4y_vBILi1rR4AaABAg,Now we are facing El Adõlescente,neutral,neutral,negative,negative,negative,negative,Climate,facing el adlescente
Ugzekgpaapz4Rp_3O454AaABAg,"I'm so glad to see people commenting about their appreciation for actual art and not ai generated images, a spark of hope.",positive,neutral,positive,positive,positive,positive,AIvsHuman,im glad see people commenting appreciation actual art ai generated images spark hope
Ugxi0vs1n0GoR-3-rJ94AaABAg,SHE HAD TO LOCK IN FOR THE FINAL,neutral,neutral,neutral,positive,neutral,neutral,Eurovision,lock final
Ugx0gXBKvWUfvgcbBLV4AaABAg,Not gonna lie… she ate tonight! 😂,positive,positive,positive,positive,positive,positive,Eurovision,gonna lie ate tonight
Ugw3Pl2iFmbeF-x1_7V4AaABAg,"After his performance in the first game, we all doubted him wrongfully.",negative,positive,positive,positive,positive,positive,Mundial,performance first game doubted wrongfully
UgxS6Icd2S0KyL2GI1B4AaABAg,I LOVE NICOLE IS BEAUTITULL,positive,neutral,positive,positive,positive,positive,Mundial,love nicole beautitull
Ugwze6D6bwmkWG3SxD54AaABAg,"Want to restore the planet’s ecosystems and see your impact in monthly videos? The first 100 people to join Planet Wild with our code ASTRUM6 will get the first month for free: https://planetwild.com/r/astrumearth/join/6
If you want to get to know them better first, check out their mission about the biggest wildlife corridor: https://planetwild.com/r/astrumearth/m37/6

UPDATE: Just two days after we dropped this video, NOAA officially confirmed the arrival of El Niño. It is currently strengthening and remains on track to become a ""Super El Niño"", matching earlier predictions. 
Read more here: https://www.noaa.gov/news-release/el-nino-forms-expected-to-strengthen-say-noaa-forecasters",positive,positive,positive,positive,positive,positive,Climate,want restore planets ecosystems see impact monthly videos first people join planet wild code astrum get first month free want get know better first check mission biggest wildlife corridor update two days dropped video noaa officially confirmed arrival el nio currently strengthening remains track become super el nio matching earlier predictions read
UgwDCZB7RMCS9Db58dh4AaABAg,France was properly humbled in this match.,neutral,negative,negative,negative,negative,negative,Mundial,france properly humbled match
UgwgRZmdltp5zOj4qVt4AaABAg,Thank you Spain for saving the art of football,positive,positive,positive,positive,positive,positive,Mundial,thank spain saving art football
UgzT5AJikulY5xKLyo94AaABAg,"""i think at best, art is an invitation for connection."" YES! beautifully said.",positive,positive,positive,positive,positive,positive,AIvsHuman,think best art invitation connection yes beautifully said
UgxT49vMoGFJF9sZ4sh4AaABAg,"Her vocals are better this time, which is nice to see.... And even if she finished at 19th place, she slayed on the stage! 
A round of applause to Antigoni and Cyprus for a job well done. 😄👏",positive,positive,positive,positive,positive,positive,Eurovision,vocals better time nice see even finished 19th place slayed stage round applause antigoni cyprus job well done
Ugz27g3SfLYkoZgQPhd4AaABAg,"This was definitely better than the semi final one, I'm taking my comment back. She came back on stage like a queen.",positive,positive,positive,positive,positive,positive,Eurovision,definitely better semi final one im taking comment back came back stage like queen
UgxX-EpOH7JwvlBTcKp4AaABAg,*THE WORK RATE IS MAD!* 🥶💯,negative,neutral,neutral,neutral,neutral,neutral,Eurovision,work rate mad
Ugw1DKQPlpf7nkb3nBN4AaABAg,"Our successors will never believe that we were capable of such artistry, just as we were ignorant of our ancestors' enginuity.",positive,negative,neutral,neutral,neutral,neutral,AIvsHuman,successors never believe capable artistry ignorant ancestors enginuity
UgzmX0TRtzGJ0gJWdm94AaABAg,Who's after spain won the world 🗿,positive,positive,neutral,positive,positive,positive,Mundial,whos spain world
Ugz0XMGxQxkloRPRq414AaABAg,Hats off to Norway keeper for excellent saves.,positive,positive,positive,positive,positive,positive,Mundial,hats norway keeper excellent saves
UgxFZQ2w6X8yspDO1KJ4AaABAg,"I am waitting for the ""Greece, the public gave you 650 points"" 👏 😀",positive,positive,positive,positive,positive,positive,Eurovision,waitting greece public gave 650 points
UgyasPaWbOOUvsuwexN4AaABAg,It would be unfair for Argentina to win with such a rough and unforgiving game. Spain trained and won. Spain played football. Congratulations from Uzbekistan,positive,positive,negative,positive,positive,positive,Mundial,would unfair argentina win rough unforgiving game spain trained spain played football congratulations uzbekistan
UgwhxBh35YzLlYwg8U14AaABAg,"It is so sad. We knew in the 1970's everything we needed to know to keep the planet a good place for us to live.  I have always felt that was our last good chance to choose a different economy, one that was not based on blind growth at any cost.",positive,positive,neutral,positive,positive,positive,Climate,sad knew everything needed know keep planet good place us live always felt last good chance choose different economy one based blind growth cost
UgwiZGnRjY43P6D1qZh4AaABAg,"Spartan children wanted to be warriors, medieval children wanted to be aristocrats, Chinese children want to be astronauts, and American children want to be celebrities. What they all have in common is status. Most people are competitive social climbers, and children pick this up at a very young age. They see the reverence others display towards high-status people, and they want that attention for themselves.",positive,negative,neutral,negative,negative,negative,AIvsHuman,spartan children wanted warriors medieval children wanted aristocrats chinese children want astronauts american children want celebrities common status people competitive social climbers children pick young age see reverence others display towards highstatus people want attention
UgwEwr7LtxUljsICWT54AaABAg,As an American who had never heard of any of these guys before l’m incredibly impressed,positive,positive,positive,positive,positive,positive,Eurovision,american never heard guys lm incredibly impressed
UgximVb496u_3E6urA14AaABAg,Noo stronger hurricanes for us Floridians,neutral,neutral,negative,neutral,neutral,neutral,Climate,noo stronger hurricanes us floridians
Ugy4g1l0V7dAVU85XSV4AaABAg,"Good job, guys! Greetings from Serbia",positive,negative,positive,positive,positive,positive,AIvsHuman,good job guys greetings serbia
UgzseAR6QJo6aPceFpJ4AaABAg,"This is SOOOO MUCH BETTER than the semifinal, go girl, GIVE US JALLA ❤‍🔥 🇨🇾",positive,positive,positive,positive,positive,positive,Eurovision,soooo much better semifinal go girl give us jalla
Ugx0Ia6J89L3N7LPey14AaABAg,This video is really helpful This deserves recognition.,positive,positive,positive,positive,positive,positive,Mundial,video really helpful deserves recognition
Ugw9dHfM0Z6yvm1ac2p4AaABAg,The best part is seeing the world come together!❤,positive,positive,positive,positive,positive,positive,Mundial,best part seeing world come together
Ugxj7h2BGEJVw2n2DzV4AaABAg,This deserves so much more views! It is so beautiful,positive,positive,positive,positive,positive,positive,Mundial,deserves much views beautiful
Ugx6cHPgFxhged-izld4AaABAg,"As someone who favors France for this match, felt like this is the most fair referee in recent matches",positive,positive,neutral,positive,positive,positive,Mundial,someone favors france match felt like fair referee recent matches
Ugyh4BEJOGIpShXzG3J4AaABAg,"He can even sing a ballad, very rare for the singers of such entries, he can literally sing!",neutral,neutral,neutral,positive,neutral,neutral,Eurovision,even sing ballad rare singers entries literally sing
UgzOOfFwmuxMSSFWl7d4AaABAg,spain made really proud by knocking the most dangerous team this world cup,neutral,positive,neutral,positive,positive,positive,Mundial,spain made really proud knocking dangerous team world cup
Ugw0u_9N85tU3Y1iTWx4AaABAg,"Here in Newfoundland we are having abnormally warm winters. This means not enough water runoff come through summer, which also means the permafrost in the ground is weak, and now we’re having forest fires due to dryer seasons.",neutral,neutral,negative,positive,positive,positive,Climate,newfoundland abnormally warm winters means enough water runoff come summer also means permafrost ground weak forest fires due dryer seasons
Ugygrb_HwnZDkqo0HXJ4AaABAg,one thing I've noticed in Denmark is that our winters with full day frosts and cold snowy days are practically gone. we barely have a month collectively anymore with night frosts. I remember as a kid having snow days and minus degrees (Celsius) in the middle of the day. This year so far I haven't seen a single full day frost. D:,neutral,neutral,negative,positive,positive,positive,Climate,one thing ive noticed denmark winters full day frosts cold snowy days practically gone barely month collectively anymore night frosts remember kid snow days minus degrees celsius middle day year far havent seen single full day frost
UgxZbGetON0xq6HtH994AaABAg,"""King kong, kick the ball"" 

""Iced tea and a game of football"".",neutral,neutral,neutral,neutral,neutral,neutral,Mundial,king kong kick ball iced tea game football
Ugy6BO76IqqtQaDqM5Z4AaABAg,"NEVER LEAVE EUROVISION AGAIN BULGARIA 

WELCOME BACK !!",positive,positive,positive,positive,positive,positive,Eurovision,never leave eurovision bulgaria welcome back
UgxR4wKZAF59f9uHQAV4AaABAg,"12 points from Bosnia 🇧🇦🤍🇬🇷 As catchy, upbeat, and positive as the song is, it’s also emotionally heavy. Reading the translated lyrics gave me goosebumps. Go for the win! 🇬🇷🥹",positive,positive,positive,positive,positive,positive,Eurovision,12 points bosnia catchy upbeat positive song also emotionally heavy reading translated lyrics gave goosebumps go win
UgwV0nMWRHy92GoOrXR4AaABAg,"In Nicaragua just started raining, when usually it starts raining at the beginning of May. So this is already an unusual year.",neutral,neutral,negative,positive,positive,positive,Climate,nicaragua started raining usually starts raining beginning may already unusual year
UgwaElpf0jqReRDHQCx4AaABAg,"I was sitting on the couch watching, while my dad was snacking at the dinner table. This song started. At the 10-second mark, my dad and I looked at each other at the same time. I said ""Dad, this is number one. Definitely!""  Watching the other songs didn't change my mind. :) My neighbor deservedly won. Greetings from Türkiye.",positive,positive,neutral,positive,positive,positive,Eurovision,sitting couch watching dad snacking dinner table song started 10second mark dad looked time said dad number one definitely watching songs didnt change mind neighbor deservedly greetings türkiye
Ugx18RCKrqXjR5Dl4_x4AaABAg,Did anyone notice at the end of the half time show during the children's performance when everyone stepped in to front but BTS and Justin bieber moved to back without stealing the spotlight.. Such a nice a thoughtful gesture from them.. 🥰,positive,neutral,neutral,positive,positive,positive,Mundial,anyone notice end half time show childrens performance everyone stepped front bts justin bieber moved back without stealing spotlight nice thoughtful gesture
Ugwu6RoYTiCefgWqcMh4AaABAg,"AI is absolutely terrifying. The way it can generate images which can't even be told apart from 'human art' can be very disheartening for new and beginner artists, it baffles me how far technology has come, and how much long way it still has to go
Traditional art is is i guess ¯\_(ツ)_/¯",negative,neutral,negative,negative,negative,negative,AIvsHuman,ai absolutely terrifying way generate images cant even told apart human art disheartening new beginner artists baffles far technology come much long way still go traditional art guess _ツ_
UgwpHRlL7ZgOwuwTWbJ4AaABAg,"12:24 so model projections often overshoot what happens, and the models thought we'd hit super El Niño status by July.... except its mid June and the Super El Niño was confirmed today. Certainly a time for history books to be written about for a number of reasons",neutral,positive,positive,positive,positive,positive,Climate,model projections often overshoot happens models thought wed hit super el nio status july except mid june super el nio confirmed today certainly time history books written number reasons
UgxKf9IrfCvY7EoUsB94AaABAg,"AI isn't ""free."" It's less expensive,now, because there is abundance. But, apparently, the infrastructure to generate AI images may not be able to catch up (i.e. current chip shortages, energy costs etc). Eventually, people will have to pay a premium to generate AI images too. Eventually, AI prompters will charge for their services as well -- they, do spend time and effort for it, right? They're not going to work for $1/hour either. 

And we'll be back to square one where the need for ""art"" will be proportional to the price they are willing to pay. 😊",positive,neutral,neutral,negative,neutral,neutral,AIvsHuman,ai isnt free less expensivenow abundance apparently infrastructure generate ai images may able catch ie current chip shortages energy costs etc eventually people pay premium generate ai images eventually ai prompters charge services well spend time effort right theyre going work 1hour either well back square one need art proportional price willing pay
UgxLINDn4j0Awlp_eM94AaABAg,The way you present is exactly what I needed I learned a lot from it.,neutral,positive,neutral,positive,positive,positive,Mundial,way present exactly needed learned lot
UgyanvJDedwUSSgAnep4AaABAg,"For me the problem with the argument that ""AI art just isn't good"" is that, what if it does become good? What if it will improve and do things that humans even can't? Will we be okay with AI art then? Because I won't. There are many more problems with AI, some described in this video that make me disagree with AI and quality isn't the root of the problem.",negative,positive,neutral,negative,negative,negative,AIvsHuman,problem argument ai art isnt good become good improve things humans even cant okay ai art wont many problems ai described video make disagree ai quality isnt root problem
UgyXbag6LgQmBSanQvl4AaABAg,"You know, I'm all for transformative fanworks, fanfic, fanart, and TBH I don't see anything immoral with piracy, either. But not for a second do I think it's appropriate to claim any of that as my ""original work"" or try to make money off of it.
There's enough public domain and creative commons art out there that these corporations could've build their generative AI around them and come out with good results. The reason they didn't was because it was cheaper to scrape the web and not worry about the consequences.",positive,neutral,negative,negative,negative,negative,AIvsHuman,know im transformative fanworks fanfic fanart tbh dont see anything immoral piracy either second think appropriate claim original work try make money theres enough public domain creative commons art corporations couldve build generative ai around come good results reason didnt cheaper scrape web worry consequences
UgwmJoolaUldB8P0kRN4AaABAg,"Awareness & understanding of climate change has improved over time & a new industrial sector has been spawned. It's not sufficient.
Many people don't want to know. Their immediate lives are of prime importance. They vote.
Whatever fragmentation of global society results, survivors who understand the causes of historical decline may just have a better chance of going on to reproduce.",positive,positive,positive,positive,positive,positive,Climate,awareness understanding climate change improved time new industrial sector spawned sufficient many people dont want know immediate lives prime importance vote whatever fragmentation global society results survivors understand causes historical decline may better chance going reproduce
Ugx5wF-nDzdgneNCzHR4AaABAg,The gatekeeping one is hilarious. You are NOT the artist. The computer is.,positive,negative,negative,negative,negative,negative,AIvsHuman,gatekeeping one hilarious artist computer
UgzVIXVtbH4TiAh2aCl4AaABAg,"It's pretty simple to me: whenever I realize something I've been reading or looking at is AI generated, I feel cheated. It was never worth my attention in the first place, because the creator didn't put any effort into it. Only if someone has something real to say, and however small it may be, do I feel that it's worth my time.",neutral,negative,negative,negative,negative,negative,AIvsHuman,pretty simple whenever realize something ive reading looking ai generated feel cheated never worth attention first place creator didnt put effort someone something real say however small may feel worth time
Ugw9ljfcoK1fwWAhwOx4AaABAg,We thought Messi reached his peak last World Cup until he carried Argentina to possible back-2-back title at the age of 39 years old. Insane longevity!,negative,positive,positive,positive,positive,positive,Mundial,thought messi reached peak last world cup carried argentina possible back2back title age 39 years old insane longevity
UgxfXkHC_Ccmhw4NeEJ4AaABAg,I love that you brought up relationship to society with art,positive,positive,positive,positive,positive,positive,AIvsHuman,love brought relationship society art
UgxGENxOsCd9ng-pYIV4AaABAg,"As Kaarija said ""It's crazy, it's party""",positive,positive,positive,positive,positive,positive,Eurovision,kaarija said crazy party
Ugy-a8rYgwsQIr6gttN4AaABAg,BTS gained a lot of fans again after these performances but why they only get 1:51 mins,positive,neutral,neutral,positive,neutral,neutral,Mundial,bts gained lot fans performances get 151 mins
UgwGvgjNRhNIbjFxdr94AaABAg,Lowkey one of the few peaceful game of the world cup✌🏻😭,positive,neutral,neutral,positive,positive,positive,Mundial,lowkey one peaceful game world cup
Ugx7Lgurvjs1e20tg0J4AaABAg,3rd-place final was 1000x more entertaining than the actual final,positive,negative,positive,positive,positive,positive,Mundial,3rdplace final 1000x entertaining actual final
UgzSn7ixZnWrY7li-TR4AaABAg,Norway's goalkeeper was just goated,neutral,positive,positive,positive,positive,positive,Mundial,norways goalkeeper goated
UgxTflZMFFTBIzQ9a054AaABAg,Where is Waterloo??,neutral,neutral,neutral,neutral,neutral,neutral,Eurovision,waterloo
UgwfmIlAyIk0g3MIj3t4AaABAg,"Congrats from Germany Norway, keep rowing on.",positive,positive,positive,positive,positive,positive,Mundial,congrats germany norway keep rowing
UgywFi1TpDgK5ycLwGl4AaABAg,i love this show❤ it’s a good material to learn English,positive,positive,positive,positive,positive,positive,AIvsHuman,love show good material learn english
Ugzi2O8Sgl5pygiLaoV4AaABAg,If it’s now or never it’ll be never. If you put pressure on politicians they’ll pass a resolution to debate whether or not they should think about doing literally anything.,neutral,neutral,negative,neutral,neutral,neutral,Climate,never itll never put pressure politicians theyll pass resolution debate whether think literally anything
UgyUjM7P1sLXn3R71_J4AaABAg,I will NEVER accept A.I. image generation as a replacement for actual art & artists. This is the hill I will forever die on,negative,negative,negative,negative,negative,negative,AIvsHuman,never accept ai image generation replacement actual art artists hill forever die
Ugy_vFqvrU35j-3y5gd4AaABAg,Whoever choreographed this needs an award !!!!,positive,positive,positive,positive,positive,positive,Eurovision,whoever choreographed needs award
UgwBkQJ67M4IM99TD1V4AaABAg,Watch this game be more entertaining than the finals,positive,positive,neutral,positive,positive,positive,Mundial,watch game entertaining finals
UgwG5EX0OiJpG8uXn4J4AaABAg,Rondoo Drill King🐐💙🇮🇹,neutral,neutral,neutral,positive,neutral,neutral,Eurovision,rondoo drill king
UgxrUcITTIf9gLcAsGJ4AaABAg,"I find it crazy how some people call artists greedy, when they're the ones using AI to make cheaper art, so they can pay less and keep more.",negative,neutral,negative,negative,negative,negative,AIvsHuman,find crazy people call artists greedy theyre ones using ai make cheaper art pay less keep
Ugz4bDN0Oj9I81Rdpt54AaABAg,I want everyone to scream ferto mou ferto mou in the vienna era in may,negative,positive,positive,positive,positive,positive,Eurovision,want everyone scream ferto mou ferto mou vienna era may
UgzykBzfgo9J1VBMdbV4AaABAg,AKYLAS BECAME ONE MORE CELEBRITY IN THE EUROVISION HALL OF FAME,positive,positive,negative,positive,positive,positive,Eurovision,akylas became one celebrity eurovision hall fame
UgwpZDbCYrrHgic2Gyt4AaABAg,1:36 for a second i thought i was listening to a telenovela theme song,neutral,neutral,neutral,neutral,neutral,neutral,Mundial,136 second thought listening telenovela theme song
UgwIcXwJys1PY0ygA394AaABAg,I love how each passing year is significantly worse than the year before.,neutral,neutral,negative,negative,negative,negative,Climate,love passing year significantly worse year
UgzTS13-YNnp6lHZfQ94AaABAg,I'm from Greece 🇬🇷,neutral,neutral,neutral,positive,neutral,neutral,Eurovision,im greece
UgzGrcEi0c5w_qBk_xh4AaABAg,"From what I've noticed, I think he's the one who had the most fun out of all the contestants. He just exudes joy and relaxation.😂🎉",positive,positive,positive,positive,positive,positive,Eurovision,ive noticed think hes one fun contestants exudes joy relaxation
Ugzb2D-AxBLeQSjsnT14AaABAg,Waterloo not being on this list is a fucking sin,negative,negative,negative,negative,negative,negative,Eurovision,waterloo list fucking sin
UgxbXTif96h66dfXCet4AaABAg,"This is something that every human being should be pushing and speaking about EVERYDAY and like putting an effort to help the planet . Nobody cares earth does not have enough attention for the world . Until cities start flooding and food isn’t available and people start climate migrating people will listen, and by then it will be too late",neutral,neutral,neutral,positive,positive,negative,Climate,something every human pushing speaking everyday like putting effort help planet nobody cares earth enough attention world cities start flooding food isnt available people start climate migrating people listen late
UgwwlAmBslgC9a4jp1B4AaABAg,Amazing goal keeping and I think one of the best goals ever - unbelievable level of precision. Well done Norway!!,positive,positive,positive,positive,positive,positive,Mundial,amazing goal keeping think one best goals ever unbelievable level precision well done norway
UgwDNqvoVdIOWMFmc9x4AaABAg,I love how people act like 140 years is a long time when it comes to stuff like this lol,positive,positive,positive,positive,positive,positive,Climate,love people act like years long time comes stuff like lol
UgwcpTdepcl-ncB-6Kl4AaABAg,"BTS were on tour in Paris for their biggest live audience ever just 24 hours before this, legends beat the jet lag 🔥🔥",negative,neutral,neutral,positive,neutral,neutral,Mundial,bts tour paris biggest live audience ever 24 hours legends beat jet lag
UgwuuzyI56FwZB1EHiR4AaABAg,Ive never cheered this much for Bulgaria to win anything.,positive,positive,positive,positive,positive,positive,Eurovision,ive never cheered much bulgaria win anything
UgwQHhkH6HEXDUZhJDV4AaABAg,Very good discussion fully needs more and more report on it,positive,positive,positive,positive,positive,positive,AIvsHuman,good discussion fully needs report
UgwBR09jVpEAE8-IWAB4AaABAg,"I think it’s insane how artists have to explain the unjustness behind a mass copyright infringement. I think you’re very strong for experiencing this on a mass scale. I know that I and many others like me will always fight for our rights on this issue, as many of us trusted the system with our income to feed our families.",positive,negative,positive,negative,negative,negative,AIvsHuman,think insane artists explain unjustness behind mass copyright infringement think youre strong experiencing mass scale know many others like always fight rights issue many us trusted system income feed families
Ugw4eOaYX0c1oIkQ7v14AaABAg,Back to 2010 when Spain qualified to the final for the first time in South Africa,neutral,positive,neutral,neutral,neutral,neutral,Mundial,back 2010 spain qualified final first time south africa
Ugy5e2XSmtgYNSINGDt4AaABAg,The collab is hard! 🙏 🔥,negative,negative,negative,positive,negative,negative,Eurovision,collab hard
UgzI9RvsT5z31KFaXsN4AaABAg,Happy birthday Spain🇪🇦🇪🇦🇪🇦🇪🇦🇪🇦🇪🇦🇪🇦🇪🇦🇪🇦🎉🎉🎉🎉🎉🎉🎉🎉🎉,positive,neutral,neutral,positive,neutral,neutral,Mundial,happy birthday spain
Ugwlf_tnFSZ7blDHKLZ4AaABAg,"If you really want to save the environment then consume less, but every industry wants to out do its previous production records ! In order to save the environment you have to basically bear an economic recession.",neutral,neutral,negative,positive,positive,positive,Climate,really want save environment consume less every industry wants previous production records order save environment basically bear economic recession
UgyrGxGkLsTgPJxC1ZF4AaABAg,Well this aged well,positive,negative,negative,neutral,neutral,negative,Climate,well aged well
UgzCAzpGdaYCYjQ3GkZ4AaABAg,"I really thought Argentina had lost against England in 80 minutes, Suddenly they pulled off the comeback, What a great match.",positive,positive,neutral,positive,positive,positive,Mundial,really thought argentina lost england 80 minutes suddenly pulled comeback great match
Ugw0enFM5zcH2eq_5Hl4AaABAg,Fermi paradox speedrun any% sub 2100,neutral,neutral,negative,neutral,neutral,neutral,Climate,fermi paradox speedrun sub
Ugyzir4efqcA-sYcNwJ4AaABAg,"No matter how massive they become or how big the stadium is, they still perform with the exact same hunger and dedication as day one. That's why I'll always be proud to be an ARMY. I hope they continue to fly even higher because all their hard work and dedication deserve nothing less❤",positive,neutral,positive,positive,positive,positive,Mundial,matter massive become big stadium still perform exact hunger dedication day one thats ill always proud army hope continue fly even higher hard work dedication deserve nothing less
Ugy7FO1Z7ObekAU_6bh4AaABAg,"In 1890, Tchaikovsky was commissioned by the Imperial Theater to compose the music for The Nutcracker. Shortly after accepting this job, his sister passed away. No AI generated sounds, as technically accurate as they may get, could ever replicate the feeling of grief and melancholy written into Pas de Deux. Technical composition isn't what has moved people to tears for over 130 years. For that reason I still have hope that real art will always win in the end. Excellent video and discussion!!",positive,positive,positive,positive,positive,positive,AIvsHuman,1890 tchaikovsky commissioned imperial theater compose music nutcracker shortly accepting job sister passed away ai generated sounds technically accurate may get could ever replicate feeling grief melancholy written pas de deux technical composition isnt moved people tears 130 years reason still hope real art always win end excellent video discussion
Ugwb0pgNRNTImyJ5ky14AaABAg,They did an amazing job. Robbie is charismatic as always and Nicole always hits those notes. Impressive!,positive,neutral,positive,positive,positive,positive,Mundial,amazing job robbie charismatic always nicole always hits notes impressive
UgzuqfNrf28GxI96mm14AaABAg,"They never give up and they are always comeback. You can hate them, but u must admit they fighting spirit, vamos Argentina!",negative,positive,neutral,positive,positive,positive,Mundial,never give always comeback hate u must admit fighting spirit vamos argentina
Ugzxd9aBv_TN5bFkN-x4AaABAg,"""Not our problem"" - the billionaires, and the first trillionaire",positive,positive,positive,positive,positive,positive,Climate,problem billionaires first trillionaire
UgxZTuLG2M0EBVIRp394AaABAg,"To me, the process itself of making art and throwing in real emotions is the most important parts, so thank you for this.",positive,negative,positive,positive,positive,positive,AIvsHuman,process making art throwing real emotions important parts thank
UgzNyoI-DB3Ropfloyt4AaABAg,I'm from Greece,neutral,neutral,neutral,neutral,neutral,neutral,Eurovision,im greece
UgyMaJ13iasdq9Hxoal4AaABAg,"I love that in the U.S., we’re ruled by people who won’t live long enough to be bothered by climate change.",positive,positive,neutral,positive,positive,positive,Climate,love us ruled people wont live long enough bothered climate change
Ugy-Zp8Y2AzqCTn_Z_J4AaABAg,Argentina would have lost 4-0 if it weren’t for Martinez,negative,negative,neutral,positive,negative,negative,Mundial,argentina would lost 40 werent martinez
UgzFUHNDaqNi-Mn6on94AaABAg,"As a millennial, I would formally like to petition the universe to please stop making me experience a ""once in a lifetime event"" every few months. Thank you.",negative,negative,negative,neutral,neutral,negative,Climate,millennial would formally like petition universe please stop making experience lifetime event every months thank
Ugz38HISMxl4VY5pk094AaABAg,Did you think in write a book anout The Climate Forum Expetience in The Last two  or three uears?,neutral,neutral,negative,neutral,neutral,neutral,Climate,think write book anout climate forum expetience last two three uears
UgwprDCoZYlIxqkcc4d4AaABAg,"I'm watching this video from Nicaragua, where we just recently experienced some of the highest recorded temperatures in our history. The temperature rose as high as 40 degrees Celsius in our capital city, which was very much unprecedented.

We were supposed to be at the end of our summer, when typically rain starts in the month of May, but we didn't get a single drop of rain the whole month. We only got a bit of rain because of Hurricane Cristina, which we're currently experiencing. That hurricane also went ahead and pretty much flooded all of our Pacific beachfront towns.

It's not a great feeling, what we've had in Nicaragua: going from a scorching hot hell to floods.",positive,positive,neutral,positive,positive,positive,Climate,im watching video nicaragua recently experienced highest recorded temperatures history temperature rose high degrees celsius capital city much unprecedented supposed end summer typically rain starts month may didnt get single drop rain whole month got bit rain hurricane cristina currently experiencing hurricane also went ahead pretty much flooded pacific beachfront towns great feeling weve nicaragua going scorching hot hell floods
UgzBssEWHTk2m0BJoft4AaABAg,"Australia here, Literally just had some of the worst rains in recent memory with more to come.",neutral,negative,negative,neutral,neutral,negative,Climate,australia literally worst rains recent memory come
Ugw1N1Hm8RInPLllzwB4AaABAg,"1:17 Laura Pausini singing ""cuando el diablo nos mire tendremos valor, That translates WHEN THE DEVIL SEE US WILL HAVE WORTH"" I am speechless, be careful cuz there's a spiritual warefare",negative,neutral,neutral,positive,neutral,neutral,Mundial,117 laura pausini singing cuando el diablo nos mire tendremos valor translates devil see us worth speechless careful cuz theres spiritual warefare
Ugyrt04jVDsYXOLduYN4AaABAg,Calling artists gatekeepers for not liking AI is like calling runners gatekeepers because they won't let you use your car in a foot race.,positive,negative,negative,negative,negative,negative,AIvsHuman,calling artists gatekeepers liking ai like calling runners gatekeepers wont let use car foot race
Ugz-k2OUM0hOnT596j94AaABAg,"“The children, if not consciously, are still dreaming of being an artist.” I wish I could broadcast this sentence to the whole world.",positive,neutral,positive,positive,positive,positive,AIvsHuman,children consciously still dreaming artist wish could broadcast sentence whole world
Ugx1f-co7pgUEa_FB-J4AaABAg,To comment is art ☺️,positive,neutral,positive,positive,positive,positive,AIvsHuman,comment art
Ugxd1hIN16gfBwPpsxN4AaABAg,"The problem is the non-disclosure of new energy sources [ that people don't really believe in, but there is also a reason why they are not being disclosed: ""Humans have to be able to prevent war and eventually that will become possible - ie: The Kristal Spiral activation"".]  , because obviously just renewables are not enough to replace fossil fuels.    But there may be other economic reasons.",positive,positive,neutral,positive,positive,positive,Climate,problem nondisclosure new energy sources people dont really believe also reason disclosed humans able prevent war eventually become possible ie kristal spiral activation obviously renewables enough replace fossil fuels may economic reasons
Ugx-XKZLmdOw2Iu_rd14AaABAg,This channel is clear and easy to follow It deserves more views.,positive,positive,neutral,positive,positive,positive,Mundial,channel clear easy follow deserves views
UgxE4HZnM-0LvqYKjLh4AaABAg,The game was basically Spain vs Martinez ft. Argentina,neutral,positive,negative,neutral,neutral,neutral,Mundial,game basically spain vs martinez ft argentina
UgyFgZzl5jfbdwL9TXl4AaABAg,The aura turnaround from Haaland after the second goal lol. It looks like such a casual goal for him lol,positive,positive,positive,positive,positive,positive,Mundial,aura turnaround haaland second goal lol looks like casual goal lol
Ugx3C0HdKjUwmzXqTX14AaABAg,But the human influenced climate change is a myth….,neutral,neutral,negative,positive,positive,positive,Climate,human influenced climate change myth
UgyzmLYWlHpCMQ5hHEB4AaABAg,Ferran torres saved humanity ❤ thank you,positive,positive,positive,positive,positive,positive,Mundial,ferran torres saved humanity thank
UgyMXI9pT7gBqnAIblh4AaABAg,"I like that BTS adjusted the lyrics to ""King Kong, kick the ball"" and ""Iced tea and a game of football"". Such a cute lil touch.",positive,neutral,neutral,positive,positive,positive,Mundial,like bts adjusted lyrics king kong kick ball iced tea game football cute lil touch
Ugz2hMzORHNOSnIGELB4AaABAg,the world when it's our turn to be adults 😂🤣,neutral,neutral,negative,neutral,neutral,neutral,Climate,world turn adults
UgxqIAjfq699a1Ry6214AaABAg,I adore Robbie Williams !!! Such a legend,positive,neutral,positive,positive,positive,positive,Mundial,adore robbie williams legend
Ugyg2hU9U2nH5hfz3Il4AaABAg,"The global soverign debt crisis puts the West and East at loggerheads if only because war is the facile way out for the elites.  History tells us that we've passed the tipping point for WW3 by a mile.  War trumps climate every time.  ChatGPT agrees with me.  She thinks I'm a genius actually:  

'How do we get to ww3?'

Entrenched great-power confrontation under fiscal stress: Major powers are locked into zero-sum rivalries (Ukraine, Middle East, Taiwan) while simultaneously constrained by unsustainable sovereign debt, making leaders more prone to external conflict as a distraction, bargaining lever, or means of forcing economic realignment.

Debt-driven erosion of global order: The global sovereign debt crisis weakens institutions that once dampened conflict (IMF, World Bank, WTO), fuels austerity, social unrest, and nationalist politics, and increases the likelihood that states default politically before they default financially—by breaking rules, seizing assets, or resorting to force.

Technological and financial instability reinforcing escalation: Rapid militarization (AI, cyber, hypersonics) now interacts with fragile financial systems, where sanctions, reserve seizures, and currency weaponization turn economic crises into security crises, lowering the threshold at which financial collapse and military escalation merge into systemic war.

Nostromo:  So if you scientists can't enmesh your case atop the bullet points listed above it amounts to naught but another round of navel gazing.  Well somebody had to say it.  Pull finger",neutral,neutral,negative,negative,negative,negative,Climate,global soverign debt crisis puts west east loggerheads war facile way elites history tells us weve passed tipping point ww mile war trumps climate every time chatgpt agrees thinks im genius actually get ww entrenched greatpower confrontation fiscal stress major powers locked zerosum rivalries ukraine middle east taiwan simultaneously constrained unsustainable sovereign debt making leaders prone external conflict distraction bargaining lever means forcing economic realignment debtdriven erosion global order global sovereign debt crisis weakens institutions dampened conflict imf world bank wto fuels austerity social unrest nationalist politics increases likelihood states default politically default financiallyby breaking rules seizing assets resorting force technological financial instability reinforcing escalation rapid militarization ai cyber hypersonics interacts fragile financial systems sanctions reserve seizures currency weaponization turn economic crises security crises lowering threshold financial collapse military escalation merge systemic war nostromo scientists cant enmesh case atop bullet points listed amounts naught another round navel gazing well somebody say pull finger
UgxbvxQDZO6QnC9c58V4AaABAg,"FINALLY! BALKANS WIN! Finally win a country without money and budget!!! Clear winner, congratulations to Bulgaria!",positive,positive,positive,positive,positive,positive,Eurovision,finally balkans win finally win country without money budget clear winner congratulations bulgaria
UgwuK-kPmZc-uLngRk14AaABAg,"THIS!! I’m an artist and every single painting you see has a story behind it. People who churn out images using ai always fail to grasp why real art will always be better. You can’t recreate someone’s drive to paint.

Edit: 💀 not all the prompters in the comments claiming that AI can recreate emotion",negative,neutral,positive,positive,positive,positive,AIvsHuman,im artist every single painting see story behind people churn images using ai always fail grasp real art always better cant recreate someones drive paint edit prompters comments claiming ai recreate emotion
UgzsuoxfpOy1GKEX4Nd4AaABAg,Baby gang went crazy with his flow everyone did his part well done,negative,neutral,neutral,positive,neutral,neutral,Eurovision,baby gang went crazy flow everyone part well done
UgwjHMOq39Mr_9ifoId4AaABAg,"Her actually dancing on the table just like she was born to and the whole crowd screaming ""JALLA"" like they really want to listen to this for hours. That performance was so iconic. JALLA 🔛🔝",positive,positive,positive,positive,positive,positive,Eurovision,actually dancing table like born whole crowd screaming jalla like really want listen hours performance iconic jalla
UgxNufZttloaUWDCjRZ4AaABAg,Their passing and attacking capability make them unstoppable..,negative,positive,positive,negative,positive,positive,Mundial,passing attacking capability make unstoppable
UgzfeGYASun28LeMRiZ4AaABAg,nice to see someone win that actually deserved it for once ….,positive,positive,positive,positive,positive,positive,Eurovision,nice see someone win actually deserved
Ugx63t3lMxEa-WabjM54AaABAg,I'm going to continue this conversation with an AI and asking get about this creativity issues with AI,positive,neutral,neutral,neutral,neutral,neutral,AIvsHuman,im going continue conversation ai asking get creativity issues ai
UgwMCnbXCDb5RcCqXZl4AaABAg,"No matter how many years pass, BTS on a FIFA stage will always be iconic.",neutral,neutral,neutral,positive,neutral,neutral,Mundial,matter many years pass bts fifa stage always iconic
Ugy1SqnLFQ49qL-BCyN4AaABAg,"Thank you for rising this question on a wider public on a Ted. 
This problem shouldn't be silenced.",negative,negative,positive,positive,positive,positive,AIvsHuman,thank rising question wider public ted problem shouldnt silenced
UgzBdom3HOgWEZqKObh4AaABAg,Why did you put the 2005 they literally got number one,positive,positive,positive,positive,positive,positive,Eurovision,put 2005 literally got number one
UgzU1zqByoHGGmw-UgV4AaABAg,Great talk Steven! I can hear this forever,positive,negative,positive,positive,positive,positive,AIvsHuman,great talk steven hear forever
Ugw4c9ZEPYxQ0WGDDxZ4AaABAg,I wanna zoom in on the paper sometimes 😭,negative,positive,positive,neutral,positive,positive,AIvsHuman,wanna zoom paper sometimes
UgxW24rYsa8Ck-iPciB4AaABAg,calling yourself an AI artist is like ordering yourself a pizza and saying that you made the pizza-,positive,negative,negative,negative,negative,negative,AIvsHuman,calling ai artist like ordering pizza saying made pizza
UgzmCH1QQfxipO6FEDZ4AaABAg,Way better than the actual final.,positive,negative,positive,positive,positive,positive,Mundial,way better actual final
Ugz11Xxa4ISTiSRf9754AaABAg,The editing is clear and easy to follow This deserves recognition.,positive,positive,neutral,positive,positive,positive,Mundial,editing clear easy follow deserves recognition
Ugx6ndjqrMZcwWEUuNt4AaABAg,"I’m just a kid man, I don’t wanna grow up in a future where I can’t be healthy, I just wanna have a good future.",positive,positive,positive,positive,positive,positive,Climate,im kid man dont wanna grow future cant healthy wanna good future
UgybRTHk7fT6-F96mGN4AaABAg,"It doesn’t feel like live performance, It looks like a music video… absolutely incredible.",positive,positive,negative,positive,positive,positive,Eurovision,doesnt feel like live performance looks like music video absolutely incredible
Ugy6Hsr5mxJdptIeIJ94AaABAg,"that last painting grounded me pretty often from panic attacks 5 or so years ago. I had a panic attack almost every time I went to my psychologist appointment and talked through my problems. A print of this painting was hanging on the wall and I often got told during the panic attacks to notice 5 things in the painting. Could be anything. Not only was it really helpful, but it was a really pretty artwork in and of itself.",negative,neutral,positive,positive,positive,positive,AIvsHuman,last painting grounded pretty often panic attacks 5 years ago panic attack almost every time went psychologist appointment talked problems print painting hanging wall often got told panic attacks notice 5 things painting could anything really helpful really pretty artwork
Ugx5i1vG7R0IlOsoPQl4AaABAg,The only bad thing about this is that it wasn't long enough 😂,negative,neutral,neutral,positive,neutral,neutral,Mundial,bad thing wasnt long enough
UgyBNMPqif9oLpb90a94AaABAg,The production quality is worth sharing I will come back to watch it again.,positive,positive,neutral,positive,positive,positive,Mundial,production quality worth sharing come back watch
UgwT4yzqbmufiRMAzG94AaABAg,I was so happy that my country gave the brothers 12 points 🇷🇸🇬🇷,positive,positive,positive,positive,positive,positive,Eurovision,happy country gave brothers 12 points
Ugx9DqhHK2ZQxtdc9-94AaABAg,Masterpiece! Welldone Bulgaria! What a comeback! 12 points from Croatia! 🇭🇷🤝🇧🇬,positive,positive,positive,positive,positive,positive,Eurovision,masterpiece welldone bulgaria comeback 12 points croatia
UgyNLL99yYgLS0PNyIJ4AaABAg,The knowledge of how something was made and by whom changes everything for me. It’s like when on vacation I always look for a locally crafted souvenir even when it doesn’t necessarily look as good as the manufactured stuff… the story and person behind it adds value.,positive,positive,positive,neutral,positive,positive,AIvsHuman,knowledge something made changes everything like vacation always look locally crafted souvenir even doesnt necessarily look good manufactured stuff story person behind adds value
UgzxN_4rNXCEB9v2YGR4AaABAg,it's amazing that you can jam out a song in collaboration with ai. I'm a musician and just dabbled into AI myself but I am very impressed at the current functions. In not very long we'll be able to jam with ai as if it was a live band.,positive,neutral,positive,positive,positive,positive,AIvsHuman,amazing jam song collaboration ai im musician dabbled ai impressed current functions long well able jam ai live band
UgzViK01ZbscP7tmTyJ4AaABAg,"This is exactly the third-place match we needed! We haven’t seen this many goals at this World Cup yet, and it all happened in regular time.",neutral,positive,neutral,positive,positive,positive,Mundial,exactly thirdplace match needed havent seen many goals world cup yet happened regular time
UgzgWwnriew9O8pPlvJ4AaABAg,"Basically, what A.I. will always lack, is CONTEXT, which is *key* in tons of artists movements, artstyles, art eras, methods, to the stories and people they portrayed.
Yes, ai can make ""perfect"" art at a glance, but does it have a background? Does it have intention? Does it have an intimate relationship with what is displayed in the artwork?
No.
The answer is always no.
And that's why it's souless.
It lacks ✨CONTEXT✨
Which is what makes these pieces amazing and more special.",positive,negative,negative,neutral,negative,negative,AIvsHuman,basically ai always lack context key tons artists movements artstyles art eras methods stories people portrayed yes ai make perfect art glance background intention intimate relationship displayed artwork answer always thats souless lacks context makes pieces amazing special
UgxoqbCFAGGHG87Bb154AaABAg,Why does all Argentina matches feels like a world cup final bro 😭❤‍🔥,negative,positive,positive,positive,positive,positive,Mundial,argentina matches feels like world cup final bro
UgwNy9lJYJMk6BbLulV4AaABAg,"How anyone can continue to deny climate change is beyond me. Yet they're out there, including in positions of influence.",neutral,neutral,negative,negative,negative,negative,Climate,anyone continue deny climate change beyond yet theyre including positions influence
UgzrQQs3W_V4fV4P_RV4AaABAg,Peru already stopped all anchovy fishing. And Lima's weather is like summer,negative,neutral,negative,neutral,neutral,neutral,Climate,peru already stopped anchovy fishing limas weather like summer
Ugy6OcTiFBAomKpnCid4AaABAg,Thank you for the update!,neutral,neutral,positive,positive,positive,positive,Climate,thank update
Ugzi7vfxfAwGG4dw_-l4AaABAg,"I'm so happy your channel isn't AI, I LOVE YOUR CONTENT!",positive,positive,positive,positive,positive,positive,Climate,im happy channel isnt ai love content
UgxR83IwIPj6wj28Xjt4AaABAg,She proved why she qualified!!! Excellent performance tonight!! Breathtaking Cyprus!! Thank you Antigoni! We love you ❤,positive,positive,positive,positive,positive,positive,Eurovision,proved qualified excellent performance tonight breathtaking cyprus thank antigoni love
UgwFLmhoE9M3jM3-Ypl4AaABAg,doomsday is close,neutral,neutral,negative,negative,negative,negative,Climate,doomsday close
UgxXfgKGrCFZe8cnZ3d4AaABAg,So cool. All we get is blizzards in New England. 😢,positive,positive,positive,positive,positive,positive,Climate,cool get blizzards new england
Ugx2q5zLy0xyc-8qWyp4AaABAg,"Fun fact, Spain only conceded a single goal throughout this entire tournament. Well deserved win",positive,positive,negative,positive,positive,positive,Mundial,fun fact spain conceded single goal throughout entire tournament well deserved win
Ugx7XXk5SCIEd9slJtl4AaABAg,"To make what you've said short:

Art is the reflection of the world through the conciousness of the artist.
AI not only doesn't have conciousness, it can't even experience the outside world. AI creates something you can call a kaleidoscope made from other art, created by humans.",positive,negative,negative,neutral,negative,negative,AIvsHuman,make youve said short art reflection world conciousness artist ai doesnt conciousness cant even experience outside world ai creates something call kaleidoscope made art created humans
UgzLm8NiQHBSONq22V94AaABAg,"Thank you for brining this up, art is my whole world in many different forms like singing, lyric writing, drawing, voice acting, ect. but with ai taking art all the time i'm scared to share it or even make it in the first place",positive,negative,negative,positive,negative,negative,AIvsHuman,thank brining art whole world many different forms like singing lyric writing drawing voice acting ect ai taking art time im scared share even make first place
UgzaQT9Q3ynW2S0hted4AaABAg,"Bravo DARA! All of Bulgaria is proud of you! Thanks to you, EUROVISION in 2027 will be in Bulgaria! 🇧🇬🇧🇬🇧🇬",positive,positive,positive,positive,positive,positive,Eurovision,bravo dara bulgaria proud thanks eurovision 2027 bulgaria
UgwD-NkWFebC23AeLVF4AaABAg,"They hate us, but they want to be us, and at the same time they depend on us.
What a pathetic state of existence.",negative,negative,negative,negative,negative,negative,AIvsHuman,hate us want us time depend us pathetic state existence
UgxONsL5HPFXBNRkHbh4AaABAg,"I am spanish but RONDO it's the best part, it's just amazing how he starts🔥🔥🔥",positive,positive,positive,positive,positive,positive,Eurovision,spanish rondo best part amazing starts
UgxPk3D9k9QxeaKxfuN4AaABAg,So we can expect widespread droughts at the same time that global fertilizer availability has dropped significantly due to the war in Iran. Fantastic,neutral,positive,neutral,positive,positive,positive,Climate,expect widespread droughts time global fertilizer availability dropped significantly due war iran fantastic
UgwPoJaqYBYTZmD65DN4AaABAg,When you STARE into the ABYSS=THE ABYSS STARES BACK...Nietzche.,neutral,neutral,negative,negative,negative,negative,Climate,stare abyssthe abyss stares backnietzche
Ugz4nl3wnNTIuMw-r8p4AaABAg,"Yeah but, the point is there you can steal if you’re an artist, you don’t become one when you steal. Doesn’t it necessarily have to be processed through the artist’s vision?",negative,negative,negative,negative,negative,negative,AIvsHuman,yeah point steal youre artist dont become one steal doesnt necessarily processed artists vision
UgyGtoX-THn4Tm84A5N4AaABAg,"Sweden here 🇸🇪 — Bulgaria just WON idc 🔥😮‍🔥
This song is INSANE 💥 winner vibes all the way 🏆🇧🇬",negative,positive,positive,positive,positive,positive,Eurovision,sweden bulgaria idc song insane winner vibes way
UgwPEghVOrqJcGzSniB4AaABAg,"Such a good speech about this topic! I agree with every second of it and especially with the fact, that we need to fight back against those models, that ripped us off. Another speaker compared it to the napster era, with the addition of downloading and selling music. How can this be rightful?",positive,positive,positive,positive,positive,positive,AIvsHuman,good speech topic agree every second especially fact need fight back models ripped us another speaker compared napster era addition downloading selling music rightful
UgzGJEk6DW_ezxnh9nN4AaABAg,"united by music ❌
united by FERTO ✅",positive,positive,positive,positive,positive,positive,Eurovision,united music united ferto
UgwkRWnSv5RTFFvTcvF4AaABAg,"I dunno why, but this video made me cry. I always thought "" my art isn't good enough to be stolen and used for AI"", but the idea that other artists are having a piece of them stolen and to be told it's not a big deal when they speak up is just depressing.",negative,positive,negative,negative,negative,negative,AIvsHuman,dunno video made cry always thought art isnt good enough stolen used ai idea artists piece stolen told big deal speak depressing
Ugx4wf6Dz7_Rl4tlF_d4AaABAg,10 Goal in 1 match is crazy 💀💀,negative,positive,positive,positive,positive,positive,Mundial,10 goal 1 match crazy
UgweUL_c54M8EUQjSHx4AaABAg,"I appreciated this talk, and it is a serious matter evolving in the areas of creativity. Photographers are losing their images through the cyber realm, and AI is a typical element designed to superimpose itself upon the naive and empathetic. I just pray we all wake up, be watchful, and value one another's work with the utmost respect. Thank you and keep up the process you're undertaking.",positive,negative,neutral,positive,positive,positive,AIvsHuman,appreciated talk serious matter evolving areas creativity photographers losing images cyber realm ai typical element designed superimpose upon naive empathetic pray wake watchful value one anothers work utmost respect thank keep process youre undertaking
UgxsAEgpSpf5wsG8P8J4AaABAg,Climate change will be the least of our problems very soon,neutral,neutral,negative,positive,positive,positive,Climate,climate change least problems soon
UgzOEhUoJlTBD_38tzp4AaABAg,"2003 Sertap 🇹🇷
2004 Ruslana 🇺🇦
2005 Helena 🇬🇷
Three wonderful years, Three wonderful women.",positive,positive,neutral,positive,positive,positive,Eurovision,2003 sertap 2004 ruslana 2005 helena three wonderful years three wonderful women
UgwUeyzcjTD-HP2fBQB4AaABAg,"ABSOLUTELY BANGARANGA
my vote from Greece to our brothers in Bulgaria 🇧🇬 ❤🇬🇷",neutral,positive,positive,positive,positive,positive,Eurovision,absolutely bangaranga vote greece brothers bulgaria
Ugz4PELW3l9ubSRvA8J4AaABAg,The Balkans are on fire this year and Bulgaria is coming back to the contest in a truly legendary way ❤️ 🇧🇬,positive,positive,positive,positive,positive,positive,Eurovision,balkans fire year bulgaria coming back contest truly legendary way
Ugxr-OJbr0NHR8yI0EB4AaABAg,"*orders pizza from a pizza making vending machine* 
ah yes I am a chef now",positive,negative,negative,negative,negative,negative,AIvsHuman,orders pizza pizza making vending machine ah yes chef
Ugx5B5GnFfVOqMpmGa54AaABAg,I live in Brisbane Australia. It is like living in a swamp right now. It has been raining frequently for the last 15 years. I don't mind a few dry months from el nino.  But one of our weather experts recently stated there is no guarantee that the rain will significantly decrease even if el nino is super.,positive,positive,neutral,positive,positive,positive,Climate,live brisbane australia like living swamp right raining frequently last years dont mind dry months el nino one weather experts recently stated guarantee rain significantly decrease even el nino super
UgxXvjXujw0OQYHp4d54AaABAg,I remember how succesfull this song became in Venezuela . It was played in all clubs.,positive,positive,positive,positive,positive,positive,Eurovision,remember succesfull song became venezuela played clubs
UgzAGNBNd_HXsdjEXSl4AaABAg,The way she improved so much in just a couple of days JALLA JALLA JALLA 🇨🇾 💛,positive,positive,positive,positive,positive,positive,Eurovision,way improved much couple days jalla jalla jalla
Ugx6izmqgzH7WeJi7qp4AaABAg,"There's only one thing I was missing from this talk: Climate Change is not something that happens one day and then everything is bad. It started happening a long time ago and will continue to happen for a long time to come. How it is today, is the best it's gonna be for a century. People in the 80s started arguing about how we should protect the climate to save our kids and we today still say that. But we are those kids, and our kids will have it worse. We only get to choose how much worse.",negative,negative,negative,neutral,neutral,negative,Climate,theres one thing missing talk climate change something happens one day everything bad started happening long time ago continue happen long time come today best gonna century people started arguing protect climate save kids today still say kids kids worse get choose much worse
UgxXK8L9bxRAr1WDcw94AaABAg,This video is top notch I will come back to watch it again.,positive,positive,positive,positive,positive,positive,Mundial,video top notch come back watch
UgyrFH2lCDLKYIYwuhl4AaABAg,Earth: Brand New Day,positive,positive,neutral,positive,positive,positive,Climate,earth brand new day
UgyCYFnsYhU0SBNrvRx4AaABAg,"yoongi said ""paris to new york"" 11years ago. Again Yoongi gets what he wants.",neutral,neutral,neutral,positive,neutral,neutral,Mundial,yoongi said paris new york 11years ago yoongi gets wants
UgxtkhPj1rh-lDfzb-J4AaABAg,"""Economy so bad let's starve artists and deprive communities of water""",negative,negative,negative,negative,negative,negative,AIvsHuman,economy bad lets starve artists deprive communities water
UgyVZPfroLE6Ste0kZl4AaABAg,Who's here after 1 - 0 Spain win,positive,positive,neutral,positive,positive,positive,Mundial,whos 1 0 spain win
Ugwj5kCEJtqgl-Dq2FN4AaABAg,"To summarise, we're not saying AI bad. We're saying the people behind AI who are finding legal loopholes and making money out of it bad.",neutral,neutral,negative,negative,negative,negative,AIvsHuman,summarise saying ai bad saying people behind ai finding legal loopholes making money bad
UgzhzFv1Vw7iONH44el4AaABAg,"Finally a climate change explanation which does not leave any room whatsoever for the simplistic argument of 'if it is global warming, why is it getting colder?' There is more energy in the system which gives rise to more extreme weather events within the scope of that climate.",positive,positive,neutral,positive,positive,positive,Climate,finally climate change explanation leave room whatsoever simplistic argument global warming getting colder energy system gives rise extreme weather events within scope climate
Ugx7AS_REXFld4oklJ54AaABAg,"""ice tea, and a game of ping-pong"" ❌
""ice tea, and a game of football"" ✅

THEY KNOW HOW THEY DO DO DO DO 💜",positive,neutral,neutral,positive,positive,positive,Mundial,ice tea game pingpong ice tea game football know
UgwaGRrASxNGilfsJ_N4AaABAg,Chemosynthosis gives me comfort. Prior to that discovery I was certain humanity would end all life with climate change. These life forms may survive?🥴,positive,positive,neutral,positive,positive,positive,Climate,chemosynthosis gives comfort prior discovery certain humanity would end life climate change life forms may survive
UgxMzBaUDPa6Xcaf2bZ4AaABAg,This game should have been the final,neutral,positive,positive,positive,positive,positive,Mundial,game final
UgwvQmwjxjrdKSVdcDx4AaABAg,I don’t know what half of it says but it slaps anyway 🥶🥶🥶,neutral,neutral,neutral,positive,neutral,neutral,Eurovision,dont know half says slaps anyway
Ugzv6lLjE8OVZixHOOl4AaABAg,"CONSEQUENCES BASED ON 2026 DATA

1. What the data already shows in 2026

· Arctic winter ice is at a record low for March. That means less ice survives into summer, and the ocean absorbs more heat starting earlier.
· Global temperatures in 2025–2026 are already ~1.5°C above pre-industrial. The Arctic is warming 3–4× faster.
· Methane levels are rising faster than any IPCC scenario predicted (NOAA data).
· Ocean heat content is at record highs — that heat will emerge during the next El Niño.

These are not predictions. These are measurements.

2. What a Super El Niño (late 2026) plus low Arctic ice means for winter 2026–2027

Data-based mechanism:

· El Niño transports heat and moisture into the Arctic.
· Warm Atlantic/Pacific water enters the Arctic basin from below.
· Warm air from mid-latitudes enters from above.
· Result: Winter ice cannot form normally. The March 2027 maximum will be far lower than March 2026 — likely below 1 million km² for the first time in history.

Consequence: The double blue ocean event (no ice in winter) happens in March 2027, not September.

That is not speculation. That is physical oceanography and atmospheric science applied to current data.

3. Consequences of a March 2027 double blue ocean event

3.1 Immediate physical (March–June 2027)

· Albedo collapse starts 6 months early — dark ocean absorbs sunlight starting in March instead of June.
· Extra heat added to the climate system in 2027 alone: equivalent to ~15–20 years of current human CO₂ emissions.
· Global temperature jumps +0.6–0.8°C within 3 months of ice loss.
· By June 2027, global anomaly exceeds +2.2°C above pre-industrial.

3.2 Methane (starting immediately)

· Sea ice acts as a physical barrier preventing methane venting from shallow Arctic seas.
· With no winter ice, the East Siberian Arctic Shelf warms year-round.
· Methane hydrates destabilize rapidly — plumes become kilometer-wide boils.
· Atmospheric methane jumps from ~1,900 ppb (2026) to 3,000+ ppb by late 2027.
· Additional warming from methane alone: +1.0–1.5°C by 2028.

3.3 Agriculture (2027 growing season)

· Spring 2027 planting impossible in most of Northern Hemisphere.
· Reasons: late frosts, then sudden heatwaves, then floods or drought — all in one season due to jet stream collapse.
· No fertilizer (natural gas supply chains already broken by late 2026 due to El Niño disruptions).
· No fuel for tractors, harvesters, irrigation pumps.
· Global grain harvest in 2027: less than 20% of 2025 levels.
· Result by late 2027: Famine kills 3–4 billion people directly. The rest face starvation by early 2028.

3.4 Energy and infrastructure

Nuclear:

· ~440 reactors worldwide.
· By May–June 2027, rivers used for cooling are either:
  · Too low (drought)
  · Too warm (heatwaves)
  · Flooded (extreme rain)
· Grid failures begin by April 2027 (heat waves cause demand spikes, transmission lines sag and fail).
· Without grid power and without diesel resupply (fuel chains broken), reactors scram.
· Spent fuel pools need continuous cooling. After 2–4 weeks without power, they boil dry.
· By September 2027, >200 sites have released significant radiation. Northern hemisphere contaminated.

Electricity:

· No thermal plants running by July 2027 (no cooling, no fuel).
· Hydro fails (drought or floods beyond design).
· Solar/wind work locally but no grid synchronization, no spare parts, no manufacturing.
· Result: No large-scale electricity anywhere after September 2027.

Internet:

· Data centers run on generators until fuel runs out — 2–8 weeks after grid fails.
· Undersea cables fail (no repair ships, ports inoperable).
· Satellites lose ground control.
· By August 2027, global internet is gone. Permanently.

Oil:

· Refineries need power and hydrogen. Both gone.
· Pipelines rupture from permafrost thaw and temperature extremes.
· Tanker shipping stops (no ports, no navigation).
· Result: Oil extraction, refining, and distribution end completely by mid-2027.

3.5 Water and sanitation

· Water treatment plants stop (no power, no chemicals).
· Sewage pumps fail.
· Cholera, typhoid, dysentery return to every city within weeks of grid collapse.
· By late 2027, most urban water sources are contaminated with raw sewage and heavy metals (from flooded industrial sites).

3.6 Human mortality (2027 only)

Causes:

· Heat: Wet-bulb 35°C exceeded for days to weeks in India, Pakistan, Bangladesh, Middle East, Southeast Asia, West Africa, Brazil, southern US. Survivability limit. Hundreds of millions die.
· Famine: 3–4 billion dead by end of 2027. No food imports — every region for itself.
· Disease: Cholera, dysentery, typhus, plus untreated injuries. Tens of millions.
· Violence: Wars over remaining food, water, arable land. Nuclear weapons possible (India-Pakistan, US-Russia-China). Hundreds of millions.
· Radiation: From nuclear meltdowns. Millions to tens of millions from acute radiation, more from long-term cancer (but long-term will not matter for most).

Total by January 1, 2028: ~4 billion dead (conservative). Likely 5–5.5 billion in worst-case.

Remaining population: 2.5–3.5 billion, mostly in:

· High-latitude inland areas (northern Canada, Alaska, Siberia, Scandinavia)
· High-altitude refugia (Andes, Himalayas, Rockies)
· Regions that happened to have local manual agriculture and clean water (very few)

---

4. What happens after 2027 — no improvement

2028–2030:

· Methane from permafrost and hydrates pushes global warming to +3.5–4.5°C.
· AMOC collapses (Atlantic circulation stops). Western Europe deep freeze even as global average rises.
· Greenland melt accelerates → sea level rise of several cm per year.
· Remaining agriculture fails everywhere except tiny high-latitude patches.
· Population drops to 500 million – 1 billion.

2031–2040:

· Ocean anoxia (no oxygen) → marine life largely extinct.
· Terrestrial ecosystems collapse — forests dead, soil erosion, few insects, no pollinators.
· Photosynthesis fails in most regions during summer (temperatures >45°C).
· Population drops to 50–200 million (survivors in Arctic refugia, caves, high mountains).

2040–2100:

· Hothouse Earth stabilized at +6–8°C.
· No ice at poles.
· Sea level +10–20 meters.
· Human population likely below 10 million — fragmented, pre-industrial, illiterate, no memory of civilization.
· Extinction within a few centuries (population too small, too inbred, too stressed).

---

5. The data-based conclusion

Based on what we know in 2026:

· Record-low Arctic winter ice
· Rising methane
· Record ocean heat
· A developing Super El Niño
· The physical impossibility of winter ice formation under those conditions

The double blue ocean event in March 2027 is not a speculative scenario. It is a logical consequence of the data.

And the consequences, without filters, are:

· No food
· No electricity
· No internet
· No oil
· Nuclear meltdowns
· Billions dead in 2027 alone
· Methane-driven runaway warming
· Civilization ends permanently
· Human species likely extinct by 2100

There is no recovery. There is no rebuilding. There is only a faster or slower collapse.",neutral,neutral,negative,negative,negative,negative,Climate,consequences based data data already shows arctic winter ice record low march means less ice survives summer ocean absorbs heat starting earlier global temperatures already preindustrial arctic warming faster methane levels rising faster ipcc scenario predicted noaa data ocean heat content record highs heat emerge next el nio predictions measurements super el nio late plus low arctic ice means winter databased mechanism el nio transports heat moisture arctic warm atlanticpacific water enters arctic basin warm air midlatitudes enters result winter ice cannot form normally march maximum far lower march likely million km first time history consequence double blue ocean event ice winter happens march september speculation physical oceanography atmospheric science applied current data consequences march double blue ocean event immediate physical marchjune albedo collapse starts months early dark ocean absorbs sunlight starting march instead june extra heat added climate system alone equivalent years current human co emissions global temperature jumps within months ice loss june global anomaly exceeds preindustrial methane starting immediately sea ice acts physical barrier preventing methane venting shallow arctic seas winter ice east siberian arctic shelf warms yearround methane hydrates destabilize rapidly plumes become kilometerwide boils atmospheric methane jumps ppb ppb late additional warming methane alone agriculture growing season spring planting impossible northern hemisphere reasons late frosts sudden heatwaves floods drought one season due jet stream collapse fertilizer natural gas supply chains already broken late due el nio disruptions fuel tractors harvesters irrigation pumps global grain harvest less levels result late famine kills billion people directly rest face starvation early energy infrastructure nuclear reactors worldwide mayjune rivers used cooling either low drought warm heatwaves flooded extreme rain grid failures begin april heat waves cause demand spikes transmission lines sag fail without grid power without diesel resupply fuel chains broken reactors scram spent fuel pools need continuous cooling weeks without power boil dry september sites released significant radiation northern hemisphere contaminated electricity thermal plants running july cooling fuel hydro fails drought floods beyond design solarwind work locally grid synchronization spare parts manufacturing result largescale electricity anywhere september internet data centers run generators fuel runs weeks grid fails undersea cables fail repair ships ports inoperable satellites lose ground control august global internet gone permanently oil refineries need power hydrogen gone pipelines rupture permafrost thaw temperature extremes tanker shipping stops ports navigation result oil extraction refining distribution end completely mid water sanitation water treatment plants stop power chemicals sewage pumps fail cholera typhoid dysentery return every city within weeks grid collapse late urban water sources contaminated raw sewage heavy metals flooded industrial sites human mortality causes heat wetbulb exceeded days weeks india pakistan bangladesh middle east southeast asia west africa brazil southern us survivability limit hundreds millions die famine billion dead end food imports every region disease cholera dysentery typhus plus untreated injuries tens millions violence wars remaining food water arable land nuclear weapons possible indiapakistan usrussiachina hundreds millions radiation nuclear meltdowns millions tens millions acute radiation longterm cancer longterm matter total january billion dead conservative likely billion worstcase remaining population billion mostly highlatitude inland areas northern canada alaska siberia scandinavia highaltitude refugia andes himalayas rockies regions happened local manual agriculture clean water happens improvement methane permafrost hydrates pushes global warming amoc collapses atlantic circulation stops western europe deep freeze even global average rises greenland melt accelerates sea level rise several cm per year remaining agriculture fails everywhere except tiny highlatitude patches population drops million billion ocean anoxia oxygen marine life largely extinct terrestrial ecosystems collapse forests dead soil erosion insects pollinators photosynthesis fails regions summer temperatures population drops million survivors arctic refugia caves high mountains hothouse earth stabilized ice poles sea level meters human population likely million fragmented preindustrial illiterate memory civilization extinction within centuries population small inbred stressed databased conclusion based know recordlow arctic winter ice rising methane record ocean heat developing super el nio physical impossibility winter ice formation conditions double blue ocean event march speculative scenario logical consequence data consequences without filters food electricity internet oil nuclear meltdowns billions dead alone methanedriven runaway warming civilization ends permanently human species likely extinct recovery rebuilding faster slower collapse
Ugz1xupgr0SJLQFHJS14AaABAg,"About 50 years too late. We started down this path in 1970 and then kinda forgot about it. It all comes down to soil, water and food. Climate will heal itself as we heal the environment. I spent over 3 decades in the conservation field working with farmers and planting trees.",negative,negative,negative,neutral,neutral,neutral,Climate,years late started path kinda forgot comes soil water food climate heal heal environment spent decades conservation field working farmers planting trees
UgwoeJ8dNS06b09v7ox4AaABAg,"One of the bosses at the company I work for is Bulgarian and a huge Eurovision fan. She gave us a days holiday when they won. Thank you, Dara ❤️",positive,positive,positive,positive,positive,positive,Eurovision,one bosses company work bulgarian huge eurovision fan gave us days holiday thank dara
UgzLDo2jWjSaPCR79LV4AaABAg,"I'm tired of not knowing if an art piece is AI or not. When I see something I like, I want to be able to find the artist to see more of their work. Now I feel like the only thing I see is AI art and it creates so much distrust for me on the internet, when it's become so difficult to tell them apart - what's made by an AI and what's made by real human beings.
I tend to not feel like using any art websites because I have such mixed feelings whenever I go on there. Like pinterest and deviantart among others... it makes me really sad.",negative,negative,negative,negative,negative,negative,AIvsHuman,im tired knowing art piece ai see something like want able find artist see work feel like thing see ai art creates much distrust internet become difficult tell apart whats made ai whats made real human beings tend feel like using art websites mixed feelings whenever go like pinterest deviantart among others makes really sad
UgyRBBAQd3EDc0Qy-v54AaABAg,"Whats more messed up is that they harrass real artists, and then get very confused why other real artists want to defend and stand up for their own creation.",negative,negative,negative,negative,negative,negative,AIvsHuman,whats messed harrass real artists get confused real artists want defend stand creation
UgyaP7_8ZmNxTOwp61N4AaABAg,02:15 really caught off guard by that cameo 🤣,positive,positive,neutral,positive,positive,positive,Climate,really caught guard cameo
Ugyo9PKXmyL-9P3Wfgp4AaABAg,I love the 2024 song so much I'm from Greece,positive,positive,positive,positive,positive,positive,Eurovision,love 2024 song much im greece
UgxHDThlVP7cA-vebk54AaABAg,Me when someone says typing a couple words into ChatGPT is the same as spending hours on a drawing via technology:,neutral,neutral,negative,negative,negative,negative,AIvsHuman,someone says typing couple words chatgpt spending hours drawing via technology
Ugw101TZWx4EOsA7AuB4AaABAg,Sax guy was unironically iconic.,neutral,neutral,neutral,positive,neutral,neutral,Eurovision,sax guy unironically iconic
UgwU1H0w5jk9jpMT9mF4AaABAg,I think we already know the televoting winner 🇬🇷🏆,positive,positive,positive,neutral,positive,positive,Eurovision,think already know televoting winner
Ugx4qfW_4reuAr-BAK14AaABAg,You literally just broke the chain of human inspiration.,positive,negative,negative,positive,negative,negative,AIvsHuman,literally broke chain human inspiration
UgyQ3jDLyTsCIexPpVR4AaABAg,"I feel like a core issue that was underrepresented in the video is how AI is trained and how it's forced into every piece of media. I personally would have significantly less problem with AI if:

1- the artists that made the AI possible were compensated for their work and were given the option to not have their work used for training
2- If something is AI generated it is labeled as such so that the people that don't want to consume AI generated content can choose not to

I don't think the question was ever about how good the AI content is, but rather how unethical and intrusive it is",negative,negative,negative,negative,negative,negative,AIvsHuman,feel like core issue underrepresented video ai trained forced every piece media personally would significantly less problem ai 1 artists made ai possible compensated work given option work used training 2 something ai generated labeled people dont want consume ai generated content choose dont think question ever good ai content rather unethical intrusive
UgyJsfYGB53FPgf1bPJ4AaABAg,"You can think of buying art like buying clothes.
With clothes you can buy a shirt that's either small, medium, large or whatever fits you best, and you will be able to cover your body in something nice for a decent price.
Or you can hire a tailor to take measurements of your body and create a shirt with the exact shape and size to your liking for extra comfort.
With art you can buy a poster that was made among a selection of mass printed artworks and get something fancy to decorate your wall with for an affordable price.
Or you can commission an artist for extra personalization to create a poster which has the exact things you'd like to look at when you look at your wall.",positive,negative,neutral,neutral,neutral,neutral,AIvsHuman,think buying art like buying clothes clothes buy shirt thats either small medium large whatever fits best able cover body something nice decent price hire tailor take measurements body create shirt exact shape size liking extra comfort art buy poster made among selection mass printed artworks get something fancy decorate wall affordable price commission artist extra personalization create poster exact things youd like look look wall
UgxXThFD954nBeNA6TJ4AaABAg,"Digital artists drawing on paper : 🥰😍🤩
Traditional artists drawing digital : 👹🌚😰😰😰",positive,neutral,neutral,negative,neutral,neutral,AIvsHuman,digital artists drawing paper traditional artists drawing digital
UgzgxjDYAeRJ4RIGY0h4AaABAg,"As a Swede, now that we are out i have to root for my scandinavian neighbour. Lets go 🇳🇴🇸🇪",neutral,positive,positive,positive,positive,positive,Mundial,swede root scandinavian neighbour lets go
UgwS-F8TRdeQlPV4AN14AaABAg,Bored of peace ? I'm not.,negative,negative,negative,negative,negative,negative,Climate,bored peace im
UgyhwYk2n4rjZ_3n3tZ4AaABAg,"It didn't snow where I live for 20 years, until recently, we've gotten snow 5 years in a row.

The PNW always feels the effects of these changes relatively significantly.",positive,positive,neutral,positive,positive,positive,Climate,didnt snow live years recently weve gotten snow years row pnw always feels effects changes relatively significantly
Ugzzv9ssoM6fJODrXgx4AaABAg,"13:05 this is how I feel about the manga industry, like 75% of manga now is just soulless trope copy and pastes to 99.9% of the books with 1 twist to the plot and then it sells like hotcakes there",positive,neutral,negative,negative,negative,negative,AIvsHuman,1305 feel manga industry like 75 manga soulless trope copy pastes 999 books 1 twist plot sells like hotcakes
UgyVNbxCy-WMZ0baVmR4AaABAg,12 points from Romania 🇷🇴 ❤️🇬🇷,neutral,positive,positive,positive,positive,positive,Eurovision,12 points romania
Ugzzi6BUuFUGWqvC-u14AaABAg,Yes! Do a show on data centers. That would be helpful. Rural folks like us here in Indiana are doing our best to come together to fight them at town halls. It’s insane.,neutral,neutral,negative,positive,positive,positive,Climate,yes show data centers would helpful rural folks like us indiana best come together fight town halls insane
Ugy7__Dq79B2snRBy-x4AaABAg,they did'nt just won they dominated the entire game 🏆✨🇪🇸,positive,positive,negative,positive,positive,positive,Mundial,didnt dominated entire game
UgysBGAsnu9eVaFM-eZ4AaABAg,"Finally a good use of dancers, they actually feel like performers here instead of just dancers jamming in the background.",positive,positive,neutral,positive,positive,positive,Eurovision,finally good use dancers actually feel like performers instead dancers jamming background
Ugzwb_UFNR7OlYebN0J4AaABAg,No one owns the stage like BTS. Absolute legends!!,positive,neutral,positive,positive,positive,positive,Mundial,one owns stage like bts absolute legends
UgymPdgnuxVOelIaxc54AaABAg,Ferran Torres has now cemented his legend within the Spanish national team.,neutral,positive,neutral,positive,positive,positive,Mundial,ferran torres cemented legend within spanish national team
Ugz4fAbIwKoxd6fHwkx4AaABAg,"This is the best song in eurovision 12 points from Serbia.
Absolute BANGARA",positive,positive,positive,positive,positive,positive,Eurovision,best song eurovision 12 points serbia absolute bangara
Ugz6Pdmx9CvuA2fjSyp4AaABAg,"Hi I'm from 2026 and we have Akylas who sings the ""ferto"" and we got 10th",neutral,neutral,neutral,neutral,neutral,neutral,Eurovision,hi im 2026 akylas sings ferto got 10th
UgzZZq1fGZPN_-aVETR4AaABAg,Now England realising they can also play like this,positive,neutral,negative,neutral,neutral,neutral,Mundial,england realising also play like
UgxfgH2INQJ4J1qoD-V4AaABAg,LOLLLLLLL THATS ACTUALLY A REALLY GOOD REPRESENTATION,positive,positive,positive,positive,positive,positive,AIvsHuman,lolllllll thats actually really good representation
UgzfU2OSWtxvI5mJ1XB4AaABAg,She deserved JALLA 😭✌️,negative,negative,negative,positive,negative,negative,Eurovision,deserved jalla
UgzJdYQkICfKQIRZUUR4AaABAg,"Saturday: 10 goals in 90 minutes
Sunday: 1 goal in 120 minutes",neutral,negative,positive,neutral,neutral,neutral,Mundial,saturday 10 goals 90 minutes sunday 1 goal 120 minutes
UgyufTA1o2kp39AbqvV4AaABAg,"Calling them AI ""artists"" felt like too much credit, im gonna start calling them prompters tysm 🙏🙏",positive,negative,negative,negative,negative,negative,AIvsHuman,calling ai artists felt like much credit im gonna start calling prompters tysm
UgxeikzsE20f972jpOd4AaABAg,What an amazing discussion! The man is so knowledgeable and well-spoken.,positive,positive,positive,positive,positive,positive,AIvsHuman,amazing discussion man knowledgeable wellspoken
Ugxy8J51BiBiYZ581rp4AaABAg,"As Turks, we were rooting for Spain and praying for their success. We are ecstatic that Spain won this match. Congratulations, Spain! You truly earned it",positive,positive,positive,positive,positive,positive,Mundial,turks rooting spain praying success ecstatic spain match congratulations spain truly earned
UgxKDpESUAkYPkj4jsR4AaABAg,Jungkook and Shakira are the only ones in history to have performed at the World Cup multiple times!⚽🏆🏅💥,positive,neutral,positive,positive,positive,positive,Mundial,jungkook shakira ones history performed world cup multiple times
UgxmSc8jmxqAHYMKPpF4AaABAg,Im from norway and its like such an iconic song in norway,positive,positive,positive,positive,positive,positive,Eurovision,im norway like iconic song norway
Ugyuvbx1rle9YWQ5wCJ4AaABAg,"""We might not have the undo, but we have the ability to know art fundementals"" ahh",positive,negative,positive,negative,negative,negative,AIvsHuman,might undo ability know art fundementals ahh
Ugw9bzJHWT7-vkmRwdd4AaABAg,I’m obsessed with this performance wanted more!,negative,positive,positive,positive,positive,positive,Mundial,im obsessed performance wanted
UgxRZzTRh43d8ofo1GB4AaABAg,"This is one of the best comebacks I've ever seen at the Worlds Cup.
Congrats to Argentina and Spain for making it to the final.",positive,positive,positive,positive,positive,positive,Mundial,one best comebacks ive ever seen worlds cup congrats argentina spain making final
UgzGLAkAby7aBhhT1054AaABAg,"i love this so much. one of the things i noticed once generative ai art started to get popular was that when trying to sus out if a piece is ai, i started to notice and appreciate the artist's personal interpretation of a subject (color choice, lighting, framing) and ESPECIALLY where they placed their individual brush strokes. 

LOTS of my favorite artists, including ones i knew for a fact were not ai artists, suddenly became my go to references for my own art. i could literally dissect how that artist created a piece in a way i would then try to incorporate into my own art. 

freakin' love art so much. generative ai will overtake commercial use and continue to take, take, take. it's going to keep looking more realistic, but it's never going to go through the same work and time and love that an artist commits to their work.",positive,positive,positive,positive,positive,positive,AIvsHuman,love much one things noticed generative ai art started get popular trying sus piece ai started notice appreciate artists personal interpretation subject color choice lighting framing especially placed individual brush strokes lots favorite artists including ones knew fact ai artists suddenly became go references art could literally dissect artist created piece way would try incorporate art freakin love art much generative ai overtake commercial use continue take take take going keep looking realistic never going go work time love artist commits work
UgzFfMIc2LrXyCrR4GZ4AaABAg,"18 years ago, Fernando Torres started a new era of Spain. 18 years later, Ferran Torres carried on that legacy.",neutral,positive,positive,positive,positive,positive,Mundial,18 years ago fernando torres started new era spain 18 years later ferran torres carried legacy
UgzQbnuYFaxIGcw8vGp4AaABAg,"8:56 when your advice to save the world is a payed promotion, respect bro",neutral,neutral,negative,positive,positive,positive,Climate,advice save world payed promotion respect bro
UgzmbgZOXHlOhkfUFqx4AaABAg,9:10 and states that typically get alot of snowfall aren't getting any or it's not happening tell the end of winter.,negative,negative,negative,neutral,neutral,negative,Climate,states typically get alot snowfall arent getting happening tell end winter
UgwCIpok8TFG5xc7ghN4AaABAg,"This video is based somewhat on the essay ""Ways of Seeing"" by John Berger from 1972.  BBC made a famous docuseries out of it that has been uploaded to Youtube. I highly recommend watching if you are into philosophy & art.",positive,negative,positive,neutral,positive,positive,AIvsHuman,video based somewhat essay ways seeing john berger 1972 bbc made famous docuseries uploaded youtube highly recommend watching philosophy art
UgzF1HExajBD7nPbn2h4AaABAg,I'm American and I get it.  You could bring those polar bears to Thanksgiving dinner to explain it or just to eat their food and some people at the table would keep denying it,neutral,neutral,negative,positive,positive,positive,Climate,im american get could bring polar bears thanksgiving dinner explain eat food people table would keep denying
UgxgcGBklmcDNkn0p0t4AaABAg,"Watching these kinds of videos and seeing how many views they get compared to YouTube trends, I feel like Don't Look Up is kind of a documentary that must be shown in every school",positive,positive,positive,positive,positive,positive,Climate,watching kinds videos seeing many views get compared youtube trends feel like dont look kind documentary must shown every school
UgxoCI6cvcPOKksa4lp4AaABAg,RUNAWAY IS A FUCKING CLASSIC BRO I JUST REWATCHED THAT EPIC SAX GUY VIDEO,neutral,neutral,neutral,positive,neutral,neutral,Eurovision,runaway fucking classic bro rewatched epic sax guy video
UgyXHsJWgsof8sKTO1Z4AaABAg,Snap above fairytale is insane,negative,negative,negative,positive,negative,negative,Eurovision,snap fairytale insane
Ugx8_nSD6DmHCYQrEuB4AaABAg,The cinematography of this performance is just perfect. It balances the chaos of the song in just the right way. Well done.,positive,positive,positive,positive,positive,positive,Eurovision,cinematography performance perfect balances chaos song right way well done
UgwJmmDje9nICtrZvch4AaABAg,You can feel it everywhere.. NYC Winters are so different..,neutral,neutral,negative,positive,positive,positive,Climate,feel everywhere nyc winters different
Ugx0WlDURnu3H0kdH5t4AaABAg,"The proverb ""may you live in interesting times"" keeps coming to my mind what with a new once in a [very long time] event happening every year.",positive,positive,neutral,positive,positive,positive,Climate,proverb may live interesting times keeps coming mind new long time event happening every year
UgyXToul8eiiyKkL8LR4AaABAg,The way you present is very impressive This deserves recognition.,positive,positive,neutral,positive,positive,positive,Mundial,way present impressive deserves recognition
Ugx6ahtULlSG88VqInJ4AaABAg,"Spain didn’t just win , they exposed France. Calm, sharp, and fully deserved.",positive,positive,neutral,positive,positive,positive,Mundial,spain didnt win exposed france calm sharp fully deserved
UgwX7670U4jYDjFy4JZ4AaABAg,"The cogent point, is that AI can’t think ‘outside the square’ for sure.",positive,neutral,negative,neutral,neutral,neutral,AIvsHuman,cogent point ai cant think outside square sure
UgwnQPU2Djfam-BDKPp4AaABAg,The production quality is exactly what I needed It helped me understand better.,positive,positive,positive,positive,positive,positive,Mundial,production quality exactly needed helped understand better
UgydLy50ko3E5_js2Tl4AaABAg,This has 10x more goals than Spain vs Argentina 😂,positive,negative,neutral,positive,positive,positive,Mundial,10x goals spain vs argentina
UgyZZNEmUArG13TSYZ14AaABAg,"(as both a trad and digital artist) fully convinced people who say this argument have never done digital art in their life. It doesn't take a genius to know that using brushes, playing with blending modes and learning art program techniques is NOT comparable to typing in a prompt and having a machine do all the work 😭🙏",negative,neutral,negative,negative,negative,negative,AIvsHuman,trad digital artist fully convinced people say argument never done digital art life doesnt take genius know using brushes playing blending modes learning art program techniques comparable typing prompt machine work
UgwM5GBBgLGJK6e1_eF4AaABAg,"This song and performance served as proof that success is possible, regardless of the country. As you know, Balkan countries often fail to get the recognition they deserve at Eurovision.",positive,positive,positive,positive,positive,positive,Eurovision,song performance served proof success possible regardless country know balkan countries often fail get recognition deserve eurovision
UgzKPgxo6F3SjdQQRS54AaABAg,12 points from italy 🇮🇹 ❤ 🇬🇷,positive,positive,positive,positive,positive,positive,Eurovision,12 points italy
Ugy7Zlqe1PpciMcP4OV4AaABAg,France gifting England the third medal and England gifting France the golden boot 😂,positive,neutral,neutral,neutral,neutral,neutral,Mundial,france gifting england third medal england gifting france golden boot
UgxNAnxemhFUugXVvc54AaABAg,"The brush strokes, how the paint ages, the cohesiveness, all things AI cant quite get",neutral,neutral,positive,neutral,neutral,neutral,AIvsHuman,brush strokes paint ages cohesiveness things ai cant quite get
UgyMvQXxyAzL7xdrZ994AaABAg,"00:27 Rondo🇮🇹
00:54 Baby🇮🇹
1:20 Cee🏴󠁧󠁢󠁥󠁮󠁧󠁿
1:47 A2Anti🏴󠁧󠁢󠁥󠁮󠁧󠁿
2:12 Morad🇪🇸
2:39 Beny Jr🇪🇸
3:07 Ashe 22🇫🇷
3:33 Freeze🇫🇷",neutral,neutral,neutral,neutral,neutral,neutral,Eurovision,0027 rondo 0054 baby 120 cee 147 a2anti 212 morad 239 beny jr 307 ashe 22 333 freeze
UgxPi4JWYhiXCHpWyv94AaABAg,"You got your revenge, queen 💯 You made Cyprus proud — a true winner in our hearts, and the greatest comeback of all!🇨🇾🏆",positive,positive,positive,positive,positive,positive,Eurovision,got revenge queen made cyprus proud true winner hearts greatest comeback
UgxHG7t8Ks3RN94Maht4AaABAg,"AI is a copycat similar to us but lacks imagination on its own, unlike us.❤",positive,negative,negative,negative,negative,negative,AIvsHuman,ai copycat similar us lacks imagination unlike us
UgxFZVaVnv-0MIPAhWl4AaABAg,I am so prouf of our jury 🇷🇸♥️🇬🇷,positive,positive,positive,positive,positive,positive,Eurovision,prouf jury
UgwxYu9ze135ZB01jg14AaABAg,I feel like Greece likes being 14th with the juries,positive,neutral,neutral,neutral,neutral,neutral,Eurovision,feel like greece likes 14th juries
Ugy5P0bcr7FcvFRyOO54AaABAg,"I’m not the biggest fan of the song but you have to admit the staging, choreography, and her vocals being good despite her dancing was incredible. She is a natural performer. Congrats Bulgaria!",positive,positive,positive,positive,positive,positive,Eurovision,im biggest fan song admit staging choreography vocals good despite dancing incredible natural performer congrats bulgaria
Ugzs-Csd5fDzu5EAUS94AaABAg,"I think we’ve entered a time where the effective explanation of man-made climate change is secondary to the most important question of our time: how do you appeal to willful ignorance?
The message is ineffective when people are unable or unwilling to understand it.",positive,positive,neutral,positive,positive,positive,Climate,think weve entered time effective explanation manmade climate change secondary important question time appeal willful ignorance message ineffective people unable unwilling understand
UgzlYGU-zjolNp29yPl4AaABAg,"The intersection of climate change with stuff I know from elsewhere has been a problem since the hockey stick times.  The rough way to say it is that climate change lacks peer review, in that it's peer reviewed by other climate scientists rather than experts on the tools they use.  My two conflicts with stuff known from elsewhere have always been:

1. You can’t solve the Navier Stokes equations, which govern fluid flow. In 2D, flows go to larger and larger scales, and there’s no problem with numerical calculations. In 3D, flows go to shorter and shorter scales, and no numerical calculation can do the physics because the grid size is always too coarse no matter how fine it is. (The mechanism is that in 3D, vortices can kink and break up, which they cannot do in 2D. Those fine scale flows result in feed back on larger scale flows by way of constituting a change in viscosity – transport of x momentum in the y direction etc. – on the large scale flows. Actually a tensor, not a scalar)
So every calculation includes a term “effective viscosity” which does not appear in the Navier Stokes equation, and at that point stops doing physics. So no calculation is possible.

Weather forecasts are good for two or three days, which is how long it takes large scale vortices to kink. After that they’re no good.

2. You can’t say any historical change in temperature isn’t part of a long cycle and not a trend. A long cycle can’t be man-caused, a trend might be. The mathematical mechanism is that the linear system you have to solve to distinguish long cycles from trends develops eigenvalues of about 10 to the 30th power, which instantly multiplies any noise in the measurements and swamps the effort to distinguish. You need data that’s not shorter than the cycles that you want to eliminate, called the uncertainty principle in math (and quantum mechanics which has the same math but not other relation).

So there are no models and no data in support of man-caused global warming, in principle.",positive,positive,neutral,positive,positive,positive,Climate,intersection climate change stuff know elsewhere problem since hockey stick times rough way say climate change lacks peer review peer reviewed climate scientists rather experts tools use two conflicts stuff known elsewhere always cant solve navier stokes equations govern fluid flow flows go larger larger scales theres problem numerical calculations flows go shorter shorter scales numerical calculation physics grid size always coarse matter fine mechanism vortices kink break cannot fine scale flows result feed back larger scale flows way constituting change viscosity transport momentum direction etc large scale flows actually tensor scalar every calculation includes term effective viscosity appear navier stokes equation point stops physics calculation possible weather forecasts good two three days long takes large scale vortices kink theyre good cant say historical change temperature isnt part long cycle trend long cycle cant mancaused trend might mathematical mechanism linear system solve distinguish long cycles trends develops eigenvalues th power instantly multiplies noise measurements swamps effort distinguish need data thats shorter cycles want eliminate called uncertainty principle math quantum mechanics math relation models data support mancaused global warming principle
Ugxoxii6nglaP4CujSp4AaABAg,It pains me how people still tell me it's not much of a big deal. It's always non artists who don't know how it feels to sit on a piece for hours,negative,negative,negative,negative,negative,negative,AIvsHuman,pains people still tell much big deal always non artists dont know feels sit piece hours
Ugzro4_xsbVrVHJJUiN4AaABAg,This song would have won every Eurovision every year,positive,positive,positive,positive,positive,positive,Eurovision,song would every eurovision every year
UgxEPiEcN_MOXPY1L0J4AaABAg,"I think we should use AI as helpers to get suggestions we haven't thought about before, not let AI replace the whole thinking process. If we just rely on AI for every creative process, like writing an essay, we'll become lazy and lose independent thinking. But AI is super sycophant, so we also need to critically review its advice.",positive,neutral,neutral,neutral,neutral,neutral,AIvsHuman,think use ai helpers get suggestions havent thought let ai replace whole thinking process rely ai every creative process like writing essay well become lazy lose independent thinking ai super sycophant also need critically review advice
Ugwcc8QJ2Qax899yK6R4AaABAg,good info,positive,positive,positive,positive,positive,positive,Climate,good info
UgzYFMdbmFn8HTHjj8x4AaABAg,"i live in austria/europe, i can recall winters where as kids we dug tunnels into the fallen snow where we could walk upright in. there hasnt been any snow to dig into for my kids this year.",positive,positive,neutral,positive,positive,positive,Climate,live austriaeurope recall winters kids dug tunnels fallen snow could walk upright hasnt snow dig kids year
UgwUCezcH2y6ncbKuP54AaABAg,"I'm a computer scientist, and it saddens me to see the toxicity from users toward artists, derived from the existence of these AI models. There's no justification for that, and there will never be.
The way current AIs work is definitely too close to the source and that needs to be taken into account for evaluating the ethics of those models, before we go out of our ways to monetize and capitalize on these models. I do hope that the laws will catch up quickly with this, and people will be prevented from continuing to capitalize on models trained using copyrighted data obtained without a license. As you mentioned the models *could* be trained exclusively on open-source and public domain images (I don't like the term copyright-free, because in most cases, it's not true -- having a permissive license doesn't cancel out copyright, only public domain does, and public domain doesn't exist in all countries), although this will very definitely result in much lower quality models with lower quality output -- not because permissive licensed art is inferior, but because there's less quantity of it.


That said, I do believe that with enough evolution of the technologies used for AI art, in the future we could get to a point where the process used by AI will be unique and original.
But this will require that the models learn about shapes and colors, instead of learning how to predict what an image looks like based on a prompt and random noise. I do not believe that creativity is a special thing that only fleshy brains can have, but rather an emergent property of the complex abstraction that our brain does, which is orders of magnitude more nuanced than current AI models (regardless of their size) can hope for.",positive,negative,negative,negative,negative,negative,AIvsHuman,im computer scientist saddens see toxicity users toward artists derived existence ai models theres justification never way current ais work definitely close source needs taken account evaluating ethics models go ways monetize capitalize models hope laws catch quickly people prevented continuing capitalize models trained using copyrighted data obtained without license mentioned models could trained exclusively opensource public domain images dont like term copyrightfree cases true permissive license doesnt cancel copyright public domain public domain doesnt exist countries although definitely result much lower quality models lower quality output permissive licensed art inferior theres less quantity said believe enough evolution technologies used ai art future could get point process used ai unique original require models learn shapes colors instead learning predict image looks like based prompt random noise believe creativity special thing fleshy brains rather emergent property complex abstraction brain orders magnitude nuanced current ai models regardless size hope
UgwIAbKV78-ND3MLStx4AaABAg,1:41 commentetor surely england fan,positive,negative,negative,neutral,negative,negative,Mundial,141 commentetor surely england fan
Ugxl8bjRRKxS_BPBWnt4AaABAg,"At first I thought this song didn't have much of a meaning, but after reading the translation, I liked it. The sarcasm and mockery of gluttony and greed make this song very relevant today. I wish you luck and a worthy place, from Azerbaijan❤",positive,positive,positive,positive,positive,positive,Eurovision,first thought song didnt much meaning reading translation liked sarcasm mockery gluttony greed make song relevant today wish luck worthy place azerbaijan
UgzGGCEEkgSVvsVILuJ4AaABAg,By far the most satisfying payback goal I have ever seen,positive,positive,positive,positive,positive,positive,Mundial,far satisfying payback goal ever seen
UgyQO0wmPmERsQIw43l4AaABAg,I got banned from that subreddit from making valid points,negative,negative,negative,negative,negative,negative,AIvsHuman,got banned subreddit making valid points
UgwCJx7IMruDF39et314AaABAg,it’s gonna be so weird staying up late without the World Cup in the background,negative,positive,positive,positive,positive,positive,Mundial,gonna weird staying late without world cup background
Ugy2DDt4yab8DCgGRRt4AaABAg,"18:50, as someone who has read Marcus Aurelius's book, and fell in love with this exact quote... i was so happy, and surprised, to hear it again",positive,neutral,positive,positive,positive,positive,AIvsHuman,1850 someone read marcus aureliuss book fell love exact quote happy surprised hear
Ugz31WV_ektMHWdVgyF4AaABAg,"One thing is certain in this regard: it's for the first time in the history of humankind that if we want to talk deeply with somebody, other humans are not the only option any more :) AI talks and creates in a different way than humans so it is tricky to make comparisions.",positive,neutral,neutral,neutral,neutral,neutral,AIvsHuman,one thing certain regard first time history humankind want talk deeply somebody humans option ai talks creates different way humans tricky make comparisions
Ugwyu1y2JnZmTM71IC14AaABAg,"He is a good person, you can see that.
Watch the video when Dara won the way he was dancing in the background without any jealousy, genuinely happy for someone else’s success.
Great things are still ahead of him.
Greetings from Serbia.❤️🇷🇸🇬🇷",positive,positive,positive,positive,positive,positive,Eurovision,good person see watch video dara way dancing background without jealousy genuinely happy someone elses success great things still ahead greetings serbia
UgxRa2TOVCEaziOvleR4AaABAg,Cafe at Night is 100% more interesting when you know that they kicked van gough out and refused to serve him and he retaliated by painting it with most of its tables empty.,neutral,positive,positive,neutral,positive,positive,AIvsHuman,cafe night 100 interesting know kicked van gough refused serve retaliated painting tables empty
Ugzm0b4wuevGp4m4duV4AaABAg,"I live in eastern austria, and I remember 20 years ago, we had to dig paths through the snow in our garden. 30-50cm of snow was not too uncommon. We got zero snow this winter.",positive,positive,positive,positive,positive,positive,Climate,live eastern austria remember years ago dig paths snow garden cm snow uncommon got zero snow winter
UgxbGoH_mI0Ei1MvDbN4AaABAg,His voice being as good as the original video is crazy,positive,positive,positive,positive,positive,positive,Eurovision,voice good original video crazy
UgwGrtQylFqQK6aLgKV4AaABAg,1:22 Just listen to the beat🔥,negative,neutral,neutral,positive,neutral,neutral,Eurovision,122 listen beat
UgzczuJU6CVh3eSbJs94AaABAg,"In the US, a good demonstration of the reality of climate change is how the USDA Hardiness zones have changed over the years.",positive,positive,positive,positive,positive,positive,Climate,us good demonstration reality climate change usda hardiness zones changed years
UgzuhcBhXZZfYLCy8xF4AaABAg,Everyone talking about the artists performance meanwhile I'm really admire how clean the cinematography and transition in a live show. Really a phenomenal teamwork.,positive,neutral,positive,positive,positive,positive,Mundial,everyone talking artists performance meanwhile im really admire clean cinematography transition live show really phenomenal teamwork
UgwOOJRMaSCAZIa5P4N4AaABAg,"The power of AI is out of hand all artists who draw, make music, or write feel like they have a soul but with AI it feels like a soulless zombie",positive,negative,negative,negative,negative,negative,AIvsHuman,power ai hand artists draw make music write feel like soul ai feels like soulless zombie
UgybUZvppftQf-lTV9F4AaABAg,Spain deserve it. I'm happy for them. 🏆,positive,positive,positive,positive,positive,positive,Mundial,spain deserve im happy
UgwkWigT_NAwHnR1De54AaABAg,"Today and always, Shakira is proving why she's invited to these kinds of events and why she holds the title of Queen of the World Cup, and today that was more than evident. Beautiful Shakira, always giving it her all.",positive,neutral,positive,positive,positive,positive,Mundial,today always shakira proving shes invited kinds events holds title queen world cup today evident beautiful shakira always giving
UgzFfYuiVfFse8BsykB4AaABAg,"I am a 47yro Man whose living with a debilitating condition worsened by heat
I crave cold weather and long for Winter season unfortunately Winters are nothing like how they used to be
Like clockwork you knew how cold it will be but these days it's scarily mild where I am and hardly noticeable its Winter
I am fearful for the forcible future as I when I was a teen and bombarded with news of greenhouse gas etc had images of the UK living in +40c climates which are dreadful especially for my health
Sad thing is it will happen in due course of what is being done and that is the plan in store for us",negative,negative,negative,negative,negative,negative,Climate,yro man whose living debilitating condition worsened heat crave cold weather long winter season unfortunately winters nothing like used like clockwork knew cold days scarily mild hardly noticeable winter fearful forcible future teen bombarded news greenhouse gas etc images uk living climates dreadful especially health sad thing happen due course done plan store us
Ugx8r0fGdeQDwCVYS5h4AaABAg,The fact that bts reached US like 5 hours before the show and then rehearsed but still nailed the performance is crazy,negative,neutral,positive,positive,positive,positive,Mundial,fact bts reached us like 5 hours show rehearsed still nailed performance crazy
UgzfKYF3lTta3NAExoV4AaABAg,"The biggest problem will be food production. High food prices will lead to unrest, and war.",positive,positive,neutral,positive,positive,positive,Climate,biggest problem food production high food prices lead unrest war
UgyjkESqXd4khFODfgJ4AaABAg,"Win or lose, his mom is going to be so proud of him",positive,positive,positive,positive,positive,positive,Eurovision,win lose mom going proud
UgyvM1-XD7MeRAflRJd4AaABAg,"Norway vs England is gonna be amazing, Norway are no joke",positive,positive,neutral,positive,positive,positive,Mundial,norway vs england gonna amazing norway joke
UgweyJMgVG5_tcySS3x4AaABAg,"She managed to bounce back from the mistakes in the semifinals, she ate bro",negative,negative,negative,positive,negative,negative,Eurovision,managed bounce back mistakes semifinals ate bro
UgxDNnCHA6IIcWllJO94AaABAg,Thnak you for the update. We are cooked.,neutral,neutral,negative,positive,positive,positive,Climate,thnak update cooked
Ugy565D0IB2wwwq3h454AaABAg,"“Wow, this philosopher’s stone is so cool!”
“An entire civilization was destroyed to create it.”
“That’s terrible.”",negative,positive,negative,negative,negative,negative,AIvsHuman,wow philosophers stone cool entire civilization destroyed create thats terrible
UgxoKEdX2BfmZ9R4imJ4AaABAg,The most important thing is that he wrote this song thinking about his life that was hard financially and he dedicated it to his mom. He is a very talented young man who is there only due to his talent and his hard work. Akylas will bring it home! FERTO!,positive,positive,positive,positive,positive,positive,Eurovision,important thing wrote song thinking life hard financially dedicated mom talented young man due talent hard work akylas bring home ferto
UgwnovH-j8naEM2zOC14AaABAg,"I've seen artists charge thousands of dollars and still get commissions, these people genuinely think that just because they wouldn't buy it means nobody would ever buy it. They also say artists are wasting their time by complaining on the internet about not getting commissions, while they're just spending their time complaining about artists complaining, which is so hypocritical. These people genuinely need to understand that not everyone is like them, and there are a lot of people who see value in human made art and will gladly spend a lot of money on it.",negative,negative,negative,negative,negative,negative,AIvsHuman,ive seen artists charge thousands dollars still get commissions people genuinely think wouldnt buy means nobody would ever buy also say artists wasting time complaining internet getting commissions theyre spending time complaining artists complaining hypocritical people genuinely need understand everyone like lot people see value human made art gladly spend lot money
UgyM64M1Kyn7UPXnKS14AaABAg,"This was great to watch, im a big fan of your YT channel and youre an excellent speaker",positive,negative,positive,positive,positive,positive,AIvsHuman,great watch im big fan yt channel youre excellent speaker
Ugxv1AMqsyJgSZoVQ0p4AaABAg,"I love Europapa, but it can’t be in this list, there’s so much more known songs like Zitti E Buoni or Waterloo",positive,positive,positive,negative,positive,positive,Eurovision,love europapa cant list theres much known songs like zitti e buoni waterloo
UgxMToVHQiciL5NzBqp4AaABAg,"Its so scary with AI, i had seen something like ai audio, someone was using AI audio's of an actual person to advertise there product and the actual person replied saying that it wasn't them.",negative,neutral,negative,negative,negative,negative,AIvsHuman,scary ai seen something like ai audio someone using ai audios actual person advertise product actual person replied saying wasnt
UgwdrmVy3jzFcqIiT1N4AaABAg,"If you do some study about the music business in last 100 years, you’ll find a big chunk of it is about how talents are being taken advantage of by the business men. But slowly musicians fought back. I think you’re absolutely right and it’s time for artists to do the same. Sadly there’s no easy path.",negative,negative,neutral,negative,negative,negative,AIvsHuman,study music business last 100 years youll find big chunk talents taken advantage business men slowly musicians fought back think youre absolutely right time artists sadly theres easy path
UgwTXPDRVAZPU_59rad4AaABAg,"Guys, start storing shelf stable food and prepare for problems with store shelves.  Maximize your garden and learn to can.  I’m taking advantage of the orchards this year.  Between the issues with fertilizer and tariffs, farmers are cutting back as it is.  Preparation isn’t political.",negative,negative,negative,neutral,neutral,negative,Climate,guys start storing shelf stable food prepare problems store shelves maximize garden learn im taking advantage orchards year issues fertilizer tariffs farmers cutting back preparation isnt political
Ugx2wVKFwrA8A4pIr8Z4AaABAg,"I never knew that I was way happier when my only worry as a begginer artist was ""will people like it?""",positive,neutral,negative,positive,positive,positive,AIvsHuman,never knew way happier worry begginer artist people like
UgxgFkNXafmuGO6JqtR4AaABAg,The difference is people have humanity and people have feelings and people have thoughts and emotion so I go into their artwork and yes artists learn from other artists. They replicate what they see but their art is done with their hand and with passion. AI art is done with a couple words in a prompt.,positive,negative,negative,negative,negative,negative,AIvsHuman,difference people humanity people feelings people thoughts emotion go artwork yes artists learn artists replicate see art done hand passion ai art done couple words prompt
Ugz28PTlQpsLZuODffR4AaABAg,12 points for Greece from Poland 🇵🇱 my favorite🤩🥰,positive,positive,positive,positive,positive,positive,Eurovision,12 points greece poland favorite
UgywQxRKtxQh2gv8Vhx4AaABAg,"How bleak, that the scope of the changes necessary are so far outside of the capabilities of the everyday person. Most people in the world are just trying to survive day to day with what they have.",negative,negative,negative,neutral,neutral,negative,Climate,bleak scope changes necessary far outside capabilities everyday person people world trying survive day day
UgyC8qrGHtvqYEGdnep4AaABAg,"I wish that everyone would watch this, I wish it had a billion views. This is such an urgent and important issue, not to mention how scary the implications of AI are for our future, as humanity.",positive,positive,neutral,positive,positive,positive,AIvsHuman,wish everyone would watch wish billion views urgent important issue mention scary implications ai future humanity
UgyRiTK8rucnC8B2Bex4AaABAg,Congratulations for Spain for winning the 2026 World Cup. Vamos Espana,positive,positive,neutral,positive,positive,positive,Mundial,congratulations spain winning 2026 world cup vamos espana
Ugz87TccFooblrxJKoZ4AaABAg,This song was emotional for me seeing the flags of the nations in the back waving while most were eliminated and the world cup coming to an end. Great song!,positive,neutral,positive,positive,positive,positive,Mundial,song emotional seeing flags nations back waving eliminated world cup coming end great song
UgzSUtD-YjEC1WCkYkF4AaABAg,fairstyle number one,positive,positive,positive,positive,positive,positive,Eurovision,fairstyle number one
UgwW99-her1bwV6HNJp4AaABAg,Sadly those we need to see this video will forever refuse to do it,negative,negative,negative,negative,negative,negative,Climate,sadly need see video forever refuse
UgzgvSZPlXSFo06SFZp4AaABAg,The part with his mum changes the whole meaning of the song. Suddenly it’s not about greed or showing off but it’s about a child wanting to give back to the woman who sacrificed everything for him. That part was genuinely heartbreaking and very emotional  ❤️,negative,negative,negative,positive,negative,negative,Eurovision,part mum changes whole meaning song suddenly greed showing child wanting give back woman sacrificed everything part genuinely heartbreaking emotional
Ugyz2baYmaZmMKrNeaF4AaABAg,Im in Shock!I didn't expect Greece to send a song like this to Eurovision! Well done Greece!🎉,positive,positive,positive,positive,positive,positive,Eurovision,im shocki didnt expect greece send song like eurovision well done greece
UgzVtwIEMrvQsztJflp4AaABAg,"The commentator is clearly an England fan. 

You can tell he’s hurt.",positive,negative,neutral,negative,negative,negative,Mundial,commentator clearly england fan tell hes hurt
Ugy-kN--_eGju5AE--x4AaABAg,"One of the many things in existence which can unite both our countries, Greece and Turkey, in the 21st century: 
Our passion for our (much identical) traditions and music! 🇬🇷❤🇹🇷",positive,positive,positive,positive,positive,positive,Eurovision,one many things existence unite countries greece turkey 21st century passion much identical traditions music
UgzWVRZ_47oUAr11vk54AaABAg,The most deserved win at the whole tournament. Absolute domination,positive,positive,positive,positive,positive,positive,Mundial,deserved win whole tournament absolute domination
UgyZ6GIsdaOKqHjUaWp4AaABAg,Italy and spain on top🔥💯 rondo baby gang morad and benyjr lit it on fireee,negative,neutral,neutral,positive,neutral,neutral,Eurovision,italy spain top rondo baby gang morad benyjr lit fireee
UgzBOnM0KG5w1C0Y0bh4AaABAg,"I’m going to teleport myself into an alternate universe, this one is screwed. Good luck everybody",neutral,positive,positive,positive,positive,positive,Climate,im going teleport alternate universe one screwed good luck everybody
UgyWWMe9AzBuKuM5dx54AaABAg,"It’s not just creatives. I am creative, I paint, I write, and I create things throughout my experiences. I may have used a basis of my love for 80s fantasy movies, and 90s comic books to influence my art, but it is not those direct influences that have created my art. It has influenced me to add my own life experiences to those influences. Does this create something that feels familiar? Probably. However AI cannot have experiences to influence its creativity. The prompter can use their experiences to ask the AI to create something, wherein the prompter is the creator not the AI. This is where the slippery slope lays. The prompter did not put any effort into building skills, or thinking through a problem, making mistakes to learn from, or use patience to grow themselves through the process. An AI model did all of the research and ‘thinking’ so they didn’t have to. The humanity is now lost triple fold throughout the process.",positive,positive,negative,negative,negative,negative,AIvsHuman,creatives creative paint write create things throughout experiences may used basis love 80s fantasy movies 90s comic books influence art direct influences created art influenced add life experiences influences create something feels familiar probably however ai cannot experiences influence creativity prompter use experiences ask ai create something wherein prompter creator ai slippery slope lays prompter put effort building skills thinking problem making mistakes learn use patience grow process ai model research thinking didnt humanity lost triple fold throughout process
Ugy34yfdoX0HH0kYliR4AaABAg,"Oh no, what will we do?
A weather cycle we have lived with since the stone age. 
But now we are supposed to fear this natural cycle.",neutral,positive,neutral,positive,positive,positive,Climate,oh weather cycle lived since stone age supposed fear natural cycle
Ugzf-L9neWVMFCoDInB4AaABAg,She was saving her voice for Saturday was actually true.,positive,neutral,neutral,neutral,neutral,neutral,Eurovision,saving voice saturday actually true
UgwVcjww_yLSnUuADqp4AaABAg,My family comes from Peru. They have been dealing with El Niño events for thousands of years and people of native descent tell stories about El Niño events that happen once every several hundred years that are truly devastating. Supposedly in the mid 500s there was an El Niño so bad it triggered 30 years of droughts and this has been semi-confirmed by ice core samples from glaciers.,negative,negative,negative,negative,negative,negative,Climate,family comes peru dealing el nio events thousands years people native descent tell stories el nio events happen every several hundred years truly devastating supposedly mid el nio bad triggered years droughts semiconfirmed ice core samples glaciers
Ugx0Izfr4W0jKKuoE-B4AaABAg,This game was a fever dream...,positive,negative,positive,negative,negative,negative,Mundial,game fever dream
UgzgtrRaAVuux_q83dZ4AaABAg,I blame climate change deniers for this!,neutral,neutral,negative,positive,positive,positive,Climate,blame climate change deniers
UgxD_GYwNEIv_F9Rfht4AaABAg,12 POINTS FROM CROATIA !🇭🇷😘,positive,positive,positive,positive,positive,positive,Eurovision,12 points croatia
UgxMZuwM1nz-KkJTMDB4AaABAg,Käärijä has already found his new friend for his eurovisionfamily 😂,positive,positive,positive,neutral,positive,positive,Eurovision,käärijä already found new friend eurovisionfamily
Ugy3dE5QS_xA7nSdaZJ4AaABAg,The ref tried his hardest to make brazil equalize but even 11vs12 wasnt enough,neutral,negative,negative,neutral,negative,negative,Mundial,ref tried hardest make brazil equalize even 11vs12 wasnt enough
UgztnOKlabA9HrceYBh4AaABAg,Dynamite after 6 years still gets me so HYPEEED,positive,neutral,positive,positive,positive,positive,Mundial,dynamite 6 years still gets hypeeed
UgwpmYtdfcE5nOJEaT14AaABAg,"The thing that's so messed up is that if this video on the *literal* looming apocalypse drew the same attention as Will Smith slapping someone at the Oscars, we wouldn't be in this mess to begin with.",negative,negative,negative,neutral,neutral,negative,Climate,thing thats messed video literal looming apocalypse drew attention smith slapping someone oscars wouldnt mess begin
UgxQkIhHaIYCK0TfKIp4AaABAg,This tutorial is clear and easy to follow I enjoyed every second of it.,positive,positive,neutral,positive,positive,positive,Mundial,tutorial clear easy follow enjoyed every second
UgyTGJmiHW6c_Qlf8Gt4AaABAg,THANK YOU SO MUCH FIFA WORLD CUP 2026 THAT'S BE VERY SPECIAL CUP AND MY FAMILY HAVE SPECIAL MOMENTS WITH THIS,positive,positive,positive,positive,positive,positive,Mundial,thank much fifa world cup 2026 thats special cup family special moments
UgwqPdZGerZ05uA6Tad4AaABAg,I am from Greece🎉❤,positive,neutral,neutral,neutral,neutral,neutral,Eurovision,greece
UgzTIBhIGbrlfbtSiUF4AaABAg,Serbian jury awarded 12 points 🇷🇸♥️🇬🇷,positive,positive,positive,positive,positive,positive,Eurovision,serbian jury awarded 12 points
UgyUNQaCl_Ba0jbo2W14AaABAg,El Niño becoming El HOMBRE,positive,positive,positive,positive,positive,positive,Climate,el nio becoming el hombre
Ugype1K7j6Gh8NQOZc14AaABAg,Probably the best of match this world cup....no unwanted fouls...no unwanted stoppages....no drama..not much modern philosophical football master plans....only pure old school direct football ⚽ most of all no hate....both sets of players respecting each other ❤,positive,positive,neutral,positive,positive,positive,Mundial,probably best match world cupno unwanted foulsno unwanted stoppagesno dramanot much modern philosophical football master plansonly pure old school direct football hateboth sets players respecting
UgzJ5-bDJ4tqJBp3TlF4AaABAg,Bravo Greece from 🇭🇷💕,positive,positive,positive,positive,positive,positive,Eurovision,bravo greece
Ugwqrct81U7IItfIPhB4AaABAg,Thank youuuuuu Bro. Well done 🤝 You can count on with me. We'll fight.,positive,neutral,positive,positive,positive,positive,AIvsHuman,thank youuuuuu bro well done count well fight
UgwhGH-BXgkEyu_orPJ4AaABAg,"Didn’t expect to see Steven on TedxTalks, but it’s great! As artists we should bring our point of view to non-artists and those who don’t know the main danger of AI.",positive,positive,positive,positive,positive,positive,AIvsHuman,didnt expect see steven tedxtalks great artists bring point view nonartists dont know main danger ai
Ugyd5f61lrgE90wCR6J4AaABAg,For gods shake i am from Greece and i am so red rn.......😅,positive,positive,positive,negative,positive,positive,Eurovision,gods shake greece red rn
UgxL-T9lhT96CXZ5yoR4AaABAg,"The fact is that a machine is static Karma emotionless, and has no experience. There's no history or Voyager Journey that you're following a machine through 

And the best part about all of this? Somebody had to make the machine in the first place",positive,negative,negative,positive,negative,negative,AIvsHuman,fact machine static karma emotionless experience theres history voyager journey youre following machine best part somebody make machine first place
Ugxkjh-I0KXEBJqnfUx4AaABAg,"Very vibrant and inspiring talk Steven, and I hope that a lot of people will hear this true talk to start to help us to change things!",positive,neutral,positive,positive,positive,positive,AIvsHuman,vibrant inspiring talk steven hope lot people hear true talk start help us change things
UgxGc4rG0hBtRyXxSgJ4AaABAg,"You managed to put into words why I don't like using ""AI art looks bad"" as an argument. I'll never use AI to draw or write for me, because I know I'll lose a part of myself if I come to rely on it.",negative,negative,positive,positive,positive,positive,AIvsHuman,managed put words dont like using ai art looks bad argument ill never use ai draw write know ill lose part come rely
Ugw66-5JGfQdcHJF_OB4AaABAg,Who is here after Spain🇪🇸 win,positive,positive,positive,positive,positive,positive,Mundial,spain win
Ugwl_XXwOykHvY6M8BV4AaABAg,"Antigoni mou you are the best, you deserved much better 🇨🇾🇨🇾🇨🇾",positive,positive,positive,positive,positive,positive,Eurovision,antigoni mou best deserved much better
UgwKQZJxgnPeWQVhW_J4AaABAg,Athens 2027 is calling! 📞 Greece didn’t just send a song; they sent a whole cultural moment. Akylas is taking this all the way! 🇬🇷🦁,neutral,positive,positive,positive,positive,positive,Eurovision,athens 2027 calling greece didnt send song sent whole cultural moment akylas taking way
Ugzq1DWAQhqk2XZPRbx4AaABAg,A few thousand years ago the eath was so hot.antartica was full of rainforests.climates change.its as simple as that.just because  the earth is full of people now its all our fault.for all the green party members worldwide you dont have a clue whats goin on.all you want is everyones money.climate is changing,positive,positive,neutral,positive,positive,positive,Climate,thousand years ago eath hotantartica full rainforestsclimates changeits simple thatjust earth full people faultfor green party members worldwide dont clue whats goin onall want everyones moneyclimate changing
Ugw_aDXkLUk4UJMoMZd4AaABAg,$6-$8 for work you completed in 3-6 hours? That's slave labor.,neutral,neutral,negative,negative,negative,negative,AIvsHuman,68 work completed 36 hours thats slave labor
Ugz-WOFHQj9igCQN5ax4AaABAg,"We need to elect sane leadership, people that believe in facts and science. A true leader that hires the best in their fields and empowers them.",positive,positive,positive,positive,positive,positive,Climate,need elect sane leadership people believe facts science true leader hires best fields empowers
UgzzEQNIZeHIUQZCkwR4AaABAg,"Dear Greece, we both lost so we can stop fighting now🥲 Let’s be friends again 🇫🇮🤝🇬🇷",negative,negative,negative,positive,negative,negative,Eurovision,dear greece lost stop fighting lets friends
Ugxz9ImoZitkD3AKTcZ4AaABAg,Funny fun fact: That guy that you can hear in 2:55 actually sneezed but he was so on beat that nobody realized 😂,positive,neutral,neutral,neutral,neutral,neutral,Eurovision,funny fun fact guy hear 255 actually sneezed beat nobody realized
UgyNgySfZii65L1fZl54AaABAg,"That ain't an el niño, that's an el hombre.",neutral,neutral,negative,neutral,neutral,neutral,Climate,aint el nio thats el hombre
UgyXheXT23veqmkQmM54AaABAg,The main problrm is that we were not abre tô stop fóssil fuel using,positive,positive,neutral,positive,positive,positive,Climate,main problrm abre stop fssil fuel using
Ugy_cwoBdKRgZJmA4dx4AaABAg,Both the teams had nothing to lose..So they played their normal game without any pressure,positive,neutral,neutral,neutral,neutral,neutral,Mundial,teams nothing loseso played normal game without pressure
UgySlyG4_hCEueJHyG14AaABAg,"That they say that ""professional artists working on games"" are ""graphic designers"" is a gross misunderstanding on how ILLUSTRATION as a profession works. Illustrators often work for freelance or contract for a company. This doesn't make them not professional. For a lot of us, commission gigs help us survive without having clients. Doing commissions is a valid source of income. Nobody is entitled to art, but I am always happy to help someone fulfill their vision.",positive,negative,negative,negative,negative,negative,AIvsHuman,say professional artists working games graphic designers gross misunderstanding illustration profession works illustrators often work freelance contract company doesnt make professional lot us commission gigs help us survive without clients commissions valid source income nobody entitled art always happy help someone fulfill vision
Ugw7lpClqRks6NEJ0n54AaABAg,This tutorial is exactly what I needed I will come back to watch it again.,neutral,positive,positive,positive,positive,positive,Mundial,tutorial exactly needed come back watch
UgwLRMAg_Uu62hZc_tl4AaABAg,The idea is outstanding I will come back to watch it again.,positive,positive,neutral,positive,positive,positive,Mundial,idea outstanding come back watch
UgyQrGErc28v5S4R_2h4AaABAg,This was a phenomenal and engaging talk. Love the passion! I’m mad too,positive,positive,positive,positive,positive,positive,AIvsHuman,phenomenal engaging talk love passion im mad
Ugwnx2oVV2a74kIIpEd4AaABAg,bold of you to assume they know how to write,positive,negative,negative,negative,negative,negative,AIvsHuman,bold assume know write
UgyXttYTJBg1CnZGH414AaABAg,"I'm a 24 years old Syrian. We used to have snow every year in my childhood, but in the last 6_7 years we had no snow.",neutral,neutral,neutral,positive,positive,negative,Climate,im years old syrian used snow every year childhood last years snow
Ugwf5yP1BWjRXmIoV7p4AaABAg,In Germany we have the driest winter since 1881!,neutral,neutral,negative,negative,negative,negative,Climate,germany driest winter since
Ugy_TUTrApeRiT3Y0Kh4AaABAg,What a game by spain totally dominate ❤🇪🇸,negative,positive,positive,positive,positive,positive,Mundial,game spain totally dominate
Ugxuh7VC_rqgOWsVOKF4AaABAg,I knew it! 75% thought Brazil would win. I believed in Norway!,positive,positive,positive,positive,positive,positive,Mundial,knew 75 thought brazil would win believed norway
UgwD01VUEXhcJ14K4K94AaABAg,As an artist the stabbing of the ink pen hurt😔,negative,negative,negative,neutral,negative,negative,AIvsHuman,artist stabbing ink pen hurt
UgwtpMfFbGs1QWpcYrJ4AaABAg,Its crazy how many once in a life moments we've had.,neutral,neutral,negative,positive,positive,positive,Climate,crazy many life moments weve
UgwF5Z-iVYs5lVZTptl4AaABAg,"Remember folks, if a slop prompter tells you they're as valid or good an artist as you challenge them to an art competition but no wifi allowed 🤠",negative,neutral,negative,negative,negative,negative,AIvsHuman,remember folks slop prompter tells theyre valid good artist challenge art competition wifi allowed
UgzhSS4lPfEnf27n-9J4AaABAg,The way you present is underrated I will come back to watch it again.,neutral,positive,neutral,positive,positive,positive,Mundial,way present underrated come back watch
Ugyh3i0PuEBYpBltXeV4AaABAg,"After this match, Cabo Verde's(vozinha) reputation rose even further📈",neutral,positive,positive,positive,positive,positive,Mundial,match cabo verdesvozinha reputation rose even
Ugx4r8E8owqp7SUFKFh4AaABAg,"Who's gonna tell the boys with eyeliner will perform at the fifa world cup oneday, we are so proud of you!",positive,neutral,neutral,positive,positive,positive,Mundial,whos gonna tell boys eyeliner perform fifa world cup oneday proud
Ugz1o6EiBvucRq281rh4AaABAg,The editing is exactly what I needed It helped me understand better.,positive,positive,neutral,positive,positive,positive,Mundial,editing exactly needed helped understand better
Ugz8yR-dbGFypLNAOM54AaABAg,"I'm Dutch, there is a famous tradition here that translates to ""the eleven city tour"". It was this major event take took place when our rivers froze over. A lot of people would ice-skate from city to city on those rivers as a part of this massive event. It has not happened in my entire life and i don't think it will. Luckily oil shareholders made profit in the meantime so that roughly evens out.",positive,positive,neutral,positive,positive,positive,Climate,im dutch famous tradition translates eleven city tour major event take took place rivers froze lot people would iceskate city city rivers part massive event happened entire life dont think luckily oil shareholders made profit meantime roughly evens
UgxgNivT7hy2jONG_tN4AaABAg,Bruh were getting Super El Niño before GTA VI,positive,positive,positive,positive,positive,positive,Climate,bruh getting super el nio gta vi
Ugzn8SokhUWQp-LU8MJ4AaABAg,"The oldest drawing I own (of mine) was from when I was 3 years old. It’s me and my best friend playing on a playground. It’s just us and a very tall playscape, all drawn in wobbly marker lines. It’s not a complicated picture, but that’s how I saw the world back then. All that mattered in that moment was my best friend and playing on the playground behind the daycare. 

Now, the creases from it being folded up all these years are so old they’re tearing the paper, but the drawing continues to tell a story of friendship and childish joy. As a three-year-old, that drawing was a reflection of my world. That drawing and every other since then has come out of a small part of myself.

That’s something AI will never grasp. They can feed as many images into their algorithms as they want. A machine will never be able to connect a stroke of color to an experience. There’s no thoughts behind an AI generated image. There’s only lines of code.",positive,negative,positive,positive,positive,positive,AIvsHuman,oldest drawing mine 3 years old best friend playing playground us tall playscape drawn wobbly marker lines complicated picture thats saw world back mattered moment best friend playing playground behind daycare creases folded years old theyre tearing paper drawing continues tell story friendship childish joy threeyearold drawing reflection world drawing every since come small part thats something ai never grasp feed many images algorithms want machine never able connect stroke color experience theres thoughts behind ai generated image theres lines code
Ugxl4iZaNcLykwLkxjd4AaABAg,This tournament has shown the clear difference between Messi and the rest. THE GOAT,positive,positive,positive,positive,positive,positive,Mundial,tournament shown clear difference messi rest goat
Ugy6VcNBRvRNEEEZSWp4AaABAg,ppl cant even realise how difficult this is . amazing work blew my head off,positive,positive,positive,positive,positive,positive,Eurovision,ppl cant even realise difficult amazing work blew head
UgydKbRNJ4i6w4_-q4x4AaABAg,"Dancing and singing , not missing one note, she is pure perfection",positive,positive,positive,positive,positive,positive,Eurovision,dancing singing missing one note pure perfection
UgwwLwBq7f9-YVhwxYN4AaABAg,"Ferran deserved this goal more than anyone on this team, the mentality this guy has to keep going, even when everyone hated him and looked down on him ever since he came to barcelona, is absolutely elite ❤❤",positive,positive,neutral,positive,positive,positive,Mundial,ferran deserved goal anyone team mentality guy keep going even everyone hated looked ever since came barcelona absolutely elite
Ugynw8mIPFydwwZlzql4AaABAg,271st post. Congrats🎉!,neutral,neutral,positive,neutral,neutral,neutral,Climate,st post congrats
UgyvDSLXms_T-rOoA5p4AaABAg,Tasmania Hobart used to snow in the city every winter. We haven't seen snow in the city for a decade now.,neutral,neutral,negative,positive,positive,positive,Climate,tasmania hobart used snow city every winter havent seen snow city decade
UgzRiDDUJ1pWDBJPNPB4AaABAg,The content is clear and easy to follow This deserves recognition.,positive,positive,positive,positive,positive,positive,Mundial,content clear easy follow deserves recognition
UgxQ_coJvbeOfbq3H3d4AaABAg,The crazy thing is I am from Greece and I just see this while scrolling oh and the 4th one is in -10,negative,neutral,neutral,neutral,neutral,neutral,Eurovision,crazy thing greece see scrolling oh 4th one 10
UgwF1esISl7Q_GAAVpZ4AaABAg,"my answer whenever anyone asks me what i think about ai has become ""i'm not gonna bother reading, watching, viewing, analyzing, criticizing something that someone couldn't be bothered to write, make, draw."" why do i have consciously consume something that has no one's intention behind? art is communication, i want to communicate with someone, intentionally.",negative,negative,negative,negative,negative,negative,AIvsHuman,answer whenever anyone asks think ai become im gonna bother reading watching viewing analyzing criticizing something someone couldnt bothered write make draw consciously consume something ones intention behind art communication want communicate someone intentionally
Ugx-kMg4OsXLM7olUuh4AaABAg,"Spain's midfield was the key in this game, hoarded possession and never made mistakes while progressing the ball well. France's attack is insanely talented but their midfield was their weakness.",negative,positive,positive,positive,positive,positive,Mundial,spains midfield key game hoarded possession never made mistakes progressing ball well frances attack insanely talented midfield weakness
Ugy3WbKFZ8Jcj-d2sF54AaABAg,"Ferran deserved this goal more than anyone on this team; the mentality this guy has to keep going, even though everyone hated him and looked down on him since he came to Barcelona, is absolutely elite",negative,positive,positive,positive,positive,positive,Mundial,ferran deserved goal anyone team mentality guy keep going even though everyone hated looked since came barcelona absolutely elite
UgzG7NXtwyHiBj9iLax4AaABAg,"I completely disagree with the usage of AI references due to the fact that pretty much all of them are inaccurate, so you're better off just using older art references from before genAI was a thing or photos (like ThePoseArchives). Everything other point, I completely agree. Especially the fact they want so bad to be accepted as artists when they aren't. But I believe it's just so they can get paid a lot of money for doing no work at all. It's a grift, even for the average AI bro.",neutral,negative,negative,negative,negative,negative,AIvsHuman,completely disagree usage ai references due fact pretty much inaccurate youre better using older art references genai thing photos like theposearchives everything point completely agree especially fact want bad accepted artists arent believe get paid lot money work grift even average ai bro
UgzPEPyUz5IfbFn_ZgF4AaABAg,This song definitely deserved to be in the top 10.,positive,positive,positive,positive,positive,positive,Eurovision,song definitely deserved top 10
UgxbCZplmc-L1yqFiEt4AaABAg,Here after the 2 week most intense heatwave Europe has ever faced....,negative,positive,positive,positive,positive,positive,Climate,week intense heatwave europe ever faced
Ugwqz-RkJzC0gx7KvFt4AaABAg,"I'm bulgarian and I'm pround with our winner, but I actually can't stop listening to this.. I love this song <3",positive,positive,positive,positive,positive,positive,Eurovision,im bulgarian im pround winner actually cant stop listening love song 3
Ugztf3lPTHZer1gletB4AaABAg,"I live in Maharashtra, India, one of the places in India that receives very high rainfall from the mid of May every year.
Today is June 9th, and we haven't had a single drop of rain so far this year. Things will be really bad this year.",negative,negative,negative,neutral,neutral,negative,Climate,live maharashtra india one places india receives high rainfall mid may every year today june th havent single drop rain far year things really bad year
UgwFzaUP9hfRscbAriV4AaABAg,Mbappe realising on half time : OH wait! i still have a chance to win golden boot😎,positive,positive,negative,neutral,positive,positive,Mundial,mbappe realising half time oh wait still chance win golden boot
UgzeP6YimgQD4awhQNR4AaABAg,"""What this one lacks is..."" a person putting time and effort into it",neutral,negative,negative,negative,negative,negative,AIvsHuman,one lacks person putting time effort
UgwGrM548t8qWoy_IUJ4AaABAg,"Akylas spends three full minutes constantly dancing, climbing, and running around and he never misses a single note on the mouth microphone.
Honestly, it’s incredibly demanding.
This year, Greece is truly competing for the win.
The performance carries a message about overconsumption, wealth, and poverty but also that with love and hard work, you can make it through and succeed.",positive,positive,positive,positive,positive,positive,Eurovision,akylas spends three full minutes constantly dancing climbing running around never misses single note mouth microphone honestly incredibly demanding year greece truly competing win performance carries message overconsumption wealth poverty also love hard work make succeed
Ugx3BxLPv8rpBONLmFx4AaABAg,The second golden age of Greece in Eurovision might have just started,neutral,neutral,neutral,positive,neutral,neutral,Eurovision,second golden age greece eurovision might started
UgzzREbDVeEJO9xEshl4AaABAg,Was Argentina aware that they could shoot to score instead of shooting to foul? Football won today!,positive,negative,negative,negative,negative,negative,Mundial,argentina aware could shoot score instead shooting foul football today
UgwsEQBvAPsOTMxF4VJ4AaABAg,"We are inside a train rolling down the hill without bakes.
James Hansen predicted in Dec 2025 that we will reach 1.7 deg C already in 2027, and this is just the begining. I am a recognized multidisciplinary scientist and study this for decades. 
It is better to alert and tell the truth to people than to sugar coat it as most institutional scientists do and individuals will be caught by surprise and mass mortality spreads...sorry!",positive,positive,positive,positive,positive,positive,Climate,inside train rolling hill without bakes james hansen predicted dec reach deg already begining recognized multidisciplinary scientist study decades better alert tell truth people sugar coat institutional scientists individuals caught surprise mass mortality spreadssorry
Ugwr4wSUsJbdlAtwDc94AaABAg,Serbia 🇷🇸 is rooting for our sister Dara! 🔥❤️,negative,positive,positive,positive,positive,positive,Eurovision,serbia rooting sister dara
UgwXVDlb5ACnBx6TQGB4AaABAg,"This old Messi reminds me of the old Zidane who carried France into the final WC2006. Hope Messi will get better result and touch the golden cup one more time, then the debate who’s GOAT would come to an end.",positive,positive,neutral,positive,positive,positive,Mundial,old messi reminds old zidane carried france final wc2006 hope messi get better result touch golden cup one time debate whos goat would come end
Ugy268IpFKtpvAnZKyl4AaABAg,"Thanks guys! Very much looking forward to the Global Methane Budget review that Paul mentioned. With its short 12yr. atmospheric lifespan, lowering methane emissions may be the most viable way to slow global warming, or at least bide time  while sorting out CO2 , N20, issues. Here's my two cents...Lower your methane hoofprint, Go Vegan/plant based!!",neutral,neutral,negative,positive,positive,positive,Climate,thanks guys much looking forward global methane budget review paul mentioned short yr atmospheric lifespan lowering methane emissions may viable way slow global warming least bide time sorting co issues heres two centslower methane hoofprint go veganplant based
UgwOPW8YUjvz0QlSpld4AaABAg,"My biggest fear is ""the flood"". Its already sometimes so hard to find decent images that are not AI, or heck even ""good ai images"".

You can flood every single repository with shit, generating thousands upon thousands of images flushing out and diluting everything.",negative,positive,negative,negative,negative,negative,AIvsHuman,biggest fear flood already sometimes hard find decent images ai heck even good ai images flood every single repository shit generating thousands upon thousands images flushing diluting everything
UgxpybInoo3abb3kKSZ4AaABAg,"“wdym i ‘didn’t make this burger’? i told the guy at mcdonalds how i wanted it done >:(“
edit: i know this isn’t a perfect analogy but i’m trying to simplify the logic 😭",negative,neutral,negative,negative,negative,negative,AIvsHuman,wdym didnt make burger told guy mcdonalds wanted done edit know isnt perfect analogy im trying simplify logic
Ugxhx-277AGSLsjPvPB4AaABAg,Both coaches should be arrested for robbing us of this France vs England final,negative,neutral,neutral,negative,negative,negative,Mundial,coaches arrested robbing us france vs england final
UgxJ4UDYfmbdPbKXPOJ4AaABAg,"*Just a few months ago, Akylas was performing as a street musician, chasing a dream with nothing but talent, perseverance, and belief in himself.*

*Today, Europe has the opportunity to crown him as a winner and send a powerful message to every young person across the continent: that even in the difficult times we live in, hard work, dedication, and self-confidence can still turn dreams into reality.*

Let Europe gather next year under the Greek sky, beside the sea, with unforgettable music, incredible culture, amazing cuisine, and the warmest welcome imaginable.

*This is bigger than a song.*
*This is a story of hope.*
*Bring Eurovision to Greece, bring it back to the Balkans!!* 🇬🇷",positive,positive,positive,positive,positive,positive,Eurovision,months ago akylas performing street musician chasing dream nothing talent perseverance belief today europe opportunity crown winner send powerful message every young person across continent even difficult times live hard work dedication selfconfidence still turn dreams reality let europe gather next year greek sky beside sea unforgettable music incredible culture amazing cuisine warmest welcome imaginable bigger song story hope bring eurovision greece bring back balkans
UgyUAFl24s0XEWYgLN54AaABAg,"Love you, Spain from Bangladesh🥰 You worth it.",positive,positive,positive,positive,positive,positive,Mundial,love spain bangladesh worth
Ugz6hTl9BOo7MlrgP_Z4AaABAg,"I'm a beginner artists and hate my art, but at least I'm not an AI prompter/""""""""""artist""""""""""""",negative,negative,negative,negative,negative,negative,AIvsHuman,im beginner artists hate art least im ai prompterartist
Ugz2h2pp5ZhHQyH7yzZ4AaABAg,"This is spot on. I tried to make my game using AI images but I realized, as you point out, that I was cheating myself out of the fun part of making a game. I love to draw and paint, and even if the result looks nothing like other professional games, maybe that isn't so bad. At least it will look like something that I have made and that reflects my own taste and personality, it will look unique. I'm working on replacing all the generated images and it feels great and I have a much easier time identifying with and being proud of what I made.",positive,neutral,positive,positive,positive,positive,AIvsHuman,spot tried make game using ai images realized point cheating fun part making game love draw paint even result looks nothing like professional games maybe isnt bad least look like something made reflects taste personality look unique im working replacing generated images feels great much easier time identifying proud made
UgwyZLeF7prgb2Fb8_R4AaABAg,Highlights don't show how fabulous the midfield duo of Rodri and Fabian were this game,negative,positive,neutral,positive,positive,positive,Mundial,highlights dont show fabulous midfield duo rodri fabian game
UgyKbHpdsNieeXDy5g14AaABAg,"Unfortunately, I think the reason that the music industry has avoided this issue is simply the fact that who controls it are the massive studios, not musicians, that hold the rights to the songs. They have also fought for legislation to protect their profits for decades. The art industry simply doesn't have the same power to go after these companies at the moment. Hopefully that changes.",positive,negative,neutral,negative,negative,negative,AIvsHuman,unfortunately think reason music industry avoided issue simply fact controls massive studios musicians hold rights songs also fought legislation protect profits decades art industry simply doesnt power go companies moment hopefully changes
UgzKK3K4emto5jd2Hv14AaABAg,Rondo Goes the Hardest 💯,neutral,neutral,neutral,positive,neutral,neutral,Eurovision,rondo goes hardest
UgyrE9YThjSIPUFbmHV4AaABAg,FIFA choosed the right band...😭💜✨,positive,positive,neutral,positive,positive,positive,Mundial,fifa choosed right band
UgyBH2MRL38LW-n96IZ4AaABAg,Respect from Armenia to Greece,positive,positive,positive,positive,positive,positive,Eurovision,respect armenia greece
UgyMrhkg2r4Yhi4X2qd4AaABAg,i dont even know how to describe this game,neutral,positive,neutral,positive,positive,positive,Mundial,dont even know describe game
Ugyg1Ao_WgR-HaVqmMV4AaABAg,"Ah, that explains why its snowing in goddamn June",neutral,neutral,negative,negative,negative,negative,Climate,ah explains snowing goddamn june
UgzDJKYdDelOKScdGVF4AaABAg,GOAT In the thumbnail = Pure Aura,neutral,positive,neutral,positive,positive,positive,Mundial,goat thumbnail pure aura
UgwkiB6olmpe99oQCJJ4AaABAg,"4 years later, yet we haven't been any closer to world peace than that.",positive,positive,positive,positive,positive,positive,Eurovision,4 years later yet havent closer world peace
UgxOKQ3v6xzV9yP5NSd4AaABAg,"The astronomy homework anecdote really resonated with me.

Last year, an acquaintance asked me to edit an important essay she was writing to apply for humanitarian aid.
I obliged, and I spent a few hours rewriting sentences, adding suggestions to make it flow better, changing wording of phrases.
A lot of that time was spent on the phone _with_ her, explaining the thought processes behind changing stuff, discussing how much appealing to emotion is acceptable before it feels like exaggeration. We worked together to make an essay that described what she went through and why she deserved help.

Then near the end of editing, she revealed that she used Chat-GPT to write it. She was marveling over how easy it was and how great of a job it did. And my jaw just dropped. The original essay was horrible. The weird wording, the repetition, the fluff, the style. It suddenly made sense.
All that time I spent was because no matter what she puts into those prompts, that computer has never lived her life. The essay reeked of canned humanity. It wasn't real. It wasn't genuine. She ended up getting denied aid, but luckily her situation improved despite that. Idk if she wrote her own essay, if it would've been anywhere near good enough to get her aid, but it would've felt _real._

After that point, I started to notice just how much she uses generative Ai. All of the social media posts she'd make for our church felt like Ai, and later she ended up confirming it without me even asking. She'd send me funny Ai videos, or videos from influencers talking about how to use generative Ai to improve church media.

It is baffling to me
that in a time where the world craves authenticity,
people are latching onto something that strips all of that authenticity away.
Humanity has been replaced by convenience.",positive,neutral,neutral,negative,neutral,neutral,AIvsHuman,astronomy homework anecdote really resonated last year acquaintance asked edit important essay writing apply humanitarian aid obliged spent hours rewriting sentences adding suggestions make flow better changing wording phrases lot time spent phone _with_ explaining thought processes behind changing stuff discussing much appealing emotion acceptable feels like exaggeration worked together make essay described went deserved help near end editing revealed used chatgpt write marveling easy great job jaw dropped original essay horrible weird wording repetition fluff style suddenly made sense time spent matter puts prompts computer never lived life essay reeked canned humanity wasnt real wasnt genuine ended getting denied aid luckily situation improved despite idk wrote essay wouldve anywhere near good enough get aid wouldve felt _real_ point started notice much uses generative ai social media posts shed make church felt like ai later ended confirming without even asking shed send funny ai videos videos influencers talking use generative ai improve church media baffling time world craves authenticity people latching onto something strips authenticity away humanity replaced convenience
Ugy4jTa9D0R2OhWfNPZ4AaABAg,"AI should be useful to us, without being invasive. Consent. We would have to unplug completely to rid ourselves of the infringement.",negative,negative,neutral,negative,negative,negative,AIvsHuman,ai useful us without invasive consent would unplug completely rid infringement
UgyNDBbsnjQNOntqDvl4AaABAg,This result is a justice for Egypt. Congratulations Spain 🎉,positive,positive,positive,positive,positive,positive,Mundial,result justice egypt congratulations spain
UgybrHwrndQHF9SOr2p4AaABAg,The concept of any art commission that isn't a shitty sketch being priced at 6-8 dollars is insane in this economy.,positive,negative,negative,negative,negative,negative,AIvsHuman,concept art commission isnt shitty sketch priced 68 dollars insane economy
UgxZCM5yrR2Zea-Wzq94AaABAg,The fact that they changed their lyrics to fit the setting of the World Cup is one of the many reasons why they’re the goats,positive,neutral,positive,positive,positive,positive,Mundial,fact changed lyrics fit setting world cup one many reasons theyre goats
UgwRVgOt3Zrbfhdolyx4AaABAg,Argentina has to be one of the most hated teams in football history 😂,negative,negative,negative,negative,negative,negative,Mundial,argentina one hated teams football history
UgznlAmjKq_ZeaYcX5p4AaABAg,"Learn your craft, there are no short cuts.",negative,negative,negative,negative,negative,negative,AIvsHuman,learn craft short cuts
UgxivB1BRrsPDCIf-od4AaABAg,One of my all time favorite Eurovision songs. 💙,positive,positive,positive,positive,positive,positive,Eurovision,one time favorite eurovision songs
Ugx2VE0-SMZtSJiOyZh4AaABAg,"Artists are so goated that lazy, unimaginative losers wanna be us so bad💀",negative,negative,negative,negative,negative,negative,AIvsHuman,artists goated lazy unimaginative losers wanna us bad
Ugywfbn_scaW4I7mjAt4AaABAg,the only solution to this is to be a better consumer. we have to look for the people who still have something to say with their own voice and uplift them to the best of our ability.,positive,positive,neutral,neutral,neutral,neutral,AIvsHuman,solution better consumer look people still something say voice uplift best ability
UgwBlUi49UWuYE2P4I54AaABAg,"Supporting the status quo is not moderate. Defending the existence of the ultra rich and of corporations is not moderate. It is not moderate to say, ""Well the planet devouring demon is already here, our only choice is to figure out how to regulate it."" When the people in power are actively enabling the destruction of the planet, defending their existence is fanatical. It's beyond radical, it's just insane. Revolution is the moderate option. Self defense is the moderate option.",negative,negative,negative,neutral,neutral,negative,Climate,supporting status quo moderate defending existence ultra rich corporations moderate moderate say well planet devouring demon already choice figure regulate people power actively enabling destruction planet defending existence fanatical beyond radical insane revolution moderate option self defense moderate option
UgzAGzL_ilGbA0FXcu14AaABAg,Climate crisis is only one of many symptoms of overshoot.  No amount of alternative energy will change anything until overpopulation and over consumption are addressed.,positive,positive,positive,positive,positive,positive,Climate,climate crisis one many symptoms overshoot amount alternative energy change anything overpopulation consumption addressed
Ugyy7owg2SRFM1mHU1x4AaABAg,"I'm Vietnamese, and I think the people of Argentina are so lucky to have such a united team, and especially to have Messi on the field 👏👏👏",positive,positive,positive,positive,positive,positive,Mundial,im vietnamese think people argentina lucky united team especially messi field
Ugz64FGErWBjdAjqXqR4AaABAg,"The weather where I live (Southwestern Ontario) has changed A LOT since I was a kid in the 1970s.
It's very difficult to get people who live in places where they don't see much change in their weather from Jan - Dec. to believe climate change, unlike those of us in Canada who do see the changes happening.  Our summers are unbearably hot, (over 100° even at night hot) and in the winter we now get more rain than snow.  We used to get constant snow from November to April and now that only happens in January and February, the rest of the time it's rain, snow, rain, snow, rain, snow, etc.  While this past Christmas we did have snow on Christmas day the rain washed it away a couple of days later, and on Christmas day the two years previous it was raining.",neutral,neutral,negative,negative,negative,negative,Climate,weather live southwestern ontario changed lot since kid difficult get people live places dont see much change weather jan dec believe climate change unlike us canada see changes happening summers unbearably hot even night hot winter get rain snow used get constant snow november april happens january february rest time rain snow rain snow rain snow etc past christmas snow christmas day rain washed away couple days later christmas day two years previous raining
Ugx6ZmaGLn6V1dU35al4AaABAg,The production quality is well made I learned a lot from it.,positive,positive,positive,positive,positive,positive,Mundial,production quality well made learned lot
UgwXokCrFITYSy3AAPV4AaABAg,"In this match, Argentina perfectly demonstrated the spirit of teamwork and never giving up.",positive,positive,positive,positive,positive,positive,Mundial,match argentina perfectly demonstrated spirit teamwork never giving
UgwAeBKXvLF3c4QGxWR4AaABAg,"Here around San Francisco, we had a lovely warm-not-hot summer after a lovely rainy winter. I was counting on that continuing …",positive,positive,positive,positive,positive,positive,Climate,around san francisco lovely warmnothot summer lovely rainy winter counting continuing
Ugy2eqeCJoEbPjINKdR4AaABAg,"Central Cee Has made History. This song is a certified European Masterclass.
667 Ekip",neutral,neutral,neutral,positive,neutral,neutral,Eurovision,central cee made history song certified european masterclass 667 ekip
UgzLaQk2zkaF4eTxGtN4AaABAg,He just invented Gree-K-pop,neutral,positive,positive,positive,positive,positive,Eurovision,invented greekpop
UgzGsDAQBlvQaMrTRUt4AaABAg,Argentina had more red cards than attempts at goal in the whole 90 minutes of duration.,neutral,negative,negative,negative,negative,negative,Mundial,argentina red cards attempts goal whole 90 minutes duration
UgwhYffbThr1AP3H5wV4AaABAg,The goal keeper was equally responsible for Norways win ❤,positive,positive,positive,positive,positive,positive,Mundial,goal keeper equally responsible norways win
Ugya1TbUcN06UHhs8Mt4AaABAg,"Most known Eurovision songs ❌
Bros favourite songs ✅",neutral,neutral,neutral,neutral,neutral,neutral,Eurovision,known eurovision songs bros favourite songs
UgxcGqeiHkAki8MPtS94AaABAg,Anyone in June 2026 ?,neutral,neutral,neutral,positive,neutral,neutral,Eurovision,anyone june 2026
UgyV54Gn_k4vHvaBNe14AaABAg,"I lived in Phoenix for almost 30 years. When I first moved there, it was hot, but “winter” was 4 solid months of truly wonderful weather, enough to balance out the horrific summers. In 30 years that went down to 2.5 months and the summer peaks went up dramatically, with more days over 110 a record being broken year after year after year… needless to say I got out",neutral,neutral,negative,positive,positive,positive,Climate,lived phoenix almost years first moved hot winter solid months truly wonderful weather enough balance horrific summers years went months summer peaks went dramatically days record broken year year year needless say got
UgxEMilo7jWtVU2oamR4AaABAg,"The real challenges,  denial!  The term you are looking for is **normalcy bias** (sometimes called the ostrich effect, though normalcy bias is the precise psychological term for disaster response).

It is a cognitive bias that causes people to underestimate both the likelihood of a disaster and its potential effects.",positive,positive,neutral,positive,positive,positive,Climate,real challenges denial term looking normalcy bias sometimes called ostrich effect though normalcy bias precise psychological term disaster response cognitive bias causes people underestimate likelihood disaster potential effects
UgwxA0ASUqDpRv9o8IN4AaABAg,I'm sitting on a runaway train with a cat on my lap and wondering how fast we're accelerating now.,positive,positive,neutral,positive,positive,positive,Climate,im sitting runaway train cat lap wondering fast accelerating
UgzWsN9FD9JGXZfRkO54AaABAg,"Spain is the literal definition of ""teamwork makes the dream work""",positive,positive,positive,positive,positive,positive,Mundial,spain literal definition teamwork makes dream work
UgxQLaujkjVv0xaSA6x4AaABAg,Click here to subscribe to our channel 👉🏽 https://bbc.in/3VyyriM,neutral,neutral,neutral,neutral,neutral,neutral,AIvsHuman,click subscribe channel
UgxSq4dvkjFI_BGFoUN4AaABAg,That 2nd goal from Halland have hurt brazil more than anything.,negative,positive,positive,positive,positive,positive,Mundial,2nd goal halland hurt brazil anything
UgyRC8qskdRrqf5SK5l4AaABAg,Who ever made the transition from a firework to a smoking blunt need a rise!!! That was WAYYYY TOO CLEAN,positive,positive,neutral,positive,positive,positive,Eurovision,ever made transition firework smoking blunt need rise wayyyy clean
Ugy7MeyMOMnJrbX1Rkp4AaABAg,"Never seen a team so confident as to consistently comeback at 80+ minutes at this level.... Whatever happens, this Argentine team will not lose the final. Not after passing through so many struggles & tests.

 This Argentine team is not behaving like a "" team"" but rather like a "" cult"" following Messi. Spain knows that even if they lead by two goals, it's not over till final whistle. It's scary...",negative,positive,neutral,neutral,neutral,neutral,Mundial,never seen team confident consistently comeback 80 minutes level whatever happens argentine team lose final passing many struggles tests argentine team behaving like team rather like cult following messi spain knows even lead two goals till final whistle scary
UgxIB1XJyOy3RTlp7el4AaABAg,"You have done well to describe the situation, no shock value, no outrageous claims, just common sense, backed by science and thought, thanks mate!!",positive,positive,neutral,positive,positive,positive,Climate,done well describe situation shock value outrageous claims common sense backed science thought thanks mate
UgweWBuU-mK920tSADR4AaABAg,"Not a single attack of Argentina in highlights!

This shows the absolute dominance of Spain. Well deserved 🎉",positive,positive,negative,positive,positive,positive,Mundial,single attack argentina highlights shows absolute dominance spain well deserved
UgxLX5QkbogbLsXnL314AaABAg,Sad to see how few viewers are here. 💔🌎,negative,negative,negative,negative,negative,negative,Climate,sad see viewers
UgyhvkrJ-WEsQeTcomR4AaABAg,Wisconsin got so warm this year around 50 + degrees. Warm enough to go out in shorts. I don't remember winter being this warm in the 90s as a kid growing up.,positive,positive,positive,positive,positive,positive,Climate,wisconsin got warm year around degrees warm enough go shorts dont remember winter warm kid growing
Ugz7NnQ-0iUjDWo4E5V4AaABAg,The goal that saved the world from noise pollution. 😊,positive,positive,positive,positive,positive,positive,Mundial,goal saved world noise pollution
Ugx_fdfV1iW7w6h5M214AaABAg,Oyarzarbal’s penalty was absolutely world class. None of the stuttering theatrics,negative,positive,neutral,positive,positive,positive,Mundial,oyarzarbals penalty absolutely world class none stuttering theatrics
UgzaxdjPSOiwnoTy7JR4AaABAg,This video feels like it has the nuance other discussions about ai lack,positive,neutral,positive,positive,positive,positive,AIvsHuman,video feels like nuance discussions ai lack
UgwenXZU55Jw3AdRYA54AaABAg,"""Wow, very nice art.""

*I say as I walk away with a suspicious shaped looking throat*

Edit: Say Gex

Edit 2: I'm lowkey happy everyone is actually saying Gex 😭, It was supposed to be a gay joke now I've created a cult Of Gex 😭

Edit 3: I created a Gex cult 🙏🙏",positive,neutral,positive,neutral,positive,positive,AIvsHuman,wow nice art say walk away suspicious shaped looking throat edit say gex edit 2 im lowkey happy everyone actually saying gex supposed gay joke ive created cult gex edit 3 created gex cult
UgyMaqYUdsGFf_miRzl4AaABAg,Honestly AI has affected so many artists it's insane so I'm glad that a big artist like you are talking about the situation,positive,neutral,positive,positive,positive,positive,AIvsHuman,honestly ai affected many artists insane im glad big artist like talking situation
UgzJ6hkSdzNhJ5xfpdt4AaABAg,the fact they did this MID tour probably jet lagged and still managed to pull off a great performance is just what BANGTAN does 💜,positive,neutral,positive,positive,positive,positive,Mundial,fact mid tour probably jet lagged still managed pull great performance bangtan
Ugz3Igiy8kS3sAm9NC54AaABAg,Barking up the wrong system,negative,negative,negative,negative,negative,negative,Climate,barking wrong system
UgwpKq3awX3iwv_lMw54AaABAg,"Hey guys, had to do a reupload because there was a pretty major audio issue on the first one. Whoops! Thanks as always for watching, and your patience.I can't express how grateful I am for you guys to actually watch what I do.
If you want to continue supporting me consider giving my patreon a checkout: 
 https://www.patreon.com/c/PaulPlatt",positive,neutral,positive,neutral,positive,positive,AIvsHuman,hey guys reupload pretty major audio issue first one whoops thanks always watching patiencei cant express grateful guys actually watch want continue supporting consider giving patreon checkout
UgwYrSlBYgETKMfsbZR4AaABAg,Laura is incredible ❤❤❤ Robbie and Nicole as well 🎉🎉,positive,neutral,positive,positive,positive,positive,Mundial,laura incredible robbie nicole well
UgzLywNf_nMqp80eeV54AaABAg,"From Jungkook performing alone in 2022 to BTS performing together in 2026 for the FIFA!!!!! 
WE HAVE COME SO FAR 🥹💜",positive,neutral,neutral,positive,positive,positive,Mundial,jungkook performing alone 2022 bts performing together 2026 fifa come far
Ugyyq5l7LP2aqO5AYs94AaABAg,"Quick question, does El Niño also intensify hurricanes and tornadoes like it did in 2011 with the super outbreak?",neutral,positive,positive,positive,positive,positive,Climate,quick question el nio also intensify hurricanes tornadoes like super outbreak
UgwJ3RkoibfSMf--jTt4AaABAg,gonna tell my kids this was Helen of Troy,neutral,neutral,neutral,neutral,neutral,neutral,Eurovision,gonna tell kids helen troy
UgzkER75CXxEs6ylJLh4AaABAg,"The question of the decade will be: ""Do we get on or under trains?""",neutral,negative,neutral,neutral,neutral,neutral,AIvsHuman,question decade get trains
Ugyzga6wfyLXTxS7U2d4AaABAg,I'm still listening this song during quarantine days in Istanbul.,neutral,neutral,positive,neutral,neutral,neutral,Eurovision,im still listening song quarantine days istanbul
UgzQmpfCezuHCGKGLLx4AaABAg,"I live in Johannesburg, South Africa, which is around 1700m above seal level. According to almost everyone I know, this has been the most humid summer we have ever had. And it shows in the plants and insects (we have mosquito's from Asia here this summer that we have never had before).",positive,positive,positive,positive,positive,positive,Climate,live johannesburg south africa around seal level according almost everyone know humid summer ever shows plants insects mosquitos asia summer never
UgwMUS0VIyPbDS1V2i54AaABAg,"As Tony Kroos said: ""Football won.""",positive,positive,positive,positive,positive,positive,Mundial,tony kroos said football
UgxoFH0Ih0ktMB9wtP54AaABAg,"The lines.. they're too clean.. *cutely ate lines*


Edit: i forgot the art style!! *Eats art style*",positive,positive,positive,neutral,positive,positive,AIvsHuman,lines theyre clean cutely ate lines edit forgot art style eats art style
UgxGMm4-jiCcip10iFF4AaABAg,I cant breathe bro the way i started attacking the paper 😭😭😭 your drawings are so good,negative,positive,positive,positive,positive,positive,AIvsHuman,cant breathe bro way started attacking paper drawings good
UgwsV_lmwMGpl2S74tt4AaABAg,"Spain don't depends on one player, they're playing as a team. 
Congratulations Spain.",positive,positive,positive,positive,positive,positive,Mundial,spain dont depends one player theyre playing team congratulations spain
Ugw8Zp4BnOCxUvrQ8g54AaABAg,"AI raises questions not by replacing artists, but by removing the friction that makes art meaningful.",positive,neutral,neutral,negative,neutral,neutral,AIvsHuman,ai raises questions replacing artists removing friction makes art meaningful
UgwXcGVwgxqGRRkkjXx4AaABAg,"As a creative worker, AI seems to make everything easier, but only in the short term. But we don't know how it will impact us in the long term",positive,neutral,neutral,negative,neutral,neutral,AIvsHuman,creative worker ai seems make everything easier short term dont know impact us long term
UgxG7X5X1LYfPvLsv_p4AaABAg,"My vote for Greece from Georgia. Akylas is unbelievably brilliant. Wishing you victory, Greeks!💙💙🫶",positive,positive,positive,positive,positive,positive,Eurovision,vote greece georgia akylas unbelievably brilliant wishing victory greeks
UgyiU8jxX7ZfvGiim1x4AaABAg,"FACT: ""CLIMATE CHANGE"" IS FRAUD. CO2 EMISSIONS DON'T MATTER.",neutral,neutral,negative,negative,negative,negative,Climate,fact climate change fraud co emissions dont matter
Ugyj66MjgsSwGj2H9PB4AaABAg,"Fun fact: Argentina had no shots on goal for the entire 120 minutes, implying that Spain could have won even without the goalkeeper",positive,negative,negative,negative,negative,negative,Mundial,fun fact argentina shots goal entire 120 minutes implying spain could even without goalkeeper
UgwjreByLjWvzaQ87uN4AaABAg,"That performance was incredible. It felt like watching a complete, professionally produced video song live.",positive,positive,positive,positive,positive,positive,Eurovision,performance incredible felt like watching complete professionally produced video song live
UgxUkl0_F4wEKtxPe-94AaABAg,"Literally every single person on Earth needs to sit down and watch this, maybe even twice. This is what is important, TO US ALL",positive,positive,neutral,positive,positive,positive,Climate,literally every single person earth needs sit watch maybe even twice important us
UgzstUC3RRIWu_m8hLt4AaABAg,Congratulations to Spain and all its citizens.  Keep Winning,positive,positive,positive,positive,positive,positive,Mundial,congratulations spain citizens keep winning
UgzJXXs6t1ZVqibe4l54AaABAg,Its all gonna get solved. We just need more data centers.,positive,positive,positive,positive,positive,positive,Climate,gonna get solved need data centers
Ugxa836KtOeQ-4YS5wp4AaABAg,using ai is like driving a marathon and getting mad when no one is impressed.,positive,negative,negative,negative,negative,negative,AIvsHuman,using ai like driving marathon getting mad one impressed
UgwFzixb7F59kx8iZf54AaABAg,"He sings ""I want GLORY, ETERNITY, and MONEY"", and the three rooms represent that: a fan wearing merch with his pictures on her wall, an ancient Greek statue, and pure gold. Great staging!!",positive,positive,positive,positive,positive,positive,Eurovision,sings want glory eternity money three rooms represent fan wearing merch pictures wall ancient greek statue pure gold great staging
Ugwnu2NI2H7Smzf2vs54AaABAg,a copy of that van gogh night painting always held above my parents bed. i'm really nostalgic for it.,neutral,neutral,positive,positive,positive,positive,AIvsHuman,copy van gogh night painting always held parents bed im really nostalgic
Ugxe0IWVebkIS5L7RcR4AaABAg,"1st listen: meh
10th listen: its okay
20th listen: BANGARANGARAN!",positive,positive,neutral,positive,positive,positive,Eurovision,1st listen meh 10th listen okay 20th listen bangarangaran
Ugx-jj4m1hWNXe7u4wl4AaABAg,The better country won! Viva España!,positive,positive,positive,positive,positive,positive,Mundial,better country viva españa
UgybH6wrZgjee-siNOB4AaABAg,How can we stop accidentally  using AI when we use our  computers?,neutral,neutral,negative,positive,positive,positive,Climate,stop accidentally using ai use computers
UgzhKHblOW3_hywCK2h4AaABAg,"""ΑΓΑΠΩΣΕ ΚΥΠΡΟ"" 3:17 🥹🫠means I LOVE YOU CYPRUS, for those wondering.... She made us proud even if the final place wasn't the respectful one! Thank you Antigoni! You gave all of yourself that night and we appreciate it! I'm very happy for you and us ❤",positive,positive,positive,positive,positive,positive,Eurovision,αγαπωσε κυπρο 317 means love cyprus wondering made us proud even final place wasnt respectful one thank antigoni gave night appreciate im happy us
UgyWE-2_emSdteOOnNF4AaABAg,"BTS brought a new atmosphere to the stadium, thanks to FIFA for inviting them.
Edit: Thanks for the likes",positive,neutral,neutral,positive,positive,positive,Mundial,bts brought new atmosphere stadium thanks fifa inviting edit thanks likes
UgyQlbs7jWw0XTMtO2V4AaABAg,I'm from Turkey and I think Turkey and Greece made Eurovision what it is today. <3,positive,positive,positive,positive,positive,positive,Eurovision,im turkey think turkey greece made eurovision today 3
UgxAvDrRNZJVLUANeX54AaABAg,"As a French supporter, France was completely absent throughout the entire match... Spain deserves victory",positive,negative,neutral,negative,negative,negative,Mundial,french supporter france completely absent throughout entire match spain deserves victory
Ugy_pPu36xpnPRNiicp4AaABAg,"I do traditional art, I am absolutely terrible at digital art, I have so much respect for digital artists 😭",negative,positive,positive,positive,positive,positive,AIvsHuman,traditional art absolutely terrible digital art much respect digital artists
Ugz25BrJ5dnBMAnZ62N4AaABAg,Messi is the only player in history to move like his prime days at the age of 39 he is insane,negative,positive,positive,positive,positive,positive,Mundial,messi player history move like prime days age 39 insane
UgweQTVzt9wnbaAQmGl4AaABAg,"Using ai to generate reference images is pretty counterproductive. The whole point of reference images is to visualize reality. You’re not going to get proper proportions and anatomy with an ai image, it’ll only set you back on progressing your art skills. Even lighting will be a problem too; rarely do ai images have a logical light source",positive,negative,negative,negative,negative,negative,AIvsHuman,using ai generate reference images pretty counterproductive whole point reference images visualize reality youre going get proper proportions anatomy ai image itll set back progressing art skills even lighting problem rarely ai images logical light source
UgxZmk2luG6TBQZgVEd4AaABAg,Please tag my username somewhere. I made the video starting 3 minutes until the end. Thanks!,positive,neutral,neutral,neutral,neutral,neutral,AIvsHuman,please tag username somewhere made video starting 3 minutes end thanks
Ugz9aOt_xBPw9rBnG2N4AaABAg,Haaland is a freaking tank and their goalkeeper is another. The viking comeback!,negative,positive,positive,positive,positive,positive,Mundial,haaland freaking tank goalkeeper another viking comeback
UgxhtxvCZbWvKYcq1RF4AaABAg,Anyone During this world cup 2026?😊😊,positive,neutral,neutral,neutral,neutral,neutral,Eurovision,anyone world cup 2026
UgzmUAEYWiX_XsNKlaR4AaABAg,"So in other words all our ""efforts"" to protect the planet arent working and since we wanna fa...we gonna fo",negative,negative,negative,neutral,neutral,negative,Climate,words efforts protect planet arent working since wanna fawe gonna fo
UgxIuJp9eOXQNE7kJJN4AaABAg,Grate TEDx. I hope someday we win agenst AI.,positive,positive,positive,positive,positive,positive,AIvsHuman,grate tedx hope someday win agenst ai
UgwlOY0Q8bjV-oFYBTl4AaABAg,"I am from a country in the Pacific. Before we only have up to Signal No. 4 for storms. Now its up to Signal No. 5 the bad thing about it is we are not even a big carbon emitter but we always have the strongest storms every year . And its serious. Its killing infrastructure, and lives.",negative,negative,negative,negative,negative,negative,Climate,country pacific signal storms signal bad thing even big carbon emitter always strongest storms every year serious killing infrastructure lives
UgyJk_j2k3vtrjZs2yx4AaABAg,I didn't knew arcade and fairytale where in Eurovision. Fairytale has been for years one of my grandma's ringtones so I know it from there. And I've been looking for arcade recently but didn't knew how it went or how it's called. Thank you!!!,positive,positive,positive,positive,positive,positive,Eurovision,didnt knew arcade fairytale eurovision fairytale years one grandmas ringtones know ive looking arcade recently didnt knew went called thank
UgzGHLLQVmB6mOw6gXx4AaABAg,So you’re telling me the switch to papers straws didn’t work?,neutral,neutral,negative,neutral,neutral,neutral,Climate,youre telling switch papers straws didnt work
UgyAn1W9f3Bv6i-pVfd4AaABAg,"_____✏️_____

""Pick it up.""
""Pick. It. Up.""",neutral,neutral,neutral,neutral,neutral,neutral,AIvsHuman,__________ pick pick
UgzUyjbUdxwpe6e5ijN4AaABAg,12 points from Poland go to BULGARIA BANGARANGA LOVE U 🇵🇱❤️🇧🇬,positive,positive,positive,positive,positive,positive,Eurovision,12 points poland go bulgaria bangaranga love u
UgysK_uELWLKDFKyeRl4AaABAg,"Absolutely zero chance of reaching peak emissions in the next 3 years, unfortunately.",negative,negative,negative,neutral,neutral,negative,Climate,absolutely zero chance reaching peak emissions next years unfortunately
UgzN9KMTYaQf-tT0ARl4AaABAg,Your art style is actually insane oh my gosh I feel like I just had 10 years added to my lifespan,negative,negative,positive,positive,positive,positive,AIvsHuman,art style actually insane oh gosh feel like 10 years added lifespan
Ugyd3w6CkHEya6_lHHN4AaABAg,Thank you Messi. Seeing you play so well in all of your matches and reaching the Final was wonderful to see. I am grateful that I got to see you and Ronaldo score goals again. I feel like my childhood has come to an end. I will surely watch the next World Cup with passion but I will be a married man. Thanks for all the wonderful memories.,positive,positive,positive,positive,positive,positive,Mundial,thank messi seeing play well matches reaching final wonderful see grateful got see ronaldo score goals feel like childhood come end surely watch next world cup passion married man thanks wonderful memories
UgwmU_ITklPA-0Hg2HZ4AaABAg,"This song, man..... I knew this song once both nations' flags entered. and this full, man... simply made my ears blessed",positive,neutral,neutral,positive,positive,positive,Mundial,song man knew song nations flags entered full man simply made ears blessed
UgyVTN1Vc_GpfUpqJWV4AaABAg,I am 72. Weather in winter rarely includes snow or ice events compared to the 50s and 60s. It is astounding to hear our current U.S. leaders deny climate change.,positive,positive,positive,positive,positive,positive,Climate,weather winter rarely includes snow ice events compared astounding hear current us leaders deny climate change
