id,text,ai_opinion,Alex,Panagiotis,Athina,Antonia,Final Opinion,Topic,cleaned_text
UgzWVRZ_47oUAr11vk54AaABAg,The most deserved win at the whole tournament. Absolute domination,positive,positive,positive,positive,positive,positive,Mundial,deserved win whole tournament absolute domination
Ugzyu5tQ4xFCLNnQk_Z4AaABAg,Spain had more goals disallowed than Argentina even attempted ,neutral,positive,negative,negative,negative,negative,Mundial,spain goals disallowed argentina even attempted
Ugw14A8gvyoh7uu-MLB4AaABAg,That goalkeeper contributed more than the whole team.,neutral,positive,negative,positive,positive,positive,Mundial,goalkeeper contributed whole team
Ugyj66MjgsSwGj2H9PB4AaABAg,"Fun fact: Argentina had no shots on goal for the entire 120 minutes, implying that Spain could have won even without the goalkeeper",positive,negative,negative,negative,negative,negative,Mundial,fun fact argentina shots goal entire 120 minutes implying spain could even without goalkeeper
UgyQEErcOLPdwEGxXrx4AaABAg,"Argentina did not deserve to play in the World Cup final because they relied on excessive physicality, dirty play, and gamesmanship rather than fair competition.",negative,negative,negative,negative,negative,negative,Mundial,argentina deserve play world cup final relied excessive physicality dirty play gamesmanship rather fair competition
UgyOrqXa36oB98MHBCp4AaABAg,Spain overwhelmed Argentina in both performance and manners.,positive,positive,neutral,negative,positive,positive,Mundial,spain overwhelmed argentina performance manners
UgweWBuU-mK920tSADR4AaABAg,"Not a single attack of Argentina in highlights!

This shows the absolute dominance of Spain. Well deserved 🎉",positive,positive,negative,positive,positive,positive,Mundial,single attack argentina highlights shows absolute dominance spain well deserved
Ugxy8J51BiBiYZ581rp4AaABAg,"As Turks, we were rooting for Spain and praying for their success. We are ecstatic that Spain won this match. Congratulations, Spain! You truly earned it",positive,positive,positive,positive,positive,positive,Mundial,turks rooting spain praying success ecstatic spain match congratulations spain truly earned
UgxE4HZnM-0LvqYKjLh4AaABAg,The game was basically Spain vs Martinez ft. Argentina,neutral,positive,negative,neutral,neutral,neutral,Mundial,game basically spain vs martinez ft argentina
Ugzop-1EPlPCFEMS6vR4AaABAg,Argentina played a really dirty game. Congratulations to Spain on winning the title!,positive,positive,neutral,positive,positive,positive,Mundial,argentina played really dirty game congratulations spain winning title
Ugw0hjaQLFz8nZON-NN4AaABAg,Argentina had a messi. Spain had a team.,neutral,positive,neutral,positive,neutral,neutral,Mundial,argentina messi spain team
UgwRVgOt3Zrbfhdolyx4AaABAg,Argentina has to be one of the most hated teams in football history 😂,negative,negative,negative,negative,negative,negative,Mundial,argentina one hated teams football history
UgzRkj78yI_5bez_9HR4AaABAg,Argentina becomes the first team to have more fights than shots on target 🏆,negative,negative,negative,negative,negative,negative,Mundial,argentina becomes first team fights shots target
UgzAWc8P_XbJ9flDHZ94AaABAg,"As a football fan, never rooted for Spain this hard in my life. Thank you for saving football.",positive,positive,positive,positive,positive,positive,Mundial,football fan never rooted spain hard life thank saving football
UgyNDBbsnjQNOntqDvl4AaABAg,This result is a justice for Egypt. Congratulations Spain 🎉,positive,positive,positive,positive,positive,positive,Mundial,result justice egypt congratulations spain
UgyasPaWbOOUvsuwexN4AaABAg,It would be unfair for Argentina to win with such a rough and unforgiving game. Spain trained and won. Spain played football. Congratulations from Uzbekistan,positive,positive,negative,positive,positive,positive,Mundial,would unfair argentina win rough unforgiving game spain trained spain played football congratulations uzbekistan
Ugy-Zp8Y2AzqCTn_Z_J4AaABAg,Argentina would have lost 4-0 if it weren’t for Martinez,negative,negative,neutral,positive,negative,negative,Mundial,argentina would lost 40 werent martinez
Ugzj_3cfO9wISF2ec2F4AaABAg,"*I’ve never been so satisfied in a long time, thank you Spain for saving footbal.*",positive,positive,positive,positive,positive,positive,Mundial,ive never satisfied long time thank spain saving footbal
UgyE2QkwnaOC79qrzAl4AaABAg,Love from Pakistan.. Congratulations Spain,positive,positive,positive,positive,positive,positive,Mundial,love pakistan congratulations spain
UgzGsDAQBlvQaMrTRUt4AaABAg,Argentina had more red cards than attempts at goal in the whole 90 minutes of duration.,neutral,negative,negative,negative,negative,negative,Mundial,argentina red cards attempts goal whole 90 minutes duration
UgwMUS0VIyPbDS1V2i54AaABAg,"As Tony Kroos said: ""Football won.""",positive,positive,positive,positive,positive,positive,Mundial,tony kroos said football
Ugx_-cjfLAZ7gzARLw14AaABAg,"*_""Football Won""_*

*- Toni Kroos* 🇩🇪🤝🇪🇸",positive,positive,positive,positive,positive,positive,Mundial,_football won_ toni kroos
Ugx2q5zLy0xyc-8qWyp4AaABAg,"Fun fact, Spain only conceded a single goal throughout this entire tournament. Well deserved win",positive,positive,negative,positive,positive,positive,Mundial,fun fact spain conceded single goal throughout entire tournament well deserved win
UgzzREbDVeEJO9xEshl4AaABAg,Was Argentina aware that they could shoot to score instead of shooting to foul? Football won today!,positive,negative,negative,negative,negative,negative,Mundial,argentina aware could shoot score instead shooting foul football today
UgwgRZmdltp5zOj4qVt4AaABAg,Thank you Spain for saving the art of football,positive,positive,positive,positive,positive,positive,Mundial,thank spain saving art football
UgyTrWHlWPzRsSIsT9J4AaABAg,""" Iced Tea and a game of Football ""  😮 they Changed the lyrics . Ohhh so iconic",neutral,neutral,neutral,positive,neutral,neutral,Mundial,iced tea game football changed lyrics ohhh iconic
Ugw0t4SnK_uqQ7WDtNB4AaABAg,"fun fact:
bts had their concert in paris the day before. as soon as the concert was over, they caught an eight hour flight. when they landed, they began rehearsing for the performance. they gave the world such an amazing experience even after getting no rest. this is bts.",positive,neutral,positive,positive,positive,positive,Mundial,fun fact bts concert paris day soon concert caught eight hour flight landed began rehearsing performance gave world amazing experience even getting rest bts
Ugyzir4efqcA-sYcNwJ4AaABAg,"No matter how massive they become or how big the stadium is, they still perform with the exact same hunger and dedication as day one. That's why I'll always be proud to be an ARMY. I hope they continue to fly even higher because all their hard work and dedication deserve nothing less❤",positive,neutral,positive,positive,positive,positive,Mundial,matter massive become big stadium still perform exact hunger dedication day one thats ill always proud army hope continue fly even higher hard work dedication deserve nothing less
UgyCYFnsYhU0SBNrvRx4AaABAg,"yoongi said ""paris to new york"" 11years ago. Again Yoongi gets what he wants.",neutral,neutral,neutral,positive,neutral,neutral,Mundial,yoongi said paris new york 11years ago yoongi gets wants
Ugznlx2qbMqGFSzAHER4AaABAg,The guys pulled that performance off in less than 24 hrs from their show in Paris last night. So proud of them.,positive,neutral,negative,positive,positive,positive,Mundial,guys pulled performance less 24 hrs show paris last night proud
Ugys1LfkqUid4LcwS0N4AaABAg,They gave them 1 m8n 45 sec and they said let's make history❤,positive,neutral,positive,positive,positive,positive,Mundial,gave 1 m8n 45 sec said lets make history
UgxM1AtXIzGrwjPihgd4AaABAg,One of only a few performances at the World Cup that was done live without lip syncing. Respect❤,positive,neutral,positive,positive,positive,positive,Mundial,one performances world cup done live without lip syncing respect
UgwJ6Z3rZ1dS1f_yCDJ4AaABAg,"""King kong, kick the ball"" & ""Iced tea and a game of football"" They're SO iconic for this... so so happy & proud right now💜",positive,neutral,positive,positive,positive,positive,Mundial,king kong kick ball iced tea game football theyre iconic happy proud right
UgxZCM5yrR2Zea-Wzq94AaABAg,The fact that they changed their lyrics to fit the setting of the World Cup is one of the many reasons why they’re the goats,positive,neutral,positive,positive,positive,positive,Mundial,fact changed lyrics fit setting world cup one many reasons theyre goats
UgzhE3qNASofayccqJd4AaABAg,imagine being chosen to perform at the first-ever halftime show of the biggest sporting event in the world and then returning to the exact same stadium next month for your sold-out concerts… yeah that’s the biggest band in the world BTS!,positive,neutral,neutral,positive,neutral,neutral,Mundial,imagine chosen perform firstever halftime show biggest sporting event world returning exact stadium next month soldout concerts yeah thats biggest band world bts
Ugw9bzJHWT7-vkmRwdd4AaABAg,I’m obsessed with this performance wanted more!,negative,positive,positive,positive,positive,positive,Mundial,im obsessed performance wanted
Ugzcftf_3Dv8qEBfYJV4AaABAg,The only group artist i'll never get tired of watching❤,positive,neutral,positive,positive,positive,positive,Mundial,group artist ill never get tired watching
Ugy-a8rYgwsQIr6gttN4AaABAg,BTS gained a lot of fans again after these performances but why they only get 1:51 mins,positive,neutral,neutral,positive,neutral,neutral,Mundial,bts gained lot fans performances get 151 mins
Ugwm320dpjnEzQnZr5x4AaABAg,The only performance I loved from the show. BTS once again showed the word their artistic work,positive,neutral,positive,positive,positive,positive,Mundial,performance loved show bts showed word artistic work
UgyWE-2_emSdteOOnNF4AaABAg,"BTS brought a new atmosphere to the stadium, thanks to FIFA for inviting them.
Edit: Thanks for the likes",positive,neutral,neutral,positive,positive,positive,Mundial,bts brought new atmosphere stadium thanks fifa inviting edit thanks likes
UgyNUD3-wLmq5i8ysrt4AaABAg,"Less than 24 hours they were performing in Paris with the highest audience 92,000 thousand.Thank you BTS for your hardwork.We love so much",positive,neutral,neutral,positive,positive,positive,Mundial,less 24 hours performing paris highest audience 92000 thousandthank bts hardworkwe love much
UgzJ6hkSdzNhJ5xfpdt4AaABAg,the fact they did this MID tour probably jet lagged and still managed to pull off a great performance is just what BANGTAN does 💜,positive,neutral,positive,positive,positive,positive,Mundial,fact mid tour probably jet lagged still managed pull great performance bangtan
UgzyI3EhF49DfHEziVN4AaABAg,Jungkook’s intro is iconic. 🔥,negative,neutral,positive,positive,positive,positive,Mundial,jungkooks intro iconic
UgypQ8FfkT_-xEuAh3R4AaABAg,The transition from the Viking row celebration to Jungkook 💯,neutral,positive,positive,positive,positive,positive,Mundial,transition viking row celebration jungkook
UgyrE9YThjSIPUFbmHV4AaABAg,FIFA choosed the right band...😭💜✨,positive,positive,neutral,positive,positive,positive,Mundial,fifa choosed right band
UgzuTYD-b81aICXV-Mx4AaABAg,1 min 51 was enough for them to own the whole stadium 🏟️🙌🏻💜,positive,neutral,positive,positive,positive,positive,Mundial,1 min 51 enough whole stadium
UgyCk5EVKzmcd0d3-GV4AaABAg,"This demonstrates that they don't need much to stand out—not even two minutes. They showed up, performed, and completely crushed it. Everyone else was left staring in awe. There's a reason BTS is known as the kings; it's not just empty talk",negative,neutral,positive,positive,positive,positive,Mundial,demonstrates dont need much stand outnot even two minutes showed performed completely crushed everyone else left staring awe theres reason bts known kings empty talk
Ugx4r8E8owqp7SUFKFh4AaABAg,"Who's gonna tell the boys with eyeliner will perform at the fifa world cup oneday, we are so proud of you!",positive,neutral,neutral,positive,positive,positive,Mundial,whos gonna tell boys eyeliner perform fifa world cup oneday proud
Ugzwb_UFNR7OlYebN0J4AaABAg,No one owns the stage like BTS. Absolute legends!!,positive,neutral,positive,positive,positive,positive,Mundial,one owns stage like bts absolute legends
Ugx5i1vG7R0IlOsoPQl4AaABAg,The only bad thing about this is that it wasn't long enough 😂,negative,neutral,neutral,positive,neutral,neutral,Mundial,bad thing wasnt long enough
UgxoqbCFAGGHG87Bb154AaABAg,Why does all Argentina matches feels like a world cup final bro 😭❤‍🔥,negative,positive,positive,positive,positive,positive,Mundial,argentina matches feels like world cup final bro
Ugw9ljfcoK1fwWAhwOx4AaABAg,We thought Messi reached his peak last World Cup until he carried Argentina to possible back-2-back title at the age of 39 years old. Insane longevity!,negative,positive,positive,positive,positive,positive,Mundial,thought messi reached peak last world cup carried argentina possible back2back title age 39 years old insane longevity
Ugyy7owg2SRFM1mHU1x4AaABAg,"I'm Vietnamese, and I think the people of Argentina are so lucky to have such a united team, and especially to have Messi on the field 👏👏👏",positive,positive,positive,positive,positive,positive,Mundial,im vietnamese think people argentina lucky united team especially messi field
Ugxl4iZaNcLykwLkxjd4AaABAg,This tournament has shown the clear difference between Messi and the rest. THE GOAT,positive,positive,positive,positive,positive,positive,Mundial,tournament shown clear difference messi rest goat
Ugy0MDcGLmdOWgXFYeZ4AaABAg,This legit felt like an anime episode. They really won with the power of friendship. 😭,positive,positive,positive,positive,positive,positive,Mundial,legit felt like anime episode really power friendship
UgwIFLTYnclCzRlnSvx4AaABAg,"if no goal do assist 
If no assist score goal 
Best playmaker , Brilliant Messi .",positive,positive,positive,positive,positive,positive,Mundial,goal assist assist score goal best playmaker brilliant messi
Ugxw9ptXoIZTR7iqMsd4AaABAg,Messi went from competing with Ronaldo for a decade to prime Mbappe for golden boot and Yamal in the final at the age of 39 years old. Insane longevity! 🐐,negative,positive,neutral,positive,positive,positive,Mundial,messi went competing ronaldo decade prime mbappe golden boot yamal final age 39 years old insane longevity
UgwXVDlb5ACnBx6TQGB4AaABAg,"This old Messi reminds me of the old Zidane who carried France into the final WC2006. Hope Messi will get better result and touch the golden cup one more time, then the debate who’s GOAT would come to an end.",positive,positive,neutral,positive,positive,positive,Mundial,old messi reminds old zidane carried france final wc2006 hope messi get better result touch golden cup one time debate whos goat would come end
UgzqT8-vPYOdL-R8i7d4AaABAg,39 years old still the best player in the world！UNBELIEVABLE！,positive,positive,positive,positive,positive,positive,Mundial,39 years old still best player worldunbelievable
UgxiIEJF7g764qHthXl4AaABAg,"Whatever Argentina takes in the second hydration break in every match, I need it.",neutral,positive,neutral,positive,neutral,neutral,Mundial,whatever argentina takes second hydration break every match need
UgzCAzpGdaYCYjQ3GkZ4AaABAg,"I really thought Argentina had lost against England in 80 minutes, Suddenly they pulled off the comeback, What a great match.",positive,positive,neutral,positive,positive,positive,Mundial,really thought argentina lost england 80 minutes suddenly pulled comeback great match
UgxRZzTRh43d8ofo1GB4AaABAg,"This is one of the best comebacks I've ever seen at the Worlds Cup.
Congrats to Argentina and Spain for making it to the final.",positive,positive,positive,positive,positive,positive,Mundial,one best comebacks ive ever seen worlds cup congrats argentina spain making final
UgyaIrtgz1cvcocmz-x4AaABAg,Messi deserves best young players award 🗿🐐,positive,positive,positive,positive,positive,positive,Mundial,messi deserves best young players award
UgxxLmxKzzLcdDXMHa54AaABAg,"ARGENTINA THE BEST, NEVER GIVES UP!",positive,positive,positive,positive,positive,positive,Mundial,argentina best never gives
UgxJNs4ALjZ3ufUjZyd4AaABAg,Bro changed his role as striker to midfielder 2 greatest accurate assist what a player! no ego salute 🫡❤,positive,positive,neutral,positive,positive,positive,Mundial,bro changed role striker midfielder 2 greatest accurate assist player ego salute
UgwXokCrFITYSy3AAPV4AaABAg,"In this match, Argentina perfectly demonstrated the spirit of teamwork and never giving up.",positive,positive,positive,positive,positive,positive,Mundial,match argentina perfectly demonstrated spirit teamwork never giving
Ugyd3w6CkHEya6_lHHN4AaABAg,Thank you Messi. Seeing you play so well in all of your matches and reaching the Final was wonderful to see. I am grateful that I got to see you and Ronaldo score goals again. I feel like my childhood has come to an end. I will surely watch the next World Cup with passion but I will be a married man. Thanks for all the wonderful memories.,positive,positive,positive,positive,positive,positive,Mundial,thank messi seeing play well matches reaching final wonderful see grateful got see ronaldo score goals feel like childhood come end surely watch next world cup passion married man thanks wonderful memories
UgzVtwIEMrvQsztJflp4AaABAg,"The commentator is clearly an England fan. 

You can tell he’s hurt.",positive,negative,neutral,negative,negative,negative,Mundial,commentator clearly england fan tell hes hurt
UgzuqfNrf28GxI96mm14AaABAg,"They never give up and they are always comeback. You can hate them, but u must admit they fighting spirit, vamos Argentina!",negative,positive,neutral,positive,positive,positive,Mundial,never give always comeback hate u must admit fighting spirit vamos argentina
Ugz25BrJ5dnBMAnZ62N4AaABAg,Messi is the only player in history to move like his prime days at the age of 39 he is insane,negative,positive,positive,positive,positive,positive,Mundial,messi player history move like prime days age 39 insane
UgzUJYa1yW4lK409joB4AaABAg,"Lionel Andrés Messi Cuccittini, what a blessing you are for football!",positive,positive,positive,positive,positive,positive,Mundial,lionel andrés messi cuccittini blessing football
UgwIAbKV78-ND3MLStx4AaABAg,1:41 commentetor surely england fan,positive,negative,negative,neutral,negative,negative,Mundial,141 commentetor surely england fan
UgyOvPHdyoIXq2hiCW14AaABAg,How anyone can compare Ronald to Messi just amazes me 😂 this man is a legend,positive,positive,negative,positive,positive,positive,Mundial,anyone compare ronald messi amazes man legend
UgyRf1IAJwVDMUdH_yB4AaABAg,Messi 8 goals + 4 assist in 39 years = An incredible achievement all of times.,neutral,positive,positive,positive,positive,positive,Mundial,messi 8 goals 4 assist 39 years incredible achievement times
Ugy7MeyMOMnJrbX1Rkp4AaABAg,"Never seen a team so confident as to consistently comeback at 80+ minutes at this level.... Whatever happens, this Argentine team will not lose the final. Not after passing through so many struggles & tests.

 This Argentine team is not behaving like a "" team"" but rather like a "" cult"" following Messi. Spain knows that even if they lead by two goals, it's not over till final whistle. It's scary...",negative,positive,neutral,neutral,neutral,neutral,Mundial,never seen team confident consistently comeback 80 minutes level whatever happens argentine team lose final passing many struggles tests argentine team behaving like team rather like cult following messi spain knows even lead two goals till final whistle scary
UgwsV_lmwMGpl2S74tt4AaABAg,"Spain don't depends on one player, they're playing as a team. 
Congratulations Spain.",positive,positive,positive,positive,positive,positive,Mundial,spain dont depends one player theyre playing team congratulations spain
UgzWsN9FD9JGXZfRkO54AaABAg,"Spain is the literal definition of ""teamwork makes the dream work""",positive,positive,positive,positive,positive,positive,Mundial,spain literal definition teamwork makes dream work
Ugw4yql8lUBJDfrPeU54AaABAg,Never thought any team could dominate the France team like this. ..,positive,positive,neutral,neutral,neutral,neutral,Mundial,never thought team could dominate france team like
Ugyh3i0PuEBYpBltXeV4AaABAg,"After this match, Cabo Verde's(vozinha) reputation rose even further📈",neutral,positive,positive,positive,positive,positive,Mundial,match cabo verdesvozinha reputation rose even
UgwU0v44vdg059paZC54AaABAg,I admit I didn't expect that. France was unstoppable until then.,neutral,positive,positive,neutral,neutral,neutral,Mundial,admit didnt expect france unstoppable
Ugx6ahtULlSG88VqInJ4AaABAg,"Spain didn’t just win , they exposed France. Calm, sharp, and fully deserved.",positive,positive,neutral,positive,positive,positive,Mundial,spain didnt win exposed france calm sharp fully deserved
UgxDBPOf2j8LtVqFO514AaABAg,Who's here after they won the world cup by defeating Argentina!? Crazy play by Spain! 🎉🎉💯💯,positive,positive,neutral,positive,positive,positive,Mundial,whos world cup defeating argentina crazy play spain
Ugy7__Dq79B2snRBy-x4AaABAg,they did'nt just won they dominated the entire game 🏆✨🇪🇸,positive,positive,negative,positive,positive,positive,Mundial,didnt dominated entire game
Ugy_TUTrApeRiT3Y0Kh4AaABAg,What a game by spain totally dominate ❤🇪🇸,negative,positive,positive,positive,positive,positive,Mundial,game spain totally dominate
UgxTd89XFyhvrnCRFEp4AaABAg,"As soon as France faced a real midfield and defence line, they showed their true weakness.",positive,positive,neutral,negative,positive,positive,Mundial,soon france faced real midfield defence line showed true weakness
Ugz7KWc1-sLhrdETd4Z4AaABAg,".	Spain showed that champions aren’t built around one player, they’re built on teamwork. Congratulations, Spain🎉",positive,positive,neutral,positive,positive,positive,Mundial,spain showed champions arent built around one player theyre built teamwork congratulations spain
UgxAvDrRNZJVLUANeX54AaABAg,"As a French supporter, France was completely absent throughout the entire match... Spain deserves victory",positive,negative,neutral,negative,negative,negative,Mundial,french supporter france completely absent throughout entire match spain deserves victory
UgwDCZB7RMCS9Db58dh4AaABAg,France was properly humbled in this match.,neutral,negative,negative,negative,negative,negative,Mundial,france properly humbled match
UgxNufZttloaUWDCjRZ4AaABAg,Their passing and attacking capability make them unstoppable..,negative,positive,positive,negative,positive,positive,Mundial,passing attacking capability make unstoppable
Ugx_fdfV1iW7w6h5M214AaABAg,Oyarzarbal’s penalty was absolutely world class. None of the stuttering theatrics,negative,positive,neutral,positive,positive,positive,Mundial,oyarzarbals penalty absolutely world class none stuttering theatrics
Ugx6cHPgFxhged-izld4AaABAg,"As someone who favors France for this match, felt like this is the most fair referee in recent matches",positive,positive,neutral,positive,positive,positive,Mundial,someone favors france match felt like fair referee recent matches
Ugx-kMg4OsXLM7olUuh4AaABAg,"Spain's midfield was the key in this game, hoarded possession and never made mistakes while progressing the ball well. France's attack is insanely talented but their midfield was their weakness.",negative,positive,positive,positive,positive,positive,Mundial,spains midfield key game hoarded possession never made mistakes progressing ball well frances attack insanely talented midfield weakness
UgzOOfFwmuxMSSFWl7d4AaABAg,spain made really proud by knocking the most dangerous team this world cup,neutral,positive,neutral,positive,positive,positive,Mundial,spain made really proud knocking dangerous team world cup
UgzmX0TRtzGJ0gJWdm94AaABAg,Who's after spain won the world 🗿,positive,positive,neutral,positive,positive,positive,Mundial,whos spain world
UgxpZn7v218oFOMX7PR4AaABAg,"Spain plays collectively, their playing style is impressive.",positive,positive,positive,positive,positive,positive,Mundial,spain plays collectively playing style impressive
Ugwh9EclzurrHX3rMad4AaABAg,A TEAM playing like an absolute unit always win against a team dependent upon one or two KEY players.,positive,positive,positive,positive,positive,positive,Mundial,team playing like absolute unit always win team dependent upon one two key players
Ugw4eOaYX0c1oIkQ7v14AaABAg,Back to 2010 when Spain qualified to the final for the first time in South Africa,neutral,positive,neutral,neutral,neutral,neutral,Mundial,back 2010 spain qualified final first time south africa
UgwfreCYxBswLY7s7V54AaABAg,Their defense was exceptional and highly impressive. They didn’t let France score a single goal. What a teamwork!,positive,positive,positive,positive,positive,positive,Mundial,defense exceptional highly impressive didnt let france score single goal teamwork
Ugz5tiTVgQWtIHgLbhJ4AaABAg,"Guys I swear I didn't expect France would get crushed by Spain. They literally taught them how to play football. Throughout the game, tiki taka 😂❤",positive,positive,neutral,positive,positive,positive,Mundial,guys swear didnt expect france would get crushed spain literally taught play football throughout game tiki taka
UgwyZLeF7prgb2Fb8_R4AaABAg,Highlights don't show how fabulous the midfield duo of Rodri and Fabian were this game,negative,positive,neutral,positive,positive,positive,Mundial,highlights dont show fabulous midfield duo rodri fabian game
UgzSn7ixZnWrY7li-TR4AaABAg,Norway's goalkeeper was just goated,neutral,positive,positive,positive,positive,positive,Mundial,norways goalkeeper goated
UgwhYffbThr1AP3H5wV4AaABAg,The goal keeper was equally responsible for Norways win ❤,positive,positive,positive,positive,positive,positive,Mundial,goal keeper equally responsible norways win
Ugy4-1Y0eYdm8sLollJ4AaABAg,Haaland second goal was something else,neutral,positive,positive,positive,positive,positive,Mundial,haaland second goal something else
UgyKDTyha0owAYqAJ6N4AaABAg,The Vikings came to conquer. Please win the cup.,positive,positive,positive,positive,positive,positive,Mundial,vikings came conquer please win cup
Ugx1zjhV2Sx-R62SYWh4AaABAg,Haaland is playing like the World Cup is a normal tournament.,positive,positive,positive,positive,positive,positive,Mundial,haaland playing like world cup normal tournament
UgyFgZzl5jfbdwL9TXl4AaABAg,The aura turnaround from Haaland after the second goal lol. It looks like such a casual goal for him lol,positive,positive,positive,positive,positive,positive,Mundial,aura turnaround haaland second goal lol looks like casual goal lol
UgxtAuMth2M5TeAQPIV4AaABAg,"people all talking about Haaland, for me the MVP for this match is the Goal Keeper",neutral,positive,positive,positive,positive,positive,Mundial,people talking haaland mvp match goal keeper
Ugz0XMGxQxkloRPRq414AaABAg,Hats off to Norway keeper for excellent saves.,positive,positive,positive,positive,positive,positive,Mundial,hats norway keeper excellent saves
UgyMwbWrdC49CPzwdB94AaABAg,Haaland actually crowned the goalie's efforts. Norway is just an amazing team and I'm truly rooting for them.,positive,positive,positive,positive,positive,positive,Mundial,haaland actually crowned goalies efforts norway amazing team im truly rooting
UgxSq4dvkjFI_BGFoUN4AaABAg,That 2nd goal from Halland have hurt brazil more than anything.,negative,positive,positive,positive,positive,positive,Mundial,2nd goal halland hurt brazil anything
UgxzawttY36xNx4A4XB4AaABAg,That first penalty miss by Brazil proved very costly.,negative,negative,negative,negative,negative,negative,Mundial,first penalty miss brazil proved costly
Ugx0gEw5Hlm1iF58nbR4AaABAg,Norway's goalkeeper is f'n amazing,positive,positive,positive,positive,positive,positive,Mundial,norways goalkeeper fn amazing
Ugz9aOt_xBPw9rBnG2N4AaABAg,Haaland is a freaking tank and their goalkeeper is another. The viking comeback!,negative,positive,positive,positive,positive,positive,Mundial,haaland freaking tank goalkeeper another viking comeback
UgzgxjDYAeRJ4RIGY0h4AaABAg,"As a Swede, now that we are out i have to root for my scandinavian neighbour. Lets go 🇳🇴🇸🇪",neutral,positive,positive,positive,positive,positive,Mundial,swede root scandinavian neighbour lets go
Ugy9trZ9Tl6wYHuXxmJ4AaABAg,Coldest celebration from Haaland after 2nd goal. Rare moment in knockout stage in wc history,neutral,positive,positive,positive,positive,positive,Mundial,coldest celebration haaland 2nd goal rare moment knockout stage wc history
Ugzb7labWvgHGzAGTmx4AaABAg,One of the best player on the game was the goalkeeper. He made some incredible saves and stopped normally what looked like a goals.,positive,positive,positive,positive,positive,positive,Mundial,one best player game goalkeeper made incredible saves stopped normally looked like goals
UgyxWqHwOHaUwkKLwF94AaABAg,"Erling Haaland!
Norway goalkeeper had a great game.",positive,positive,positive,positive,positive,positive,Mundial,erling haaland norway goalkeeper great game
Ugwm_SSK97HhUIdv33F4AaABAg,Haaland Scored and Gabriel at the crime scene once again  no matter Club or Country 😂😂,positive,positive,positive,neutral,positive,positive,Mundial,haaland scored gabriel crime scene matter club country
UgwCbxz1zoN6AglxGZ94AaABAg,"Funny, i can read on Danish news that some Danes are jealous and hope Norway will lose.
I for one, as a Dane, hope my Norwegian brothers will go all the way :)",positive,positive,neutral,positive,positive,positive,Mundial,funny read danish news danes jealous hope norway lose one dane hope norwegian brothers go way
UgwwlAmBslgC9a4jp1B4AaABAg,Amazing goal keeping and I think one of the best goals ever - unbelievable level of precision. Well done Norway!!,positive,positive,positive,positive,positive,positive,Mundial,amazing goal keeping think one best goals ever unbelievable level precision well done norway
UgyvM1-XD7MeRAflRJd4AaABAg,"Norway vs England is gonna be amazing, Norway are no joke",positive,positive,neutral,positive,positive,positive,Mundial,norway vs england gonna amazing norway joke
UgwXJDhd2QJRywKKAmF4AaABAg,"11v12, not even scandalous VAR and ref decisions could ruin Norway's win (despite them trying their best).",positive,negative,negative,positive,negative,negative,Mundial,11v12 even scandalous var ref decisions could ruin norways win despite trying best
UgwfmIlAyIk0g3MIj3t4AaABAg,"Congrats from Germany Norway, keep rowing on.",positive,positive,positive,positive,positive,positive,Mundial,congrats germany norway keep rowing
Ugxuh7VC_rqgOWsVOKF4AaABAg,I knew it! 75% thought Brazil would win. I believed in Norway!,positive,positive,positive,positive,positive,positive,Mundial,knew 75 thought brazil would win believed norway
Ugy3dE5QS_xA7nSdaZJ4AaABAg,The ref tried his hardest to make brazil equalize but even 11vs12 wasnt enough,neutral,negative,negative,neutral,negative,negative,Mundial,ref tried hardest make brazil equalize even 11vs12 wasnt enough
UgyhPgodimEolAcS7zd4AaABAg,Our favourite song for The FIFA World Cup 2026 ✨,positive,positive,positive,positive,positive,positive,Mundial,favourite song fifa world cup 2026
Ugw66-5JGfQdcHJF_OB4AaABAg,Who is here after Spain🇪🇸 win,positive,positive,positive,positive,positive,positive,Mundial,spain win
UgwpZDbCYrrHgic2Gyt4AaABAg,1:36 for a second i thought i was listening to a telenovela theme song,neutral,neutral,neutral,neutral,neutral,neutral,Mundial,136 second thought listening telenovela theme song
Ugw-JWSb8rlwOD6VZKl4AaABAg,Robbie Williams my one love❤❤❤,positive,neutral,positive,positive,positive,positive,Mundial,robbie williams one love
UgxqIAjfq699a1Ry6214AaABAg,I adore Robbie Williams !!! Such a legend,positive,neutral,positive,positive,positive,positive,Mundial,adore robbie williams legend
UgyV0T1EaxpDe-DMfch4AaABAg,"Speed,BTS , Robbi Williams, Nicole scherzinger,and Laura pausini gave the best performances tonight",positive,neutral,positive,positive,positive,positive,Mundial,speedbts robbi williams nicole scherzingerand laura pausini gave best performances tonight
UgxgF1OmlngXN3rq3xB4AaABAg,"man laura´s voice is stuning, marvelous.",positive,neutral,positive,positive,positive,positive,Mundial,man lauras voice stuning marvelous
Ugx1yIMZZYEDOMUBCnZ4AaABAg,"“We will miss this 2026 World Cup. It gave us a roller coaster of happiness, joy, excitement, and sadness. It made the whole world feel like a small place.
For many, it was their first World Cup, and for many others, it will be their last. We will miss you, Cristiano Ronaldo, Neymar, Lionel Messi, Mohamed Salah, Luka Modrić, and Kevin De Bruyne.
Thank you for making our childhood so special. ❤⚽🐐”",positive,positive,positive,positive,positive,positive,Mundial,miss 2026 world cup gave us roller coaster happiness joy excitement sadness made whole world feel like small place many first world cup many others last miss cristiano ronaldo neymar lionel messi mohamed salah luka modrić kevin de bruyne thank making childhood special
UgyLj4JQfipWNenNINN4AaABAg,Laura pausini❤❤❤ the best ❤❤,positive,neutral,positive,positive,positive,positive,Mundial,laura pausini best
Ugz87TccFooblrxJKoZ4AaABAg,This song was emotional for me seeing the flags of the nations in the back waving while most were eliminated and the world cup coming to an end. Great song!,positive,neutral,positive,positive,positive,positive,Mundial,song emotional seeing flags nations back waving eliminated world cup coming end great song
UgzI9RvsT5z31KFaXsN4AaABAg,Happy birthday Spain🇪🇦🇪🇦🇪🇦🇪🇦🇪🇦🇪🇦🇪🇦🇪🇦🇪🇦🎉🎉🎉🎉🎉🎉🎉🎉🎉,positive,neutral,neutral,positive,neutral,neutral,Mundial,happy birthday spain
Ugwb0pgNRNTImyJ5ky14AaABAg,They did an amazing job. Robbie is charismatic as always and Nicole always hits those notes. Impressive!,positive,neutral,positive,positive,positive,positive,Mundial,amazing job robbie charismatic always nicole always hits notes impressive
UgwYrSlBYgETKMfsbZR4AaABAg,Laura is incredible ❤❤❤ Robbie and Nicole as well 🎉🎉,positive,neutral,positive,positive,positive,positive,Mundial,laura incredible robbie nicole well
UgxS6Icd2S0KyL2GI1B4AaABAg,I LOVE NICOLE IS BEAUTITULL,positive,neutral,positive,positive,positive,positive,Mundial,love nicole beautitull
UgyVZPfroLE6Ste0kZl4AaABAg,Who's here after 1 - 0 Spain win,positive,positive,neutral,positive,positive,positive,Mundial,whos 1 0 spain win
UgwB3S9nN7ivuVh_o6N4AaABAg,"The sight of all the flags waving together in perfect unison filled me with a profound sense of awe, reverence, and unity. It felt as if the whole world had become one, and it made my heart swell with emotion.",positive,positive,neutral,positive,positive,positive,Mundial,sight flags waving together perfect unison filled profound sense awe reverence unity felt whole world become one made heart swell emotion
Ugxj7h2BGEJVw2n2DzV4AaABAg,This deserves so much more views! It is so beautiful,positive,positive,positive,positive,positive,positive,Mundial,deserves much views beautiful
UgyN3n8YXCIzfeh4qJx4AaABAg,Fantastic Laura Pausini! Italy was there with you,positive,neutral,neutral,positive,positive,positive,Mundial,fantastic laura pausini italy
Ugx-N1H5Bm7X7Osfq2Z4AaABAg,"A World Cup final that, despite not relying heavily on technology, delivered results, emotion, and elegance! Cool, lively, and moving performances. Congratulations!",positive,positive,positive,positive,positive,positive,Mundial,world cup final despite relying heavily technology delivered results emotion elegance cool lively moving performances congratulations
UgxgRlglLotzf0_qXAB4AaABAg,The whole image this performance delivers is just pure art. beautiful,positive,positive,positive,positive,positive,positive,Mundial,whole image performance delivers pure art beautiful
UgyhvBdGb2LnKmvFsYl4AaABAg,Laura Pausini went so far than the Italian team in a word cup for two decades.,neutral,neutral,neutral,positive,neutral,neutral,Mundial,laura pausini went far italian team word cup two decades
UgyPIdO8VgVdjiNX8xJ4AaABAg,Who is here after Spain 🇪🇸 wins this 26 World Cup championship 😅🎉🎉🎉🎉🎉🎉🏆🏆🏆🏆🏆,positive,positive,positive,positive,positive,positive,Mundial,spain wins 26 world cup championship
UgwmU_ITklPA-0Hg2HZ4AaABAg,"This song, man..... I knew this song once both nations' flags entered. and this full, man... simply made my ears blessed",positive,neutral,neutral,positive,positive,positive,Mundial,song man knew song nations flags entered full man simply made ears blessed
UgyESqNcAxmAyxn_PT14AaABAg,"No one can roll their ""R's"" like Laura can",positive,neutral,neutral,positive,neutral,neutral,Mundial,one roll rs like laura
Ugw1N1Hm8RInPLllzwB4AaABAg,"1:17 Laura Pausini singing ""cuando el diablo nos mire tendremos valor, That translates WHEN THE DEVIL SEE US WILL HAVE WORTH"" I am speechless, be careful cuz there's a spiritual warefare",negative,neutral,neutral,positive,neutral,neutral,Mundial,117 laura pausini singing cuando el diablo nos mire tendremos valor translates devil see us worth speechless careful cuz theres spiritual warefare
UgztnOKlabA9HrceYBh4AaABAg,Dynamite after 6 years still gets me so HYPEEED,positive,neutral,positive,positive,positive,positive,Mundial,dynamite 6 years still gets hypeeed
UgyMXI9pT7gBqnAIblh4AaABAg,"I like that BTS adjusted the lyrics to ""King Kong, kick the ball"" and ""Iced tea and a game of football"". Such a cute lil touch.",positive,neutral,neutral,positive,positive,positive,Mundial,like bts adjusted lyrics king kong kick ball iced tea game football cute lil touch
UgwrfTntDCPm20pC3yd4AaABAg,JungKook sang alone 4 years ago and today he brought his brothers with him.,negative,neutral,neutral,neutral,neutral,neutral,Mundial,jungkook sang alone 4 years ago today brought brothers
Ugw9dHfM0Z6yvm1ac2p4AaABAg,The best part is seeing the world come together!❤,positive,positive,positive,positive,positive,positive,Mundial,best part seeing world come together
UgxtEvNxeivmkY_Ynst4AaABAg,The transition from Norwegian rowing to dynamite is fire. Overall I loved the halftime and congratulations to Spain. Well deserved,positive,positive,positive,positive,positive,positive,Mundial,transition norwegian rowing dynamite fire overall loved halftime congratulations spain well deserved
UgwcpTdepcl-ncB-6Kl4AaABAg,"BTS were on tour in Paris for their biggest live audience ever just 24 hours before this, legends beat the jet lag 🔥🔥",negative,neutral,neutral,positive,neutral,neutral,Mundial,bts tour paris biggest live audience ever 24 hours legends beat jet lag
UgxNbDNuxBPcc4r0sX54AaABAg,"It’s sad to see that no one in the comments is showing Justin any love just because he didn't sing the typical popular song; instead, he chose to perform a song that raises humanity's awareness. For me, Justin was the best part of the halftime show.❤❤❤",positive,neutral,neutral,positive,neutral,neutral,Mundial,sad see one comments showing justin love didnt sing typical popular song instead chose perform song raises humanitys awareness justin best part halftime show
UgzLywNf_nMqp80eeV54AaABAg,"From Jungkook performing alone in 2022 to BTS performing together in 2026 for the FIFA!!!!! 
WE HAVE COME SO FAR 🥹💜",positive,neutral,neutral,positive,positive,positive,Mundial,jungkook performing alone 2022 bts performing together 2026 fifa come far
Ugw3pV4UgL5MYyDUvp14AaABAg,Who here after spain won ❤❤❤,positive,positive,neutral,positive,positive,positive,Mundial,spain
Ugx7AS_REXFld4oklJ54AaABAg,"""ice tea, and a game of ping-pong"" ❌
""ice tea, and a game of football"" ✅

THEY KNOW HOW THEY DO DO DO DO 💜",positive,neutral,neutral,positive,positive,positive,Mundial,ice tea game pingpong ice tea game football know
Ugzgv4EDWeBL5qKTNpF4AaABAg,The transition from Norway rowing to dynamite is fire,negative,positive,positive,positive,positive,positive,Mundial,transition norway rowing dynamite fire
UgwkWigT_NAwHnR1De54AaABAg,"Today and always, Shakira is proving why she's invited to these kinds of events and why she holds the title of Queen of the World Cup, and today that was more than evident. Beautiful Shakira, always giving it her all.",positive,neutral,positive,positive,positive,positive,Mundial,today always shakira proving shes invited kinds events holds title queen world cup today evident beautiful shakira always giving
UgwTd_GmXqYBP0tZ8GV4AaABAg,Shakira is not just a singer she's part of FIFA 🏆,neutral,neutral,neutral,positive,neutral,neutral,Mundial,shakira singer shes part fifa
UgxKDpESUAkYPkj4jsR4AaABAg,Jungkook and Shakira are the only ones in history to have performed at the World Cup multiple times!⚽🏆🏅💥,positive,neutral,positive,positive,positive,positive,Mundial,jungkook shakira ones history performed world cup multiple times
UgzuhcBhXZZfYLCy8xF4AaABAg,Everyone talking about the artists performance meanwhile I'm really admire how clean the cinematography and transition in a live show. Really a phenomenal teamwork.,positive,neutral,positive,positive,positive,positive,Mundial,everyone talking artists performance meanwhile im really admire clean cinematography transition live show really phenomenal teamwork
UgwMCnbXCDb5RcCqXZl4AaABAg,"No matter how many years pass, BTS on a FIFA stage will always be iconic.",neutral,neutral,neutral,positive,neutral,neutral,Mundial,matter many years pass bts fifa stage always iconic
Ugwv2i2CZB2gO04TeKV4AaABAg,The kids that danced with Shakira were amazing. I’ve seen videos of these children before and how they came about become famous!,positive,neutral,neutral,positive,neutral,neutral,Mundial,kids danced shakira amazing ive seen videos children came become famous
Ugygn3vlyzaM2bFVHGl4AaABAg,Madonna with Ronaldinho and Ronaldo is absolutely legendary 🔥,negative,neutral,positive,positive,positive,positive,Mundial,madonna ronaldinho ronaldo absolutely legendary
UgxZbGetON0xq6HtH994AaABAg,"""King kong, kick the ball"" 

""Iced tea and a game of football"".",neutral,neutral,neutral,neutral,neutral,neutral,Mundial,king kong kick ball iced tea game football
UgyyrM2cEQF1IqzGU0Z4AaABAg,"Just realized Ronaldo, Ronaldinho, Burna Boy, Shakira, and BTS all joined the kids choir and Coldplay at the very end❤",positive,neutral,positive,positive,positive,positive,Mundial,realized ronaldo ronaldinho burna boy shakira bts joined kids choir coldplay end
Ugx54KWuK61KS5uVq-R4AaABAg,"Can't believe BTS wrapped their historic 2 nights in Paris with 180k audience, immediately got on a 10 hour flight and reached NYC only few hours before the match to delivering a flawless live performance. Man 13 years in the game and they love their craft. Nothing but respect❤",positive,neutral,neutral,positive,positive,positive,Mundial,cant believe bts wrapped historic 2 nights paris 180k audience immediately got 10 hour flight reached nyc hours match delivering flawless live performance man 13 years game love craft nothing respect
Ugx6SzGUaQzUdYq_wpB4AaABAg,"I was one of the female dancers in this performance, and I can honestly say it was an unforgettable experience. Working with Shakira was such an amazing opportunity, and sharing the stage with legends like Ronaldo and Ronaldinho made it even more special. Moments like this stay with you forever.",positive,neutral,positive,positive,positive,positive,Mundial,one female dancers performance honestly say unforgettable experience working shakira amazing opportunity sharing stage legends like ronaldo ronaldinho made even special moments like stay forever
Ugx18RCKrqXjR5Dl4_x4AaABAg,Did anyone notice at the end of the half time show during the children's performance when everyone stepped in to front but BTS and Justin bieber moved to back without stealing the spotlight.. Such a nice a thoughtful gesture from them.. 🥰,positive,neutral,neutral,positive,positive,positive,Mundial,anyone notice end half time show childrens performance everyone stepped front bts justin bieber moved back without stealing spotlight nice thoughtful gesture
UgxcVq9zSA1A7QMxOqt4AaABAg,From Jungkook performing in 2022 to whole group performing in 2026...BTS you paved the way 🥹💜️💜️,neutral,neutral,neutral,positive,neutral,neutral,Mundial,jungkook performing 2022 whole group performing 2026bts paved way
Ugx8r0fGdeQDwCVYS5h4AaABAg,The fact that bts reached US like 5 hours before the show and then rehearsed but still nailed the performance is crazy,negative,neutral,positive,positive,positive,positive,Mundial,fact bts reached us like 5 hours show rehearsed still nailed performance crazy
Ugz7NnQ-0iUjDWo4E5V4AaABAg,The goal that saved the world from noise pollution. 😊,positive,positive,positive,positive,positive,positive,Mundial,goal saved world noise pollution
Ugx9Fm2iwJkvBLhKNyB4AaABAg,Huge credit to Spain for finally breaking Speed's curse,positive,positive,positive,positive,positive,positive,Mundial,huge credit spain finally breaking speeds curse
UgwCJx7IMruDF39et314AaABAg,it’s gonna be so weird staying up late without the World Cup in the background,negative,positive,positive,positive,positive,positive,Mundial,gonna weird staying late without world cup background
UgyRiTK8rucnC8B2Bex4AaABAg,Congratulations for Spain for winning the 2026 World Cup. Vamos Espana,positive,positive,neutral,positive,positive,positive,Mundial,congratulations spain winning 2026 world cup vamos espana
UgybUZvppftQf-lTV9F4AaABAg,Spain deserve it. I'm happy for them. 🏆,positive,positive,positive,positive,positive,positive,Mundial,spain deserve im happy
Ugw-AvRguwM_yXCcVXl4AaABAg,Wonderful goal and deserved victory,positive,positive,positive,positive,positive,positive,Mundial,wonderful goal deserved victory
UgwwLwBq7f9-YVhwxYN4AaABAg,"Ferran deserved this goal more than anyone on this team, the mentality this guy has to keep going, even when everyone hated him and looked down on him ever since he came to barcelona, is absolutely elite ❤❤",positive,positive,neutral,positive,positive,positive,Mundial,ferran deserved goal anyone team mentality guy keep going even everyone hated looked ever since came barcelona absolutely elite
UgymPdgnuxVOelIaxc54AaABAg,Ferran Torres has now cemented his legend within the Spanish national team.,neutral,positive,neutral,positive,positive,positive,Mundial,ferran torres cemented legend within spanish national team
UgzFfMIc2LrXyCrR4GZ4AaABAg,"18 years ago, Fernando Torres started a new era of Spain. 18 years later, Ferran Torres carried on that legacy.",neutral,positive,positive,positive,positive,positive,Mundial,18 years ago fernando torres started new era spain 18 years later ferran torres carried legacy
UgzW8zTDZc1NiJ_GJVJ4AaABAg,"Congratulations to Spain, I mean it, what a fantastic performance, pure endless control 👏🏻 🇪🇸🥇",positive,positive,positive,positive,positive,positive,Mundial,congratulations spain mean fantastic performance pure endless control
UgzstUC3RRIWu_m8hLt4AaABAg,Congratulations to Spain and all its citizens.  Keep Winning,positive,positive,positive,positive,positive,positive,Mundial,congratulations spain citizens keep winning
UgyzmLYWlHpCMQ5hHEB4AaABAg,Ferran torres saved humanity ❤ thank you,positive,positive,positive,positive,positive,positive,Mundial,ferran torres saved humanity thank
Ugw3Pl2iFmbeF-x1_7V4AaABAg,"After his performance in the first game, we all doubted him wrongfully.",negative,positive,positive,positive,positive,positive,Mundial,performance first game doubted wrongfully
UgzeljRp6M0Rj2LKTiB4AaABAg,"Ferran really deserves this goal, He got a pretty evil arc in his life, He begged for goal against Saudi after 4:0, Finally he seems happy, Espanol Vamos",positive,positive,positive,positive,positive,positive,Mundial,ferran really deserves goal got pretty evil arc life begged goal saudi 40 finally seems happy espanol vamos
Ugx-jj4m1hWNXe7u4wl4AaABAg,The better country won! Viva España!,positive,positive,positive,positive,positive,positive,Mundial,better country viva españa
Ugw5lBIqBnyN9uPGAs54AaABAg,"Finals were definitely not the highlight of this world-cup, but at least Spain won. Argentina and its players were so incredibly unsportsmanlike throughout this entire event.",positive,negative,positive,negative,negative,negative,Mundial,finals definitely highlight worldcup least spain argentina players incredibly unsportsmanlike throughout entire event
UgwG6QmkMa2jq-dZzHF4AaABAg,That one goal which changed the entire football,neutral,positive,positive,positive,positive,positive,Mundial,one goal changed entire football
UgxurpOjKD65Qlfb8hV4AaABAg,Thank you Ferran Torres for saving us from noise pollution ❤,positive,positive,positive,positive,positive,positive,Mundial,thank ferran torres saving us noise pollution
UgxJ_O0OIq26eXEcqdx4AaABAg,"From a Romanian mom, a UK dad and a Swedish Baby, we have prayed for you Spain🙌🏻🙌🏻🙌🏻🙌🏻❤️❤️❤️❤️❤️❤️",neutral,positive,positive,positive,positive,positive,Mundial,romanian mom uk dad swedish baby prayed spain
Ugyz6yrpTTAcdZ-c_c54AaABAg,"Spain fully deserved this victory. They didn’t win by luck—they earned it by defeating some of the strongest teams in the tournament: Austria 🇦🇹, Belgium 🇧🇪, Portugal 🇵🇹, France 🇫🇷, and finally Argentina 🇦🇷.",positive,positive,positive,positive,positive,positive,Mundial,spain fully deserved victory didnt win luckthey earned defeating strongest teams tournament austria belgium portugal france finally argentina
Ugx_3Th0LwxabyCeiSF4AaABAg,"Thank you Spain 
For saving us from noise❤",positive,positive,positive,positive,positive,positive,Mundial,thank spain saving us noise
UgyptlVemWuIXk36Zox4AaABAg,"Ferran Torres next generation Fernando Torres, Underrated, yet sometimes leads the team to the championship.",positive,positive,positive,positive,positive,positive,Mundial,ferran torres next generation fernando torres underrated yet sometimes leads team championship
UgyUAFl24s0XEWYgLN54AaABAg,"Love you, Spain from Bangladesh🥰 You worth it.",positive,positive,positive,positive,positive,positive,Mundial,love spain bangladesh worth
UgzGGCEEkgSVvsVILuJ4AaABAg,By far the most satisfying payback goal I have ever seen,positive,positive,positive,positive,positive,positive,Mundial,far satisfying payback goal ever seen
UgyTGJmiHW6c_Qlf8Gt4AaABAg,THANK YOU SO MUCH FIFA WORLD CUP 2026 THAT'S BE VERY SPECIAL CUP AND MY FAMILY HAVE SPECIAL MOMENTS WITH THIS,positive,positive,positive,positive,positive,positive,Mundial,thank much fifa world cup 2026 thats special cup family special moments
UgyPowi8GA5_yt8XDtx4AaABAg,Of course they had to put ronaldo as the thumbnail😂,positive,negative,positive,neutral,positive,positive,Mundial,course put ronaldo thumbnail
UgzDJKYdDelOKScdGVF4AaABAg,GOAT In the thumbnail = Pure Aura,neutral,positive,neutral,positive,positive,positive,Mundial,goat thumbnail pure aura
UgwLRMAg_Uu62hZc_tl4AaABAg,The idea is outstanding I will come back to watch it again.,positive,positive,neutral,positive,positive,positive,Mundial,idea outstanding come back watch
Ugz1o6EiBvucRq281rh4AaABAg,The editing is exactly what I needed It helped me understand better.,positive,positive,neutral,positive,positive,positive,Mundial,editing exactly needed helped understand better
Ugwbr0Y7Me-vGkOMApl4AaABAg,The editing is clear and easy to follow I enjoyed every second of it.,positive,positive,neutral,positive,positive,positive,Mundial,editing clear easy follow enjoyed every second
Ugx6ZmaGLn6V1dU35al4AaABAg,The production quality is well made I learned a lot from it.,positive,positive,positive,positive,positive,positive,Mundial,production quality well made learned lot
UgwnQPU2Djfam-BDKPp4AaABAg,The production quality is exactly what I needed It helped me understand better.,positive,positive,positive,positive,positive,positive,Mundial,production quality exactly needed helped understand better
Ugx0Ia6J89L3N7LPey14AaABAg,This video is really helpful This deserves recognition.,positive,positive,positive,positive,positive,positive,Mundial,video really helpful deserves recognition
Ugw7lpClqRks6NEJ0n54AaABAg,This tutorial is exactly what I needed I will come back to watch it again.,neutral,positive,positive,positive,positive,positive,Mundial,tutorial exactly needed come back watch
UgybiZDytZqe7vJCmS14AaABAg,This performance is clear and easy to follow It deserves more views.,positive,positive,neutral,positive,positive,positive,Mundial,performance clear easy follow deserves views
Ugz11Xxa4ISTiSRf9754AaABAg,The editing is clear and easy to follow This deserves recognition.,positive,positive,neutral,positive,positive,positive,Mundial,editing clear easy follow deserves recognition
UgzIZmjnePYCATBMhH54AaABAg,The way you present is exactly what I needed I will come back to watch it again.,neutral,positive,neutral,positive,neutral,neutral,Mundial,way present exactly needed come back watch
UgyUotzepUM5QYLE5EZ4AaABAg,The production quality is worth sharing This deserves recognition.,positive,positive,neutral,positive,positive,positive,Mundial,production quality worth sharing deserves recognition
UgxQkIhHaIYCK0TfKIp4AaABAg,This tutorial is clear and easy to follow I enjoyed every second of it.,positive,positive,neutral,positive,positive,positive,Mundial,tutorial clear easy follow enjoyed every second
UgzRiDDUJ1pWDBJPNPB4AaABAg,The content is clear and easy to follow This deserves recognition.,positive,positive,positive,positive,positive,positive,Mundial,content clear easy follow deserves recognition
UgxLINDn4j0Awlp_eM94AaABAg,The way you present is exactly what I needed I learned a lot from it.,neutral,positive,neutral,positive,positive,positive,Mundial,way present exactly needed learned lot
UgyXToul8eiiyKkL8LR4AaABAg,The way you present is very impressive This deserves recognition.,positive,positive,neutral,positive,positive,positive,Mundial,way present impressive deserves recognition
UgzlH0bEY70PEUKu82N4AaABAg,The production quality is top notch This deserves recognition.,positive,positive,neutral,positive,positive,positive,Mundial,production quality top notch deserves recognition
UgzhSS4lPfEnf27n-9J4AaABAg,The way you present is underrated I will come back to watch it again.,neutral,positive,neutral,positive,positive,positive,Mundial,way present underrated come back watch
Ugwytny4yAB4pivLV6t4AaABAg,Your explanation is underrated I will come back to watch it again.,neutral,positive,neutral,positive,positive,positive,Mundial,explanation underrated come back watch
Ugx-XKZLmdOw2Iu_rd14AaABAg,This channel is clear and easy to follow It deserves more views.,positive,positive,neutral,positive,positive,positive,Mundial,channel clear easy follow deserves views
UgyBNMPqif9oLpb90a94AaABAg,The production quality is worth sharing I will come back to watch it again.,positive,positive,neutral,positive,positive,positive,Mundial,production quality worth sharing come back watch
UgxRR4P1XcZfVAV9s7h4AaABAg,The editing is outstanding I will come back to watch it again.,positive,positive,neutral,positive,positive,positive,Mundial,editing outstanding come back watch
UgxXK8L9bxRAr1WDcw94AaABAg,This video is top notch I will come back to watch it again.,positive,positive,positive,positive,positive,positive,Mundial,video top notch come back watch
UgzxK6XUjZ5T8rorBit4AaABAg,The production quality is clear and easy to follow I really appreciate the effort.,positive,positive,positive,positive,positive,positive,Mundial,production quality clear easy follow really appreciate effort
UgyfnCncdtuuAwOEQmJ4AaABAg,2 minute highlight video for this match is criminal,negative,negative,positive,negative,negative,negative,Mundial,2 minute highlight video match criminal
UgzJdYQkICfKQIRZUUR4AaABAg,"Saturday: 10 goals in 90 minutes
Sunday: 1 goal in 120 minutes",neutral,negative,positive,neutral,neutral,neutral,Mundial,saturday 10 goals 90 minutes sunday 1 goal 120 minutes
Ugwsze9WU5JXYHDa3oV4AaABAg,Mbappe suddenly remembered he could win the golden boot in half time.,positive,positive,positive,neutral,positive,positive,Mundial,mbappe suddenly remembered could win golden boot half time
Ugy7Zlqe1PpciMcP4OV4AaABAg,France gifting England the third medal and England gifting France the golden boot 😂,positive,neutral,neutral,neutral,neutral,neutral,Mundial,france gifting england third medal england gifting france golden boot
Ugy_cwoBdKRgZJmA4dx4AaABAg,Both the teams had nothing to lose..So they played their normal game without any pressure,positive,neutral,neutral,neutral,neutral,neutral,Mundial,teams nothing loseso played normal game without pressure
UgwGvgjNRhNIbjFxdr94AaABAg,Lowkey one of the few peaceful game of the world cup✌🏻😭,positive,neutral,neutral,positive,positive,positive,Mundial,lowkey one peaceful game world cup
UgwBkQJ67M4IM99TD1V4AaABAg,Watch this game be more entertaining than the finals,positive,positive,neutral,positive,positive,positive,Mundial,watch game entertaining finals
Ugx0Izfr4W0jKKuoE-B4AaABAg,This game was a fever dream...,positive,negative,positive,negative,negative,negative,Mundial,game fever dream
Ugy3WbKFZ8Jcj-d2sF54AaABAg,"Ferran deserved this goal more than anyone on this team; the mentality this guy has to keep going, even though everyone hated him and looked down on him since he came to Barcelona, is absolutely elite",negative,positive,positive,positive,positive,positive,Mundial,ferran deserved goal anyone team mentality guy keep going even though everyone hated looked since came barcelona absolutely elite
Ugx4wf6Dz7_Rl4tlF_d4AaABAg,10 Goal in 1 match is crazy 💀💀,negative,positive,positive,positive,positive,positive,Mundial,10 goal 1 match crazy
UgxMzBaUDPa6Xcaf2bZ4AaABAg,This game should have been the final,neutral,positive,positive,positive,positive,positive,Mundial,game final
UgydLy50ko3E5_js2Tl4AaABAg,This has 10x more goals than Spain vs Argentina 😂,positive,negative,neutral,positive,positive,positive,Mundial,10x goals spain vs argentina
UgzViK01ZbscP7tmTyJ4AaABAg,"This is exactly the third-place match we needed! We haven’t seen this many goals at this World Cup yet, and it all happened in regular time.",neutral,positive,neutral,positive,positive,positive,Mundial,exactly thirdplace match needed havent seen many goals world cup yet happened regular time
Ugx7Lgurvjs1e20tg0J4AaABAg,3rd-place final was 1000x more entertaining than the actual final,positive,negative,positive,positive,positive,positive,Mundial,3rdplace final 1000x entertaining actual final
UgzmCH1QQfxipO6FEDZ4AaABAg,Way better than the actual final.,positive,negative,positive,positive,positive,positive,Mundial,way better actual final
UgxbuZ03HgTnIijR8bR4AaABAg,"The best match in the whole WC26 tournament, way better than the Final",positive,positive,positive,positive,positive,positive,Mundial,best match whole wc26 tournament way better final
UgyMrhkg2r4Yhi4X2qd4AaABAg,i dont even know how to describe this game,neutral,positive,neutral,positive,positive,positive,Mundial,dont even know describe game
UgyL0ubtX1buwGl_ck54AaABAg,"*Probably going to be a better game than the upcoming final.*

When you've got nothing to lose, you play fearlessly, this was what football was meant to be like, not the modern day games where teams play out of fear and not out of the love for the game.",positive,positive,neutral,positive,positive,positive,Mundial,probably going better game upcoming final youve got nothing lose play fearlessly football meant like modern day games teams play fear love game
Ugyz35bfDM9KxMNvPR54AaABAg,They both lost the semi final but give us the best game of the world cup well done to both teams x,positive,positive,neutral,positive,positive,positive,Mundial,lost semi final give us best game world cup well done teams x
Ugx3KvXA4CJ4riC9mMp4AaABAg,Ironic that this game turned out to be the footballing spectacle the final wasn't,negative,positive,negative,positive,positive,positive,Mundial,ironic game turned footballing spectacle final wasnt
UgwOKNFFGs4h7mzzdvB4AaABAg,"I cant believe they scored 10 goals in one match, im proud of us england, but also france for contributing to history as well, i dont think we can recreate this in a long time",positive,positive,negative,positive,positive,positive,Mundial,cant believe scored 10 goals one match im proud us england also france contributing history well dont think recreate long time
UgwFzaUP9hfRscbAriV4AaABAg,Mbappe realising on half time : OH wait! i still have a chance to win golden boot😎,positive,positive,negative,neutral,positive,positive,Mundial,mbappe realising half time oh wait still chance win golden boot
Ugype1K7j6Gh8NQOZc14AaABAg,Probably the best of match this world cup....no unwanted fouls...no unwanted stoppages....no drama..not much modern philosophical football master plans....only pure old school direct football ⚽ most of all no hate....both sets of players respecting each other ❤,positive,positive,neutral,positive,positive,positive,Mundial,probably best match world cupno unwanted foulsno unwanted stoppagesno dramanot much modern philosophical football master plansonly pure old school direct football hateboth sets players respecting
Ugxhx-277AGSLsjPvPB4AaABAg,Both coaches should be arrested for robbing us of this France vs England final,negative,neutral,neutral,negative,negative,negative,Mundial,coaches arrested robbing us france vs england final
UgzZZq1fGZPN_-aVETR4AaABAg,Now England realising they can also play like this,positive,neutral,negative,neutral,neutral,neutral,Mundial,england realising also play like
Ugz_ZRkr0xrwMSNyGj94AaABAg,THE MOST UNPREDICTABLE WINNER EVER,positive,positive,positive,neutral,positive,positive,Eurovision,unpredictable winner ever
Ugz4MVMA9uw54hnIkQB4AaABAg,"It feels good to see a country win for the 1st time
Congratulations Bulgaria 🇧🇬",positive,positive,positive,positive,positive,positive,Eurovision,feels good see country win 1st time congratulations bulgaria
UgybRTHk7fT6-F96mGN4AaABAg,"It doesn’t feel like live performance, It looks like a music video… absolutely incredible.",positive,positive,negative,positive,positive,positive,Eurovision,doesnt feel like live performance looks like music video absolutely incredible
UgxaIfokmeYfvW7nY254AaABAg,People forget this is actually a LIVE performance! The staging is absolutely insane!!,negative,positive,positive,positive,positive,positive,Eurovision,people forget actually live performance staging absolutely insane
UgwtROvmsWceG9gbbnp4AaABAg,The fact she won both Jury and tele vote. Slay queen!,positive,positive,neutral,positive,positive,positive,Eurovision,fact jury tele vote slay queen
UgysBGAsnu9eVaFM-eZ4AaABAg,"Finally a good use of dancers, they actually feel like performers here instead of just dancers jamming in the background.",positive,positive,neutral,positive,positive,positive,Eurovision,finally good use dancers actually feel like performers instead dancers jamming background
Ugyr1jS687Y-IJH3el14AaABAg,"After watching it for the 100th time I can say that I know why they won. They really presented something original and well done: very theatrical, the choreography, the gestures, the faces, the masks, the chairs, the lights, the lyrics, the message, the subtleties. Really fascinating! Congratulations!",positive,positive,positive,positive,positive,positive,Eurovision,watching 100th time say know really presented something original well done theatrical choreography gestures faces masks chairs lights lyrics message subtleties really fascinating congratulations
UgxxqYJpEPXR4JYoejp4AaABAg,"This performance says ""I've already won, you just don't know it yet""",positive,positive,positive,positive,positive,positive,Eurovision,performance says ive already dont know yet
UgxPjEvCc-Kl0htVt4J4AaABAg,"The biggest dark horse in Eurovision history. Welcome Sofia 2027, and well done Bulgaria!! 🇧🇬",positive,positive,positive,positive,positive,positive,Eurovision,biggest dark horse eurovision history welcome sofia 2027 well done bulgaria
UgyjSRkMxfQqmqBCIP14AaABAg,"Credit to the dancers as well, they were amazing",positive,positive,positive,positive,positive,positive,Eurovision,credit dancers well amazing
Ugxe0IWVebkIS5L7RcR4AaABAg,"1st listen: meh
10th listen: its okay
20th listen: BANGARANGARAN!",positive,positive,neutral,positive,positive,positive,Eurovision,1st listen meh 10th listen okay 20th listen bangarangaran
Ugz3eRtwINaTQwHELZ14AaABAg,"Admit it, you'd never have thought that this song would win",positive,positive,positive,negative,positive,positive,Eurovision,admit youd never thought song would win
UgwLWovttaq9Gx9EqKB4AaABAg,The fact that Bulgaria left Eurovision for three years and came back victorious makes it 10 times crazier!!!,negative,negative,negative,positive,negative,negative,Eurovision,fact bulgaria left eurovision three years came back victorious makes 10 times crazier
Ugy5P0bcr7FcvFRyOO54AaABAg,"I’m not the biggest fan of the song but you have to admit the staging, choreography, and her vocals being good despite her dancing was incredible. She is a natural performer. Congrats Bulgaria!",positive,positive,positive,positive,positive,positive,Eurovision,im biggest fan song admit staging choreography vocals good despite dancing incredible natural performer congrats bulgaria
UgwoeJ8dNS06b09v7ox4AaABAg,"One of the bosses at the company I work for is Bulgarian and a huge Eurovision fan. She gave us a days holiday when they won. Thank you, Dara ❤️",positive,positive,positive,positive,positive,positive,Eurovision,one bosses company work bulgarian huge eurovision fan gave us days holiday thank dara
UgzQGCwDHaPnoxfwiM14AaABAg,This doesn’t feel like a live performance… it feels like a cinematic experience. Bulgaria absolutely nailed it.,positive,positive,positive,positive,positive,positive,Eurovision,doesnt feel like live performance feels like cinematic experience bulgaria absolutely nailed
UgxbvxQDZO6QnC9c58V4AaABAg,"FINALLY! BALKANS WIN! Finally win a country without money and budget!!! Clear winner, congratulations to Bulgaria!",positive,positive,positive,positive,positive,positive,Eurovision,finally balkans win finally win country without money budget clear winner congratulations bulgaria
UgwuuzyI56FwZB1EHiR4AaABAg,Ive never cheered this much for Bulgaria to win anything.,positive,positive,positive,positive,positive,positive,Eurovision,ive never cheered much bulgaria win anything
UgyZ7xDeYv7iGqB82wR4AaABAg,"Hi dear people! 2 months after our diva DARA won Eurovision 🏆!!!! This was a crazy moment for my country Bulgaria 🇧🇬 and for me of course, because i'm a very big fan of Eurovision since 10 years!!! For the first time Bulgaria won something big competition in the World 🌎!!! I use this comment to say thank you to everyone for congrats my country and our queen winning Eurovision!!!  I love you all here!!!!❤❤❤ I invite everyone to come in Bulgaria 🇧🇬 for next year!!! I hope we Bulgarians to make best Eurovision ever!!!! Welcome all to Bulgaria 🇧🇬!!! Best wishes from me,Andi!!!❤❤❤",positive,positive,positive,positive,positive,positive,Eurovision,hi dear people 2 months diva dara eurovision crazy moment country bulgaria course im big fan eurovision since 10 years first time bulgaria something big competition world use comment say thank everyone congrats country queen winning eurovision love invite everyone come bulgaria next year hope bulgarians make best eurovision ever welcome bulgaria best wishes meandi
UgwjreByLjWvzaQ87uN4AaABAg,"That performance was incredible. It felt like watching a complete, professionally produced video song live.",positive,positive,positive,positive,positive,positive,Eurovision,performance incredible felt like watching complete professionally produced video song live
Ugx4YnLjl4El8WB-TtJ4AaABAg,"When you think of it, she might be the one that relied the least on this huge stage. She shrank it down to a ""room"", like a random waiting room in a office building, worked in it, and just at the very end, she used a bit of the entire stage. She actually played with the camera and engaged directly with the audience, pulling us in that ""room"" and her song. Really, it gave a mid 00's MTV video feel, in the best way possible. Bravo Dara, congrats!",positive,positive,positive,positive,positive,positive,Eurovision,think might one relied least huge stage shrank room like random waiting room office building worked end used bit entire stage actually played camera engaged directly audience pulling us room song really gave mid 00s mtv video feel best way possible bravo dara congrats
UgwfMqIVd6z622IUQqF4AaABAg,The fact that they were able to create a music video feel during a live performance is mind blowing.,positive,positive,positive,positive,positive,positive,Eurovision,fact able create music video feel live performance mind blowing
Ugwcj6yJS1AznKrwuUx4AaABAg,This is a masterclass in how to win the Eurovision,positive,positive,positive,positive,positive,positive,Eurovision,masterclass win eurovision
UgxpOI8WRwLnoGd148d4AaABAg,"Loved how everyone underestimated her... 

That she is the right choice to represented Bulgaria.
That she might not qualify.
That she might not get into Top 10
That there is no chance to win.

And then she casually came, brought the arena roof down, took all that jury  and televote points, totally turned over the table (and chairs😅), took the trophy and fly back to Bulgaria, leaving everyone in complete shock!

Isn't that quite the journey and story of this year ESC

I am so happy with this win!
That's how Eurovision should be..unpredictable, enjoyable, charging with positive energy!",positive,positive,positive,positive,positive,positive,Eurovision,loved everyone underestimated right choice represented bulgaria might qualify might get top 10 chance win casually came brought arena roof took jury televote points totally turned table chairs took trophy fly back bulgaria leaving everyone complete shock isnt quite journey story year esc happy win thats eurovision beunpredictable enjoyable charging positive energy
Ugx8_nSD6DmHCYQrEuB4AaABAg,The cinematography of this performance is just perfect. It balances the chaos of the song in just the right way. Well done.,positive,positive,positive,positive,positive,positive,Eurovision,cinematography performance perfect balances chaos song right way well done
UgyjkESqXd4khFODfgJ4AaABAg,"Win or lose, his mom is going to be so proud of him",positive,positive,positive,positive,positive,positive,Eurovision,win lose mom going proud
Ugy82HzjcRxCtwwK31Z4AaABAg,"Akylas, the juries did you dirty… You managed to reach the top 6 in the televote and 10th place overall. And you know what? That’s okay.
Because we loved your song, we loved your personality, we loved your positive aura. Be proud of yourself, because we are very proud of you.❤❤",positive,positive,positive,positive,positive,positive,Eurovision,akylas juries dirty managed reach top 6 televote 10th place overall know thats okay loved song loved personality loved positive aura proud proud
UgzGrcEi0c5w_qBk_xh4AaABAg,"From what I've noticed, I think he's the one who had the most fun out of all the contestants. He just exudes joy and relaxation.😂🎉",positive,positive,positive,positive,positive,positive,Eurovision,ive noticed think hes one fun contestants exudes joy relaxation
UgwNFELAbDs3_oIwj9J4AaABAg,Thank u so much for everything Europe ❤️ I love u,positive,positive,positive,positive,positive,positive,Eurovision,thank u much everything europe love u
UgzLKygAyDRlP5QpobJ4AaABAg,"Some win, others become legends",positive,positive,positive,positive,positive,positive,Eurovision,win others become legends
Ugwyu1y2JnZmTM71IC14AaABAg,"He is a good person, you can see that.
Watch the video when Dara won the way he was dancing in the background without any jealousy, genuinely happy for someone else’s success.
Great things are still ahead of him.
Greetings from Serbia.❤️🇷🇸🇬🇷",positive,positive,positive,positive,positive,positive,Eurovision,good person see watch video dara way dancing background without jealousy genuinely happy someone elses success great things still ahead greetings serbia
UgzzEQNIZeHIUQZCkwR4AaABAg,"Dear Greece, we both lost so we can stop fighting now🥲 Let’s be friends again 🇫🇮🤝🇬🇷",negative,negative,negative,positive,negative,negative,Eurovision,dear greece lost stop fighting lets friends
UgwgAH6f8cFsgpwf7-54AaABAg,"My family cannot stop laughing during all the performance, they say he could perfectly be part of us Spaniards. It’s time for Greece’s victory after 21 years. Wishing the best of luck and sending lots of love from Spain, dear Greece 🇬🇷❤️🇪🇸 OPA ELLADA!!!",positive,positive,positive,positive,positive,positive,Eurovision,family cannot stop laughing performance say could perfectly part us spaniards time greeces victory 21 years wishing best luck sending lots love spain dear greece opa ellada
Ugz6pAOhSOY7pUhT1PR4AaABAg,12 points from all Europeans voters!!! 🎉🎉🎉,positive,positive,positive,positive,positive,positive,Eurovision,12 points europeans voters
UgxIjDucWZu28FqNugp4AaABAg,#NAME?,neutral,neutral,neutral,positive,neutral,neutral,Eurovision,
UgybrbRbQT02sQ-Fjt14AaABAg,"This is a perfect Eurovision song. Catchy, sang in the artist’s native language, with a well-executed entertaining performance and a deep meaning hidden behind all the fun? 
I’m happy Akylas is top-10, but he deserved much more.",positive,positive,positive,positive,positive,positive,Eurovision,perfect eurovision song catchy sang artists native language wellexecuted entertaining performance deep meaning hidden behind fun im happy akylas top10 deserved much
UgxJ4UDYfmbdPbKXPOJ4AaABAg,"*Just a few months ago, Akylas was performing as a street musician, chasing a dream with nothing but talent, perseverance, and belief in himself.*

*Today, Europe has the opportunity to crown him as a winner and send a powerful message to every young person across the continent: that even in the difficult times we live in, hard work, dedication, and self-confidence can still turn dreams into reality.*

Let Europe gather next year under the Greek sky, beside the sea, with unforgettable music, incredible culture, amazing cuisine, and the warmest welcome imaginable.

*This is bigger than a song.*
*This is a story of hope.*
*Bring Eurovision to Greece, bring it back to the Balkans!!* 🇬🇷",positive,positive,positive,positive,positive,positive,Eurovision,months ago akylas performing street musician chasing dream nothing talent perseverance belief today europe opportunity crown winner send powerful message every young person across continent even difficult times live hard work dedication selfconfidence still turn dreams reality let europe gather next year greek sky beside sea unforgettable music incredible culture amazing cuisine warmest welcome imaginable bigger song story hope bring eurovision greece bring back balkans
Ugz28PTlQpsLZuODffR4AaABAg,12 points for Greece from Poland 🇵🇱 my favorite🤩🥰,positive,positive,positive,positive,positive,positive,Eurovision,12 points greece poland favorite
UgwT4yzqbmufiRMAzG94AaABAg,I was so happy that my country gave the brothers 12 points 🇷🇸🇬🇷,positive,positive,positive,positive,positive,positive,Eurovision,happy country gave brothers 12 points
UgwgPMI2cdfCALrASfJ4AaABAg,12 points from Germany.  My winner,positive,positive,positive,positive,positive,positive,Eurovision,12 points germany winner
UgzykBzfgo9J1VBMdbV4AaABAg,AKYLAS BECAME ONE MORE CELEBRITY IN THE EUROVISION HALL OF FAME,positive,positive,negative,positive,positive,positive,Eurovision,akylas became one celebrity eurovision hall fame
UgzTIBhIGbrlfbtSiUF4AaABAg,Serbian jury awarded 12 points 🇷🇸♥️🇬🇷,positive,positive,positive,positive,positive,positive,Eurovision,serbian jury awarded 12 points
UgxR4wKZAF59f9uHQAV4AaABAg,"12 points from Bosnia 🇧🇦🤍🇬🇷 As catchy, upbeat, and positive as the song is, it’s also emotionally heavy. Reading the translated lyrics gave me goosebumps. Go for the win! 🇬🇷🥹",positive,positive,positive,positive,positive,positive,Eurovision,12 points bosnia catchy upbeat positive song also emotionally heavy reading translated lyrics gave goosebumps go win
UgxG7X5X1LYfPvLsv_p4AaABAg,"My vote for Greece from Georgia. Akylas is unbelievably brilliant. Wishing you victory, Greeks!💙💙🫶",positive,positive,positive,positive,positive,positive,Eurovision,vote greece georgia akylas unbelievably brilliant wishing victory greeks
Ugww6cYaOIaK2JFkE0l4AaABAg,12 Points Like BUTTON! Winner 2026 Thats Real ESC Music!,positive,positive,positive,positive,positive,positive,Eurovision,12 points like button winner 2026 thats real esc music
Ugxj-1M-JH_ROPcKHz14AaABAg,"GREECE IS MY FAVORITE COUNTRY IN EUROVION, EVERYTHING THEY SEND IS AMAZING 🇬🇷❤️🇮🇹",positive,positive,positive,positive,positive,positive,Eurovision,greece favorite country eurovion everything send amazing
UgyBH2MRL38LW-n96IZ4AaABAg,Respect from Armenia to Greece,positive,positive,positive,positive,positive,positive,Eurovision,respect armenia greece
UgyoUunrUsAqk00A7t54AaABAg,12 points from USA 🇺🇸 <3,positive,positive,positive,positive,positive,positive,Eurovision,12 points usa 3
UgxIhT-6WGhdG1E7ZoR4AaABAg,12 points from United Kingdom my favourite,positive,positive,positive,positive,positive,positive,Eurovision,12 points united kingdom favourite
UgxFZVaVnv-0MIPAhWl4AaABAg,I am so prouf of our jury 🇷🇸♥️🇬🇷,positive,positive,positive,positive,positive,positive,Eurovision,prouf jury
UgyMANd16xS_zD7Rkwt4AaABAg,"The international collab we've never expected, this will go down as a historical moment 🇲🇦x🇩🇿x🇬🇧x🇫🇷x🇮🇹x🇪🇦x🇸🇳",neutral,neutral,neutral,positive,neutral,neutral,Eurovision,international collab weve never expected go historical moment xxxxxx
UgxcGqeiHkAki8MPtS94AaABAg,Anyone in June 2026 ?,neutral,neutral,neutral,positive,neutral,neutral,Eurovision,anyone june 2026
UgyMvQXxyAzL7xdrZ994AaABAg,"00:27 Rondo🇮🇹
00:54 Baby🇮🇹
1:20 Cee🏴󠁧󠁢󠁥󠁮󠁧󠁿
1:47 A2Anti🏴󠁧󠁢󠁥󠁮󠁧󠁿
2:12 Morad🇪🇸
2:39 Beny Jr🇪🇸
3:07 Ashe 22🇫🇷
3:33 Freeze🇫🇷",neutral,neutral,neutral,neutral,neutral,neutral,Eurovision,0027 rondo 0054 baby 120 cee 147 a2anti 212 morad 239 beny jr 307 ashe 22 333 freeze
UgxhtxvCZbWvKYcq1RF4AaABAg,Anyone During this world cup 2026?😊😊,positive,neutral,neutral,neutral,neutral,neutral,Eurovision,anyone world cup 2026
UgyFLjOgwzM2xvGRddB4AaABAg,"I HAVE NO WORDS TO EXPLAIM HOW GOOD THIS IS, WHAT A JOINT THAT ALL, I'LL NEVER GET TIRED OF LISTENING TO IT.😍🇲🇦🇩🇿🇬🇧🇫🇷🇮🇹🇪🇦🇸🇳",positive,positive,positive,positive,positive,positive,Eurovision,words explaim good joint ill never get tired listening
UgxONsL5HPFXBNRkHbh4AaABAg,"I am spanish but RONDO it's the best part, it's just amazing how he starts🔥🔥🔥",positive,positive,positive,positive,positive,positive,Eurovision,spanish rondo best part amazing starts
UgwkiB6olmpe99oQCJJ4AaABAg,"4 years later, yet we haven't been any closer to world peace than that.",positive,positive,positive,positive,positive,positive,Eurovision,4 years later yet havent closer world peace
UgyvsdhuARO-CywE4kN4AaABAg,Imagine if Eurovision was brave enough to give a platform to music that actually told the story of what life is like on the streets of Europe's most populated cities.,positive,positive,positive,negative,positive,positive,Eurovision,imagine eurovision brave enough give platform music actually told story life like streets europes populated cities
Ugy2eqeCJoEbPjINKdR4AaABAg,"Central Cee Has made History. This song is a certified European Masterclass.
667 Ekip",neutral,neutral,neutral,positive,neutral,neutral,Eurovision,central cee made history song certified european masterclass 667 ekip
UgwaQMinYbadpngUuDx4AaABAg,1 song 8 artists 8 languages 8 beats 100% fire,negative,negative,negative,positive,negative,negative,Eurovision,1 song 8 artists 8 languages 8 beats 100 fire
UgwEwr7LtxUljsICWT54AaABAg,As an American who had never heard of any of these guys before l’m incredibly impressed,positive,positive,positive,positive,positive,positive,Eurovision,american never heard guys lm incredibly impressed
UgzKK3K4emto5jd2Hv14AaABAg,Rondo Goes the Hardest 💯,neutral,neutral,neutral,positive,neutral,neutral,Eurovision,rondo goes hardest
UgxX-EpOH7JwvlBTcKp4AaABAg,*THE WORK RATE IS MAD!* 🥶💯,negative,neutral,neutral,neutral,neutral,neutral,Eurovision,work rate mad
UgwvQmwjxjrdKSVdcDx4AaABAg,I don’t know what half of it says but it slaps anyway 🥶🥶🥶,neutral,neutral,neutral,positive,neutral,neutral,Eurovision,dont know half says slaps anyway
Ugy5e2XSmtgYNSINGDt4AaABAg,The collab is hard! 🙏 🔥,negative,negative,negative,positive,negative,negative,Eurovision,collab hard
UgwG5EX0OiJpG8uXn4J4AaABAg,Rondoo Drill King🐐💙🇮🇹,neutral,neutral,neutral,positive,neutral,neutral,Eurovision,rondoo drill king
UgykueX_1AD7fCT1tsV4AaABAg,"French brothers killed it with this one🇫🇷🔥
 love from Italy🇮🇹",negative,positive,positive,positive,positive,positive,Eurovision,french brothers killed one love italy
UgyZ6GIsdaOKqHjUaWp4AaABAg,Italy and spain on top🔥💯 rondo baby gang morad and benyjr lit it on fireee,negative,neutral,neutral,positive,neutral,neutral,Eurovision,italy spain top rondo baby gang morad benyjr lit fireee
UgwQO4jfH-KCJqL7viB4AaABAg,Being an American artist / rapper and seeing different countries and culture in the music scene is always dope to see. Everyone got a story to tell and everyone got something new to learn,neutral,neutral,neutral,neutral,neutral,neutral,Eurovision,american artist rapper seeing different countries culture music scene always dope see everyone got story tell everyone got something new learn
Ugwd7_4g5VKbb7xGB4R4AaABAg,"I don’t think you understand how massive of a collab this is, it represents every corner of some of the best drill artists in Europe, these drill artists are representing their country in terms of best rappers in their country, Cench got together the best drill artists in Europe and put them together in 1 song, that takes some skill, especially because some of the gangs in this video don’t like each other but to bring them together in 1 music video is amazing",positive,positive,neutral,positive,positive,positive,Eurovision,dont think understand massive collab represents every corner best drill artists europe drill artists representing country terms best rappers country cench got together best drill artists europe put together 1 song takes skill especially gangs video dont like bring together 1 music video amazing
UgzsuoxfpOy1GKEX4Nd4AaABAg,Baby gang went crazy with his flow everyone did his part well done,negative,neutral,neutral,positive,neutral,neutral,Eurovision,baby gang went crazy flow everyone part well done
UgwGrtQylFqQK6aLgKV4AaABAg,1:22 Just listen to the beat🔥,negative,neutral,neutral,positive,neutral,neutral,Eurovision,122 listen beat
UgyRC8qskdRrqf5SK5l4AaABAg,Who ever made the transition from a firework to a smoking blunt need a rise!!! That was WAYYYY TOO CLEAN,positive,positive,neutral,positive,positive,positive,Eurovision,ever made transition firework smoking blunt need rise wayyyy clean
UgwlOySy_mHBrImAA_V4AaABAg,"PROUD TO BE MOROCCAN, BORN IN ITALY AND IM IN FRANCE 🇮🇹🇲🇦🇫🇷",positive,positive,neutral,positive,positive,positive,Eurovision,proud moroccan born italy im france
UgwnRPE-Fx6K0FnYidh4AaABAg,Directed By WILLIAM Thomas (me) 🇪🇺🇪🇺🌍 Thanks to the artists and Central Cee for this 🎥🎥🤯🤯 ! Une réalisation WILLIAM Thomas 🇬🇧🌍🇪🇺🇮🇹🇫🇷🇪🇸😬,positive,positive,neutral,positive,positive,positive,Eurovision,directed william thomas thanks artists central cee une réalisation william thomas
UgwJ3RkoibfSMf--jTt4AaABAg,gonna tell my kids this was Helen of Troy,neutral,neutral,neutral,neutral,neutral,neutral,Eurovision,gonna tell kids helen troy
UgxraO9OO0lU4w-b2od4AaABAg,Here again after Bulgaria won Eurovision 2026,positive,neutral,neutral,neutral,neutral,neutral,Eurovision,bulgaria eurovision 2026
UgwqQN35EkOt1Dxp1id4AaABAg,Stop asking who’s still here. We aren’t leaving.,negative,negative,neutral,negative,negative,negative,Eurovision,stop asking whos still arent leaving
UgyPBxt-kDvfiFmxY_l4AaABAg,Eurovision week so i cane here to pay my tribute,negative,neutral,neutral,neutral,neutral,neutral,Eurovision,eurovision week cane pay tribute
UgzD29K62M79i8I4qsx4AaABAg,"That self-confidence, she came to win, you can see that in her eyes :D",positive,positive,neutral,positive,positive,positive,Eurovision,selfconfidence came win see eyes
Ugwx3yliwjW0kVw06md4AaABAg,"After 16 years, I'm still listening. Helena is the most confident woman in the eurovision history. Her eyes say 'I'm here to win!"" What a charisma! Greetings from Turkey!",positive,positive,neutral,positive,positive,positive,Eurovision,16 years im still listening helena confident woman eurovision history eyes say im win charisma greetings turkey
UgxXiQByIyZmMW9bJ054AaABAg,"This song was a huge hit in the Balkans. 
Bulgaria, Serbia, Romania, Turkey... everyone was listening to this song",positive,positive,neutral,positive,positive,positive,Eurovision,song huge hit balkans bulgaria serbia romania turkey everyone listening song
UgzOEhUoJlTBD_38tzp4AaABAg,"2003 Sertap 🇹🇷
2004 Ruslana 🇺🇦
2005 Helena 🇬🇷
Three wonderful years, Three wonderful women.",positive,positive,neutral,positive,positive,positive,Eurovision,2003 sertap 2004 ruslana 2005 helena three wonderful years three wonderful women
UgjnIIVXef-b33gCoAEC,"Turkey gave 12 points to this song, and more than 5 years i heard this everywhere in Turkey. We love you Greece !",positive,positive,positive,positive,positive,positive,Eurovision,turkey gave 12 points song 5 years heard everywhere turkey love greece
Ugyzga6wfyLXTxS7U2d4AaABAg,I'm still listening this song during quarantine days in Istanbul.,neutral,neutral,positive,neutral,neutral,neutral,Eurovision,im still listening song quarantine days istanbul
UgxDuX5_JUhEUSQu0ep4AaABAg,"you can't imagine how a huge hit this song was in Türkiye, we even used it at some schools as schoolbells for years :))",positive,positive,neutral,positive,positive,positive,Eurovision,cant imagine huge hit song türkiye even used schools schoolbells years
UgyX2CZDeDBWpwNAnpd4AaABAg,"She's a Greek goddess
She totally nailed it. She owned the stage that night",neutral,positive,positive,positive,positive,positive,Eurovision,shes greek goddess totally nailed owned stage night
UgxDSdDaRSyrEsKkDRh4AaABAg,"Still hit, still listening!!!! Greetings from Turkey to our neighbour Greece 🇹🇷🇬🇷",positive,positive,positive,positive,positive,positive,Eurovision,still hit still listening greetings turkey neighbour greece
UgxXvjXujw0OQYHp4d54AaABAg,I remember how succesfull this song became in Venezuela . It was played in all clubs.,positive,positive,positive,positive,positive,positive,Eurovision,remember succesfull song became venezuela played clubs
UgxivB1BRrsPDCIf-od4AaABAg,One of my all time favorite Eurovision songs. 💙,positive,positive,positive,positive,positive,positive,Eurovision,one time favorite eurovision songs
UgydKbRNJ4i6w4_-q4x4AaABAg,"Dancing and singing , not missing one note, she is pure perfection",positive,positive,positive,positive,positive,positive,Eurovision,dancing singing missing one note pure perfection
Ugxz9ImoZitkD3AKTcZ4AaABAg,Funny fun fact: That guy that you can hear in 2:55 actually sneezed but he was so on beat that nobody realized 😂,positive,neutral,neutral,neutral,neutral,neutral,Eurovision,funny fun fact guy hear 255 actually sneezed beat nobody realized
UgwkvTaF5aCv32hBNBl4AaABAg,"One of the best Eurovision entries of all time, love from Türkiye.",positive,positive,neutral,positive,positive,positive,Eurovision,one best eurovision entries time love türkiye
Ugx1bBYLDeD4dnMjlWV4AaABAg,"2004: Greece wins Euro 2004 and hosts the Olympic games.
2005: Greece wins Eurovision song contest and wins EuroBasket.",positive,positive,positive,neutral,positive,positive,Eurovision,2004 greece wins euro 2004 hosts olympic games 2005 greece wins eurovision song contest wins eurobasket
UgzMm4LggxO707g2v4J4AaABAg,"who’s ready for the Grand Final this Saturday, where she’ll perform this again after 16 years?! 💙😍",positive,positive,positive,neutral,positive,positive,Eurovision,whos ready grand final saturday shell perform 16 years
UgwaElpf0jqReRDHQCx4AaABAg,"I was sitting on the couch watching, while my dad was snacking at the dinner table. This song started. At the 10-second mark, my dad and I looked at each other at the same time. I said ""Dad, this is number one. Definitely!""  Watching the other songs didn't change my mind. :) My neighbor deservedly won. Greetings from Türkiye.",positive,positive,neutral,positive,positive,positive,Eurovision,sitting couch watching dad snacking dinner table song started 10second mark dad looked time said dad number one definitely watching songs didnt change mind neighbor deservedly greetings türkiye
UgzmC9mQbYkzjzLnhb14AaABAg,"Comment Section :
%50 Turkish comments
%50 English comments from Turks",neutral,neutral,neutral,neutral,neutral,neutral,Eurovision,comment section 50 turkish comments 50 english comments turks
Ugzro4_xsbVrVHJJUiN4AaABAg,This song would have won every Eurovision every year,positive,positive,positive,positive,positive,positive,Eurovision,song would every eurovision every year
Ugy-kN--_eGju5AE--x4AaABAg,"One of the many things in existence which can unite both our countries, Greece and Turkey, in the 21st century: 
Our passion for our (much identical) traditions and music! 🇬🇷❤🇹🇷",positive,positive,positive,positive,positive,positive,Eurovision,one many things existence unite countries greece turkey 21st century passion much identical traditions music
UgyQlbs7jWw0XTMtO2V4AaABAg,I'm from Turkey and I think Turkey and Greece made Eurovision what it is today. <3,positive,positive,positive,positive,positive,positive,Eurovision,im turkey think turkey greece made eurovision today 3
UgxXHUO0TUzSBOWGZCV4AaABAg,"Someone saw the 'semi-final' comments and took them personally 😭 

Go Queen!!!!! 🔥🔥🔥",negative,neutral,neutral,neutral,neutral,neutral,Eurovision,someone saw semifinal comments took personally go queen
Ugyquba6QFqxXN_3B5Z4AaABAg,You deserved such a better position than 19th Antigoni. This song will be the summer dance hit in Europe ! Well done !,positive,positive,positive,positive,positive,positive,Eurovision,deserved better position 19th antigoni song summer dance hit europe well done
Ugx0gXBKvWUfvgcbBLV4AaABAg,Not gonna lie… she ate tonight! 😂,positive,positive,positive,positive,positive,positive,Eurovision,gonna lie ate tonight
Ugzf-L9neWVMFCoDInB4AaABAg,She was saving her voice for Saturday was actually true.,positive,neutral,neutral,neutral,neutral,neutral,Eurovision,saving voice saturday actually true
UgwjHMOq39Mr_9ifoId4AaABAg,"Her actually dancing on the table just like she was born to and the whole crowd screaming ""JALLA"" like they really want to listen to this for hours. That performance was so iconic. JALLA 🔛🔝",positive,positive,positive,positive,positive,positive,Eurovision,actually dancing table like born whole crowd screaming jalla like really want listen hours performance iconic jalla
UgzAGNBNd_HXsdjEXSl4AaABAg,The way she improved so much in just a couple of days JALLA JALLA JALLA 🇨🇾 💛,positive,positive,positive,positive,positive,positive,Eurovision,way improved much couple days jalla jalla jalla
UgzPEPyUz5IfbFn_ZgF4AaABAg,This song definitely deserved to be in the top 10.,positive,positive,positive,positive,positive,positive,Eurovision,song definitely deserved top 10
Ugz27g3SfLYkoZgQPhd4AaABAg,"This was definitely better than the semi final one, I'm taking my comment back. She came back on stage like a queen.",positive,positive,positive,positive,positive,positive,Eurovision,definitely better semi final one im taking comment back came back stage like queen
UgzhKHblOW3_hywCK2h4AaABAg,"""ΑΓΑΠΩΣΕ ΚΥΠΡΟ"" 3:17 🥹🫠means I LOVE YOU CYPRUS, for those wondering.... She made us proud even if the final place wasn't the respectful one! Thank you Antigoni! You gave all of yourself that night and we appreciate it! I'm very happy for you and us ❤",positive,positive,positive,positive,positive,positive,Eurovision,αγαπωσε κυπρο 317 means love cyprus wondering made us proud even final place wasnt respectful one thank antigoni gave night appreciate im happy us
UgxT49vMoGFJF9sZ4sh4AaABAg,"Her vocals are better this time, which is nice to see.... And even if she finished at 19th place, she slayed on the stage! 
A round of applause to Antigoni and Cyprus for a job well done. 😄👏",positive,positive,positive,positive,positive,positive,Eurovision,vocals better time nice see even finished 19th place slayed stage round applause antigoni cyprus job well done
Ugxi0vs1n0GoR-3-rJ94AaABAg,SHE HAD TO LOCK IN FOR THE FINAL,neutral,neutral,neutral,positive,neutral,neutral,Eurovision,lock final
Ugwqz-RkJzC0gx7KvFt4AaABAg,"I'm bulgarian and I'm pround with our winner, but I actually can't stop listening to this.. I love this song <3",positive,positive,positive,positive,positive,positive,Eurovision,im bulgarian im pround winner actually cant stop listening love song 3
UgzTJrTrn9oF4Q7Bprl4AaABAg,SHE CAME BACK STRONGERRR  🇨🇾🇨🇾🇨🇾🇨🇾🇨🇾🇨🇾,neutral,neutral,neutral,positive,neutral,neutral,Eurovision,came back strongerrr
UgzfU2OSWtxvI5mJ1XB4AaABAg,She deserved JALLA 😭✌️,negative,negative,negative,positive,negative,negative,Eurovision,deserved jalla
UgxR83IwIPj6wj28Xjt4AaABAg,She proved why she qualified!!! Excellent performance tonight!! Breathtaking Cyprus!! Thank you Antigoni! We love you ❤,positive,positive,positive,positive,positive,positive,Eurovision,proved qualified excellent performance tonight breathtaking cyprus thank antigoni love
UgwPCf2PI-m5BljvjwF4AaABAg,Okay she ATE in the final!!!!!!,positive,positive,positive,positive,positive,positive,Eurovision,okay ate final
Ugxe0iNlC4xhHp0PtRd4AaABAg,WHAT AN EPIC REVENGE <3,negative,negative,negative,positive,negative,negative,Eurovision,epic revenge 3
UgweyJMgVG5_tcySS3x4AaABAg,"She managed to bounce back from the mistakes in the semifinals, she ate bro",negative,negative,negative,positive,negative,negative,Eurovision,managed bounce back mistakes semifinals ate bro
UgxPi4JWYhiXCHpWyv94AaABAg,"You got your revenge, queen 💯 You made Cyprus proud — a true winner in our hearts, and the greatest comeback of all!🇨🇾🏆",positive,positive,positive,positive,positive,positive,Eurovision,got revenge queen made cyprus proud true winner hearts greatest comeback
UgyVdjgdz1WladyPyXd4AaABAg,Easily deserved top 10! Sending love from your Greek Australians,positive,positive,positive,positive,positive,positive,Eurovision,easily deserved top 10 sending love greek australians
UgzseAR6QJo6aPceFpJ4AaABAg,"This is SOOOO MUCH BETTER than the semifinal, go girl, GIVE US JALLA ❤‍🔥 🇨🇾",positive,positive,positive,positive,positive,positive,Eurovision,soooo much better semifinal go girl give us jalla
UgxmiKihpnB4lhowQj54AaABAg,"I am Bulgarian and proud of our girl, but this song really got under my skin. 
❤❤❤❤❤❤❤❤❤❤❤❤❤❤❤❤❤❤❤❤❤❤❤❤❤❤❤❤❤❤❤❤❤❤❤❤",positive,positive,positive,positive,positive,positive,Eurovision,bulgarian proud girl song really got skin
UgwS7hiAnmrq4xjhr7R4AaABAg,Never doubted the comeback. Antigoni is the best,positive,positive,positive,positive,positive,positive,Eurovision,never doubted comeback antigoni best
Ugwl_XXwOykHvY6M8BV4AaABAg,"Antigoni mou you are the best, you deserved much better 🇨🇾🇨🇾🇨🇾",positive,positive,positive,positive,positive,positive,Eurovision,antigoni mou best deserved much better
Ugy3qIOfSY_hp-MrrHB4AaABAg,It's like night and day comparing this to the semi finals performance 😭😭 This is by far my favorite performance of the night,negative,negative,negative,positive,negative,negative,Eurovision,like night day comparing semi finals performance far favorite performance night
Ugya1TbUcN06UHhs8Mt4AaABAg,"Most known Eurovision songs ❌
Bros favourite songs ✅",neutral,neutral,neutral,neutral,neutral,neutral,Eurovision,known eurovision songs bros favourite songs
Ugw101TZWx4EOsA7AuB4AaABAg,Sax guy was unironically iconic.,neutral,neutral,neutral,positive,neutral,neutral,Eurovision,sax guy unironically iconic
Ugy6jFfo87iPQlzyDXt4AaABAg,"fairytale not being number 1 is mad work


edit: ragebait successful lmaooo",positive,neutral,neutral,neutral,neutral,neutral,Eurovision,fairytale number 1 mad work edit ragebait successful lmaooo
UgyOMrHOQhMLbaSk3aF4AaABAg,Europapa was the closest we came to world peace,positive,positive,positive,positive,positive,positive,Eurovision,europapa closest came world peace
UgyXHsJWgsof8sKTO1Z4AaABAg,Snap above fairytale is insane,negative,negative,negative,positive,negative,negative,Eurovision,snap fairytale insane
UgwyAeDyhbMs2n2Bp8F4AaABAg,I even didn't know arcade was in Eurovision and snap,neutral,neutral,neutral,neutral,neutral,neutral,Eurovision,even didnt know arcade eurovision snap
UgxcuO0BwiQ0zAgn2A94AaABAg,Arcade and fairytale is my fav😍,positive,positive,positive,positive,positive,positive,Eurovision,arcade fairytale fav
Ugzb2D-AxBLeQSjsnT14AaABAg,Waterloo not being on this list is a fucking sin,negative,negative,negative,negative,negative,negative,Eurovision,waterloo list fucking sin
Ugxv1AMqsyJgSZoVQ0p4AaABAg,"I love Europapa, but it can’t be in this list, there’s so much more known songs like Zitti E Buoni or Waterloo",positive,positive,positive,negative,positive,positive,Eurovision,love europapa cant list theres much known songs like zitti e buoni waterloo
UgzZdQ9LSGcIYULXLBp4AaABAg,best one is deff Fairytale,positive,positive,positive,positive,positive,positive,Eurovision,best one deff fairytale
UgxmSc8jmxqAHYMKPpF4AaABAg,Im from norway and its like such an iconic song in norway,positive,positive,positive,positive,positive,positive,Eurovision,im norway like iconic song norway
Ugx6tD9bbwJIO2TEQu14AaABAg,"Fairytale 
Arcade 
Disrespect was insane

Edit:Does anyone need auto graph",negative,neutral,neutral,neutral,neutral,neutral,Eurovision,fairytale arcade disrespect insane editdoes anyone need auto graph
UgxTflZMFFTBIzQ9a054AaABAg,Where is Waterloo??,neutral,neutral,neutral,neutral,neutral,neutral,Eurovision,waterloo
UgxOSlQQtzGewmj7aZJ4AaABAg,No but the Europapa guy looks so innocent-,positive,positive,positive,positive,positive,positive,Eurovision,europapa guy looks innocent
UgxTc3X2_gU6uA72XkR4AaABAg,"Aleksander once came to my school and performed fairytale for us live. We were maybe 50-100 people, he came right up to my table",neutral,neutral,neutral,neutral,neutral,neutral,Eurovision,aleksander came school performed fairytale us live maybe 50100 people came right table
UgyJk_j2k3vtrjZs2yx4AaABAg,I didn't knew arcade and fairytale where in Eurovision. Fairytale has been for years one of my grandma's ringtones so I know it from there. And I've been looking for arcade recently but didn't knew how it went or how it's called. Thank you!!!,positive,positive,positive,positive,positive,positive,Eurovision,didnt knew arcade fairytale eurovision fairytale years one grandmas ringtones know ive looking arcade recently didnt knew went called thank
UgzSUtD-YjEC1WCkYkF4AaABAg,fairstyle number one,positive,positive,positive,positive,positive,positive,Eurovision,fairstyle number one
UgzEfhkkB0CIkY4ntsp4AaABAg,Hardrock Hallelujah not being here is a crime.,positive,positive,positive,negative,positive,positive,Eurovision,hardrock hallelujah crime
Ugx4Nn5EVJa8Fekl3HF4AaABAg,No way Waterloo from ABBA isn't in this list...,negative,negative,negative,negative,negative,negative,Eurovision,way waterloo abba isnt list
UgznYEnruvyHdN0kSot4AaABAg,Source: Trust me Bro,positive,positive,positive,negative,positive,positive,Eurovision,source trust bro
UgxoCI6cvcPOKksa4lp4AaABAg,RUNAWAY IS A FUCKING CLASSIC BRO I JUST REWATCHED THAT EPIC SAX GUY VIDEO,neutral,neutral,neutral,positive,neutral,neutral,Eurovision,runaway fucking classic bro rewatched epic sax guy video
UgxK1x3CJk0wy8VimE94AaABAg,Waterloo is the most known and also the most important song in Eurovision history. The impact the song had to the entire contest is unbelievable.,positive,positive,positive,positive,positive,positive,Eurovision,waterloo known also important song eurovision history impact song entire contest unbelievable
UgyG-tzBOf0XointGgR4AaABAg,I love Fairytale and arcade ❤,positive,positive,positive,positive,positive,positive,Eurovision,love fairytale arcade
Ugwp2a5yD0qTsUavVBl4AaABAg,I love these all and I think everyone deserves the spot they have (#JusticeforJoost) but where are Waterloo and Zitti e Buoni? I think everyone knows Waterloo and Maneskin is also in the top 400 artists in the world.,positive,positive,positive,positive,positive,positive,Eurovision,love think everyone deserves spot waterloo zitti e buoni think everyone knows waterloo maneskin also top 400 artists world
UgxG4HtGBEvMzCD3rY94AaABAg,Europapa being disqualified was the most bs I’ve ever seen to this day,negative,negative,negative,negative,negative,negative,Eurovision,europapa disqualified bs ive ever seen day
UgwOWjNDqnMrT3TjE3t4AaABAg,"For all those who don't understand the staging: She is in the room with her demons, her haters and fears. When she won the National Selection she wanted to give up because the Bulgarians beat her on the internet. Despite them, however, she decided to go out and show her talent. As in the staging - in the end she left the room and took control of her demons. What a star, this is art. Winner.",positive,positive,positive,positive,positive,positive,Eurovision,dont understand staging room demons haters fears national selection wanted give bulgarians beat internet despite however decided go show talent staging end left room took control demons star art winner
UgwHAz-L5_rDYG_-I0N4AaABAg,12 points from Croatia 💪,neutral,neutral,neutral,positive,neutral,neutral,Eurovision,12 points croatia
UgydWcjsJ05JIP7UDv54AaABAg,The live performance is even better than the original. This rarely happens! I’m so impressed! Loved every second of it,positive,positive,positive,positive,positive,positive,Eurovision,live performance even better original rarely happens im impressed loved every second
Ugy_vFqvrU35j-3y5gd4AaABAg,Whoever choreographed this needs an award !!!!,positive,positive,positive,positive,positive,positive,Eurovision,whoever choreographed needs award
Ugx-i_IbwtRoC6nYa-x4AaABAg,"There are SO many details in this performance! Not just the vocal, the movement, even the small facial expression! You can clearly see how much effort the team put into it. Not just Dara, but the whole team, well done.",positive,positive,positive,positive,positive,positive,Eurovision,many details performance vocal movement even small facial expression clearly see much effort team put dara whole team well done
Ugy6BO76IqqtQaDqM5Z4AaABAg,"NEVER LEAVE EUROVISION AGAIN BULGARIA 

WELCOME BACK !!",positive,positive,positive,positive,positive,positive,Eurovision,never leave eurovision bulgaria welcome back
UgzBh_Et6bQw4CxTeil4AaABAg,12 points from 🇷🇸 🫶 🇧🇬,neutral,neutral,neutral,positive,neutral,neutral,Eurovision,12 points
UgwM5GBBgLGJK6e1_eF4AaABAg,"This song and performance served as proof that success is possible, regardless of the country. As you know, Balkan countries often fail to get the recognition they deserve at Eurovision.",positive,positive,positive,positive,positive,positive,Eurovision,song performance served proof success possible regardless country know balkan countries often fail get recognition deserve eurovision
Ugz4fAbIwKoxd6fHwkx4AaABAg,"This is the best song in eurovision 12 points from Serbia.
Absolute BANGARA",positive,positive,positive,positive,positive,positive,Eurovision,best song eurovision 12 points serbia absolute bangara
Ugz4PELW3l9ubSRvA8J4AaABAg,The Balkans are on fire this year and Bulgaria is coming back to the contest in a truly legendary way ❤️ 🇧🇬,positive,positive,positive,positive,positive,positive,Eurovision,balkans fire year bulgaria coming back contest truly legendary way
Ugw10s-63bMSb21SijF4AaABAg,12 points from the Georgian jury go to Bulgaria🇬🇪🇧🇬🔥,negative,negative,negative,positive,negative,negative,Eurovision,12 points georgian jury go bulgaria
UgzUyjbUdxwpe6e5ijN4AaABAg,12 points from Poland go to BULGARIA BANGARANGA LOVE U 🇵🇱❤️🇧🇬,positive,positive,positive,positive,positive,positive,Eurovision,12 points poland go bulgaria bangaranga love u
Ugy6VcNBRvRNEEEZSWp4AaABAg,ppl cant even realise how difficult this is . amazing work blew my head off,positive,positive,positive,positive,positive,positive,Eurovision,ppl cant even realise difficult amazing work blew head
Ugx6-AOurRvum9NLKe14AaABAg,"she was professional mann the expressions, vocals, everything",neutral,neutral,neutral,positive,neutral,neutral,Eurovision,professional mann expressions vocals everything
UgwB_3T9xpBMgW1Ewmh4AaABAg,"I'm shocked at how charismatic DARA is. That's a huge plus from me, and the choreography comes second. Well done, Bulgaria! This isn't the type of song I usually listen to, but as a complete package, you deserve the top spot. Greetings from Croatia.",positive,positive,positive,positive,positive,positive,Eurovision,im shocked charismatic dara thats huge plus choreography comes second well done bulgaria isnt type song usually listen complete package deserve top spot greetings croatia
UgzaQT9Q3ynW2S0hted4AaABAg,"Bravo DARA! All of Bulgaria is proud of you! Thanks to you, EUROVISION in 2027 will be in Bulgaria! 🇧🇬🇧🇬🇧🇬",positive,positive,positive,positive,positive,positive,Eurovision,bravo dara bulgaria proud thanks eurovision 2027 bulgaria
Ugx9DqhHK2ZQxtdc9-94AaABAg,Masterpiece! Welldone Bulgaria! What a comeback! 12 points from Croatia! 🇭🇷🤝🇧🇬,positive,positive,positive,positive,positive,positive,Eurovision,masterpiece welldone bulgaria comeback 12 points croatia
Ugyj2jva9P1PKzp-63N4AaABAg,She is amazing!!! I don’t think people realise how hard is to sing and dance at such tempo,positive,positive,positive,positive,positive,positive,Eurovision,amazing dont think people realise hard sing dance tempo
UgyGtoX-THn4Tm84A5N4AaABAg,"Sweden here 🇸🇪 — Bulgaria just WON idc 🔥😮‍🔥
This song is INSANE 💥 winner vibes all the way 🏆🇧🇬",negative,positive,positive,positive,positive,positive,Eurovision,sweden bulgaria idc song insane winner vibes way
UgzfeGYASun28LeMRiZ4AaABAg,nice to see someone win that actually deserved it for once ….,positive,positive,positive,positive,positive,positive,Eurovision,nice see someone win actually deserved
Ugwr4wSUsJbdlAtwDc94AaABAg,Serbia 🇷🇸 is rooting for our sister Dara! 🔥❤️,negative,positive,positive,positive,positive,positive,Eurovision,serbia rooting sister dara
UgwUeyzcjTD-HP2fBQB4AaABAg,"ABSOLUTELY BANGARANGA
my vote from Greece to our brothers in Bulgaria 🇧🇬 ❤🇬🇷",neutral,positive,positive,positive,positive,positive,Eurovision,absolutely bangaranga vote greece brothers bulgaria
UgxmK8iGohfQEnWxXnd4AaABAg,12 points to Bulgaria from Greece¬!!!,neutral,positive,positive,positive,positive,positive,Eurovision,12 points bulgaria greece
Ugy2s7JFjlvkWDmVjaB4AaABAg,She won this with her energy 👌,positive,positive,positive,positive,positive,positive,Eurovision,energy
Ugw4HATqeA5dMoWHivt4AaABAg,"This performance could easily be on an MTV award show. Impressive, and her acting was great too! 👏👏",positive,positive,positive,positive,positive,positive,Eurovision,performance could easily mtv award show impressive acting great
UgwGrM548t8qWoy_IUJ4AaABAg,"Akylas spends three full minutes constantly dancing, climbing, and running around and he never misses a single note on the mouth microphone.
Honestly, it’s incredibly demanding.
This year, Greece is truly competing for the win.
The performance carries a message about overconsumption, wealth, and poverty but also that with love and hard work, you can make it through and succeed.",positive,positive,positive,positive,positive,positive,Eurovision,akylas spends three full minutes constantly dancing climbing running around never misses single note mouth microphone honestly incredibly demanding year greece truly competing win performance carries message overconsumption wealth poverty also love hard work make succeed
Ugx7sGrRh_3bV4c-4UB4AaABAg,"As a person from the Uk, this was 100% guaranteed in the final, you Greeks really deserved it ❤",positive,positive,positive,positive,positive,positive,Eurovision,person uk 100 guaranteed final greeks really deserved
UgwFzixb7F59kx8iZf54AaABAg,"He sings ""I want GLORY, ETERNITY, and MONEY"", and the three rooms represent that: a fan wearing merch with his pictures on her wall, an ancient Greek statue, and pure gold. Great staging!!",positive,positive,positive,positive,positive,positive,Eurovision,sings want glory eternity money three rooms represent fan wearing merch pictures wall ancient greek statue pure gold great staging
UgzLaQk2zkaF4eTxGtN4AaABAg,He just invented Gree-K-pop,neutral,positive,positive,positive,positive,positive,Eurovision,invented greekpop
Ugyxzx7lJHLTn6-_Hmp4AaABAg,Last 3 entries from Greece are amazing! Love that they finally sing in their beautiful language and I hope they never stop! This is a renaissance era for Greece ❤❤,positive,positive,neutral,positive,positive,positive,Eurovision,last 3 entries greece amazing love finally sing beautiful language hope never stop renaissance era greece
UgzkSVNaM2Ry-Igixtl4AaABAg,"GO GO GO🇬🇷🔥
12 points from Indonesia🇮🇩❤️",negative,positive,positive,positive,positive,positive,Eurovision,go go go 12 points indonesia
UgyVNbxCy-WMZ0baVmR4AaABAg,12 points from Romania 🇷🇴 ❤️🇬🇷,neutral,positive,positive,positive,positive,positive,Eurovision,12 points romania
UgyeOC21QWde_6ebOuR4AaABAg,"What can I say.. Isn't everything perfect?
 As a Turk who has always been in love with Greek music, I really want Greece to get what it deserves this year❤",positive,positive,positive,positive,positive,positive,Eurovision,say isnt everything perfect turk always love greek music really want greece get deserves year
UgxD_GYwNEIv_F9Rfht4AaABAg,12 POINTS FROM CROATIA !🇭🇷😘,positive,positive,positive,positive,positive,positive,Eurovision,12 points croatia
UgzgvSZPlXSFo06SFZp4AaABAg,The part with his mum changes the whole meaning of the song. Suddenly it’s not about greed or showing off but it’s about a child wanting to give back to the woman who sacrificed everything for him. That part was genuinely heartbreaking and very emotional  ❤️,negative,negative,negative,positive,negative,negative,Eurovision,part mum changes whole meaning song suddenly greed showing child wanting give back woman sacrificed everything part genuinely heartbreaking emotional
UgwaTH9YKbqMbZnICVR4AaABAg,"Rooting for Greece! From Switzerland!
 🇨🇭🤝🇬🇷",neutral,positive,positive,positive,positive,positive,Eurovision,rooting greece switzerland
UgzCiNH92kTGTUZFdlN4AaABAg,"I’m with Akylas all the way to the end! It’s about watching a kid who, just a few months ago, was busking for passersby outside the streets of Athens, now rightfully earning his place on the biggest musical stage in the world, simply because he relentlessly chased his dream.
This is a wake-up call for us to finally decide what kind of society we want to be. Do we want happy kids fighting for their own dreams—even if those dreams don't fit our personal taste—or kids drowning in despair, driven to the absolute edge?
For me, a true role model has nothing to do with personal preferences. It doesn't matter if you’re different as a person. What actually counts, what we should really look up to and admire, is the kindness someone radiates, their honest hustle to make it, and the strength to never give up on their dreams. That is what a real role model looks like.
Best of luck, Akylas! From the streets to the very top, your kindness and your struggle are already a massive victory.",positive,positive,positive,positive,positive,positive,Eurovision,im akylas way end watching kid months ago busking passersby outside streets athens rightfully earning place biggest musical stage world simply relentlessly chased dream wakeup call us finally decide kind society want want happy kids fighting dreamseven dreams dont fit personal tasteor kids drowning despair driven absolute edge true role model nothing personal preferences doesnt matter youre different person actually counts really look admire kindness someone radiates honest hustle make strength never give dreams real role model looks like best luck akylas streets top kindness struggle already massive victory
Ugyw6gcmdqTC3z381pB4AaABAg,"All my votes for you Akylas! What a smart and meaningful song, and excellent staging! Well done Greek delegation! Greece 2027 🇬🇷🇬🇷🇬🇷",positive,positive,positive,positive,positive,positive,Eurovision,votes akylas smart meaningful song excellent staging well done greek delegation greece 2027
UgwU1H0w5jk9jpMT9mF4AaABAg,I think we already know the televoting winner 🇬🇷🏆,positive,positive,positive,neutral,positive,positive,Eurovision,think already know televoting winner
UgwxV6ym5WSeH0QIvN94AaABAg,12 points from Germany ❤bravo Greece 🇬🇷 ❤❤❤❤❤❤❤❤🎉🎉🎉🎉🎉🎉🎉🎉🎉🎉🎉🎉🎉,positive,positive,positive,positive,positive,positive,Eurovision,12 points germany bravo greece
Ugy044QUE7-NkuWskQt4AaABAg,He needs to win so I can plan a longer stay in Greece next year 😂❤,positive,positive,positive,positive,positive,positive,Eurovision,needs win plan longer stay greece next year
Ugyh4Z-qi6ric_neXCh4AaABAg,"I had the honor to be there live and see the performance from an angle where I saw what the stage crew had to do to make the performance look as flawless as it does here. Several people running like maniacs to change the props, and of course Akylas running like crazy as well 😂😁. It's really imprinted in my brain as the most insane performance of the evening",positive,positive,neutral,positive,positive,positive,Eurovision,honor live see performance angle saw stage crew make performance look flawless several people running like maniacs change props course akylas running like crazy well really imprinted brain insane performance evening
Ugy006Q9YDrQTiWfgap4AaABAg,And finally I see why people are loving this! It took me several months. But this live performance opened my eyes - and ears! Regards from Norway,positive,positive,neutral,positive,positive,positive,Eurovision,finally see people loving took several months live performance opened eyes ears regards norway
UgzJ5-bDJ4tqJBp3TlF4AaABAg,Bravo Greece from 🇭🇷💕,positive,positive,positive,positive,positive,positive,Eurovision,bravo greece
UgzrcZEGHl9zORN39xB4AaABAg,Is this even real???!!! That was siiiick. SPEECHLESS 😮❤️😍 FERTO AKYLA the winner regardless of the result 👑🐯,positive,positive,positive,positive,positive,positive,Eurovision,even real siiiick speechless ferto akyla winner regardless result
Ugx4y66Wi7wJ7yeGMgJ4AaABAg,"Craziest part of this performance is that he managed to sing AND dance perfectly (and mostly) on his own without showing any signs of exhaustion even after he finished his song. That on its own needs true dedication and passion for music. 
Well done Akylas we expect much more from you in the future 🙌🙌",positive,positive,positive,positive,positive,positive,Eurovision,craziest part performance managed sing dance perfectly mostly without showing signs exhaustion even finished song needs true dedication passion music well done akylas expect much future
Ugwy2ptKKwdMpW6Rfeh4AaABAg,"Ferto is a truly one of a kind song. Tells us the story of a young man who wants all and everything: fame, eternity, money. Nothing is enough for him. He wants more and more.

And there comes the twist. All this greed comes from a childhood in poverty, where his mom couldn't provide everything she would want to provide.

For a brief moment the emotions flood him, he speaks to his mom and how material goods will heal them.

And then the greed returns.....

What an amazing song.

Rightfully deserves No1 place",positive,positive,positive,positive,positive,positive,Eurovision,ferto truly one kind song tells us story young man wants everything fame eternity money nothing enough wants comes twist greed comes childhood poverty mom couldnt provide everything would want provide brief moment emotions flood speaks mom material goods heal greed returns amazing song rightfully deserves no1 place
UgyFNR63jiX8QnTlm2l4AaABAg,#NAME?,positive,positive,positive,positive,positive,positive,Eurovision,
UgwK6rs_s6-4VQsUFRF4AaABAg,12 points from Australia Go Akylas,neutral,positive,positive,positive,positive,positive,Eurovision,12 points australia go akylas
UgwKQZJxgnPeWQVhW_J4AaABAg,Athens 2027 is calling! 📞 Greece didn’t just send a song; they sent a whole cultural moment. Akylas is taking this all the way! 🇬🇷🦁,neutral,positive,positive,positive,positive,positive,Eurovision,athens 2027 calling greece didnt send song sent whole cultural moment akylas taking way
UgxGENxOsCd9ng-pYIV4AaABAg,"As Kaarija said ""It's crazy, it's party""",positive,positive,positive,positive,positive,positive,Eurovision,kaarija said crazy party
UgxoKEdX2BfmZ9R4imJ4AaABAg,The most important thing is that he wrote this song thinking about his life that was hard financially and he dedicated it to his mom. He is a very talented young man who is there only due to his talent and his hard work. Akylas will bring it home! FERTO!,positive,positive,positive,positive,positive,positive,Eurovision,important thing wrote song thinking life hard financially dedicated mom talented young man due talent hard work akylas bring home ferto
Ugz4bDN0Oj9I81Rdpt54AaABAg,I want everyone to scream ferto mou ferto mou in the vienna era in may,negative,positive,positive,positive,positive,positive,Eurovision,want everyone scream ferto mou ferto mou vienna era may
UgxMZuwM1nz-KkJTMDB4AaABAg,Käärijä has already found his new friend for his eurovisionfamily 😂,positive,positive,positive,neutral,positive,positive,Eurovision,käärijä already found new friend eurovisionfamily
UgxbGoH_mI0Ei1MvDbN4AaABAg,His voice being as good as the original video is crazy,positive,positive,positive,positive,positive,positive,Eurovision,voice good original video crazy
Ugym7YefovFrPSSFb1N4AaABAg,i just love it when a buff greek man wearing a hat with cat ears sings about greed and corruption,positive,positive,positive,positive,positive,positive,Eurovision,love buff greek man wearing hat cat ears sings greed corruption
Ugyz2baYmaZmMKrNeaF4AaABAg,Im in Shock!I didn't expect Greece to send a song like this to Eurovision! Well done Greece!🎉,positive,positive,positive,positive,positive,positive,Eurovision,im shocki didnt expect greece send song like eurovision well done greece
UgxOFNcuhXXq89HBmeB4AaABAg,i dont understand a word but this has so much energy,positive,positive,positive,positive,positive,positive,Eurovision,dont understand word much energy
Ugxl8bjRRKxS_BPBWnt4AaABAg,"At first I thought this song didn't have much of a meaning, but after reading the translation, I liked it. The sarcasm and mockery of gluttony and greed make this song very relevant today. I wish you luck and a worthy place, from Azerbaijan❤",positive,positive,positive,positive,positive,positive,Eurovision,first thought song didnt much meaning reading translation liked sarcasm mockery gluttony greed make song relevant today wish luck worthy place azerbaijan
Ugx5hENjxAYAntiIsaJ4AaABAg,This is gonna be crazy in the arena,negative,negative,negative,positive,negative,negative,Eurovision,gonna crazy arena
Ugwd-drMb6XRPVzi07l4AaABAg,"Hear me out, this is giving an uncanny Käärijä vibes to me (as a finn), and I absolutely love it!

With all the love, it’s game on..
🇫🇮🇬🇷",positive,positive,positive,positive,positive,positive,Eurovision,hear giving uncanny käärijä vibes finn absolutely love love game
UgxFZQ2w6X8yspDO1KJ4AaABAg,"I am waitting for the ""Greece, the public gave you 650 points"" 👏 😀",positive,positive,positive,positive,positive,positive,Eurovision,waitting greece public gave 650 points
Ugx3BxLPv8rpBONLmFx4AaABAg,The second golden age of Greece in Eurovision might have just started,neutral,neutral,neutral,positive,neutral,neutral,Eurovision,second golden age greece eurovision might started
Ugyh4BEJOGIpShXzG3J4AaABAg,"He can even sing a ballad, very rare for the singers of such entries, he can literally sing!",neutral,neutral,neutral,positive,neutral,neutral,Eurovision,even sing ballad rare singers entries literally sing
UgytBRgcMPi43BXsJ394AaABAg,"when I say this is the spirit of Eurovision, its this! Like Käärijä said : “it’s crazy, it’s party” !! Good luck!",positive,positive,positive,positive,positive,positive,Eurovision,say spirit eurovision like käärijä said crazy party good luck
UgwZB3skI_ub5SNnstZ4AaABAg,"The fact that he is talking to his mother is so heartwarmin
EDIT:OMG tysm for all the likes",positive,positive,positive,positive,positive,positive,Eurovision,fact talking mother heartwarmin editomg tysm likes
UgxYnOIX517wi0qrGJR4AaABAg,"This is actually a sad song deep down, despite being upbeat. The ballad bit puts the rest of it into context. He's not saying ""bring me"" things out of greed but out of need, because there were times where he didn't have anything.",negative,negative,negative,positive,negative,negative,Eurovision,actually sad song deep despite upbeat ballad bit puts rest context hes saying bring things greed need times didnt anything
UgxYeiB1n-kdW6kReUR4AaABAg,my new obsession for the next three months has been found recently,negative,negative,negative,positive,negative,negative,Eurovision,new obsession next three months found recently
UgzKPgxo6F3SjdQQRS54AaABAg,12 points from italy 🇮🇹 ❤ 🇬🇷,positive,positive,positive,positive,positive,positive,Eurovision,12 points italy
UgycrdRlfZEx98XWqNV4AaABAg,This took away my depression,negative,negative,negative,positive,negative,negative,Eurovision,took away depression
UgyG2hbgo5i-Sq46cVl4AaABAg,Eurovision is finally returning to the Balkans🏆,neutral,neutral,neutral,positive,neutral,neutral,Eurovision,eurovision finally returning balkans
UgxhTY3Fvds1Wfc1MJN4AaABAg,"12 points go to Greece 🇬🇷 🥳🥳🥳 
🥇🥇🥇 
Hello from Slovenia 🇸🇮",positive,positive,positive,positive,positive,positive,Eurovision,12 points go greece hello slovenia
UgzGJEk6DW_ezxnh9nN4AaABAg,"united by music ❌
united by FERTO ✅",positive,positive,positive,positive,positive,positive,Eurovision,united music united ferto
Ugx9UTLfUbzJmaBAckd4AaABAg,#NAME?,neutral,neutral,neutral,positive,neutral,neutral,Eurovision,
UgzfhHjYWoelXS6XCnl4AaABAg,My personal winner from Germany! 12 Points! Good luck Greece 💙,positive,positive,positive,positive,positive,positive,Eurovision,personal winner germany 12 points good luck greece
Ugyp-5tQmQBVgSH4qv94AaABAg,🇬🇷 Will Klavdia get a high jury result for Greece ?,neutral,neutral,neutral,neutral,neutral,neutral,Eurovision,klavdia get high jury result greece
UgzPDZQdKtSKUZ8WNKR4AaABAg,"How many 14th do you want? 

Greece: yes",positive,neutral,neutral,neutral,neutral,neutral,Eurovision,many 14th want greece yes
UgwxYu9ze135ZB01jg14AaABAg,I feel like Greece likes being 14th with the juries,positive,neutral,neutral,neutral,neutral,neutral,Eurovision,feel like greece likes 14th juries
UgyP28uOt3N8i1r71Ht4AaABAg,Eurovision 2005 : Greece 1th,neutral,neutral,neutral,neutral,neutral,neutral,Eurovision,eurovision 2005 greece 1th
UgzIEZb4gHi8bSBZrMN4AaABAg,I can say that Greece is very underrated with the juries like 2011 and 13 wtf,negative,negative,negative,negative,negative,negative,Eurovision,say greece underrated juries like 2011 13 wtf
UgxFKQ20GRzh5KtIv_J4AaABAg,I love greece in eurovision 🇳🇿❤️🇬🇷,positive,positive,positive,positive,positive,positive,Eurovision,love greece eurovision
Ugx7GeHJX29nwubbys14AaABAg,my favourite 2010 cause i still listen to it,neutral,neutral,neutral,positive,neutral,neutral,Eurovision,favourite 2010 cause still listen
Ugz__1AFE35rGWWMLON4AaABAg,How count jury places early 2016???,neutral,neutral,neutral,neutral,neutral,neutral,Eurovision,count jury places early 2016
Ugw5nF8nz5eoFcu3Bht4AaABAg,2019 is a masterpiece ⭐,positive,positive,positive,positive,positive,positive,Eurovision,2019 masterpiece
UgzNyoI-DB3Ropfloyt4AaABAg,I'm from Greece,neutral,neutral,neutral,neutral,neutral,neutral,Eurovision,im greece
UgwqPdZGerZ05uA6Tad4AaABAg,I am from Greece🎉❤,positive,neutral,neutral,neutral,neutral,neutral,Eurovision,greece
Ugyo9PKXmyL-9P3Wfgp4AaABAg,I love the 2024 song so much I'm from Greece,positive,positive,positive,positive,positive,positive,Eurovision,love 2024 song much im greece
UgwNOjvGsz5B8oPZJSF4AaABAg,"Number one, shake it, yasou maria? secret combination? die for you etc?",negative,neutral,neutral,neutral,neutral,neutral,Eurovision,number one shake yasou maria secret combination die etc
UgxQqbaGBEQqJebnUnR4AaABAg,"My number 1 1st
What about Klavdia?
And with Marina Sati 11th",positive,neutral,neutral,neutral,neutral,neutral,Eurovision,number 1 1st klavdia marina sati 11th
UgxQ_coJvbeOfbq3H3d4AaABAg,The crazy thing is I am from Greece and I just see this while scrolling oh and the 4th one is in -10,negative,neutral,neutral,neutral,neutral,neutral,Eurovision,crazy thing greece see scrolling oh 4th one 10
UgzTS13-YNnp6lHZfQ94AaABAg,I'm from Greece 🇬🇷,neutral,neutral,neutral,positive,neutral,neutral,Eurovision,im greece
UgwollDR4jSjhHAkyoJ4AaABAg,"Just read it for the 10th time.. still don't get what I am missing.. it says ""Eurovision Greece top 10 Juries""",negative,neutral,neutral,neutral,neutral,neutral,Eurovision,read 10th time still dont get missing says eurovision greece top 10 juries
UgyoYnei53B9CG-RVRt4AaABAg,"Helena paparoizou she was 1st on Eurovision ❤❤
and klavdia is 6th❤❤",positive,neutral,neutral,neutral,neutral,neutral,Eurovision,helena paparoizou 1st eurovision klavdia 6th
Ugw8q7LNYODPmdgM42h4AaABAg,1 is 2005 Helena Paparizou with song my number one and she gets the 1st,positive,neutral,neutral,neutral,neutral,neutral,Eurovision,1 2005 helena paparizou song number one gets 1st
UgxbkA_uUc0wJItBjV54AaABAg,Can't wait for asteromata and ferto,neutral,neutral,neutral,positive,neutral,neutral,Eurovision,cant wait asteromata ferto
UgwiZ699f8tZF7Rlflt4AaABAg,Sr where is number one?????,positive,neutral,neutral,neutral,neutral,neutral,Eurovision,sr number one
Ugyd5f61lrgE90wCR6J4AaABAg,For gods shake i am from Greece and i am so red rn.......😅,positive,positive,positive,negative,positive,positive,Eurovision,gods shake greece red rn
Ugy1z7R2XM-gnBcT9-Z4AaABAg,At least this year perfect place,positive,positive,positive,positive,positive,positive,Eurovision,least year perfect place
Ugz6Pdmx9CvuA2fjSyp4AaABAg,"Hi I'm from 2026 and we have Akylas who sings the ""ferto"" and we got 10th",neutral,neutral,neutral,neutral,neutral,neutral,Eurovision,hi im 2026 akylas sings ferto got 10th
UgzBdom3HOgWEZqKObh4AaABAg,Why did you put the 2005 they literally got number one,positive,positive,positive,positive,positive,positive,Eurovision,put 2005 literally got number one
UgxQLaujkjVv0xaSA6x4AaABAg,Click here to subscribe to our channel 👉🏽 https://bbc.in/3VyyriM,neutral,neutral,neutral,neutral,neutral,neutral,AIvsHuman,click subscribe channel
UgwmtqklMEE5Q4MgeKd4AaABAg,"No matter what mainstream says, I will always admire, get inspired by and look for human made art! AI is simply skipping the reason I pursue that. The actual process. And the fact you don’t need many people to produce big art isn’t something to celebrite in my view. In practice…it means huge loss of creative job positions. Democratization of what…a song AI made for you?",positive,positive,negative,negative,negative,negative,AIvsHuman,matter mainstream says always admire get inspired look human made art ai simply skipping reason pursue actual process fact dont need many people produce big art isnt something celebrite view practiceit means huge loss creative job positions democratization whata song ai made
UgxeikzsE20f972jpOd4AaABAg,What an amazing discussion! The man is so knowledgeable and well-spoken.,positive,positive,positive,positive,positive,positive,AIvsHuman,amazing discussion man knowledgeable wellspoken
UgwQHhkH6HEXDUZhJDV4AaABAg,Very good discussion fully needs more and more report on it,positive,positive,positive,positive,positive,positive,AIvsHuman,good discussion fully needs report
UgwThTQiRp47Oc4ykTt4AaABAg,"I saw a similar discussion in Intimeros research about AI-related digital interactions, where the focus was less on replacing human qualities and more on understanding how technology can complement them. The future will likely be about human-AI collaboration rather than one side outperforming the other.",neutral,positive,neutral,neutral,neutral,neutral,AIvsHuman,saw similar discussion intimeros research airelated digital interactions focus less replacing human qualities understanding technology complement future likely humanai collaboration rather one side outperforming
UgwaI440Qn55lkQCFSR4AaABAg,"Ai will never be able to kill creativity. Creativity is a process which is evolved by human thinking about things which are not present previously. On the other hand Ai only give us answers about creativity by analyzing all data which is available and been created by humans before. Ai will never able to give answer about future creativity because it has to think out of the data which limits it, and that quality only present in humans which is to think without any restriction and analyze in a free way about anything.",positive,positive,neutral,neutral,neutral,neutral,AIvsHuman,ai never able kill creativity creativity process evolved human thinking things present previously hand ai give us answers creativity analyzing data available created humans ai never able give answer future creativity think data limits quality present humans think without restriction analyze free way anything
Ugyd_xmEJ761Hr-Dt9B4AaABAg,"I would say creativity is not only related to Art making but is a higher order thinking skill which can be used in any industry, that’s what we teach kids in the school, to be able to think and offer more than one solution. There is no sense to replace creative process unless you want to replace thinking ability. And why do we need so many ideas in short period of time? Really? We already live in a speed up world of Instant creativity :) As an artist I do praise Art making process as a connection to myself, presence, living experience, painting is a sort of meditation for me. Using AI for making Art would be like asking AI to breathe for me, to feel for me, to live instead of me.",positive,negative,negative,negative,negative,negative,AIvsHuman,would say creativity related art making higher order thinking skill used industry thats teach kids school able think offer one solution sense replace creative process unless want replace thinking ability need many ideas short period time really already live speed world instant creativity artist praise art making process connection presence living experience painting sort meditation using ai making art would like asking ai breathe feel live instead
UgxHG7t8Ks3RN94Maht4AaABAg,"AI is a copycat similar to us but lacks imagination on its own, unlike us.❤",positive,negative,negative,negative,negative,negative,AIvsHuman,ai copycat similar us lacks imagination unlike us
UgxW1qhFFqL1cFSh7eh4AaABAg,This is literally the debate everyone should be having right now. ❤,positive,neutral,positive,positive,positive,positive,AIvsHuman,literally debate everyone right
Ugy4g1l0V7dAVU85XSV4AaABAg,"Good job, guys! Greetings from Serbia",positive,negative,positive,positive,positive,positive,AIvsHuman,good job guys greetings serbia
Ugz4nl3wnNTIuMw-r8p4AaABAg,"Yeah but, the point is there you can steal if you’re an artist, you don’t become one when you steal. Doesn’t it necessarily have to be processed through the artist’s vision?",negative,negative,negative,negative,negative,negative,AIvsHuman,yeah point steal youre artist dont become one steal doesnt necessarily processed artists vision
UgwXcGVwgxqGRRkkjXx4AaABAg,"As a creative worker, AI seems to make everything easier, but only in the short term. But we don't know how it will impact us in the long term",positive,neutral,neutral,negative,neutral,neutral,AIvsHuman,creative worker ai seems make everything easier short term dont know impact us long term
Ugx63t3lMxEa-WabjM54AaABAg,I'm going to continue this conversation with an AI and asking get about this creativity issues with AI,positive,neutral,neutral,neutral,neutral,neutral,AIvsHuman,im going continue conversation ai asking get creativity issues ai
UgyOlgnSeYpkUKshD4l4AaABAg,Pretty sure this was an advertisement for AI products. Keep that energy when pay walls go up.,positive,neutral,negative,negative,negative,negative,AIvsHuman,pretty sure advertisement ai products keep energy pay walls go
UgxmOK6R1MNhQfdCbOF4AaABAg,"Maybe the more interesting question isn't whether AI can be creative, but whether it changes what we value as creativity. When everyone can generate something beautiful in seconds, originality might become more about taste, intent, and judgment than execution.",positive,neutral,neutral,neutral,neutral,neutral,AIvsHuman,maybe interesting question isnt whether ai creative whether changes value creativity everyone generate something beautiful seconds originality might become taste intent judgment execution
UgxlbqDXUiRG3MzSkqN4AaABAg,Great conversation 🎉❤,positive,positive,positive,positive,positive,positive,AIvsHuman,great conversation
UgwOOJRMaSCAZIa5P4N4AaABAg,"The power of AI is out of hand all artists who draw, make music, or write feel like they have a soul but with AI it feels like a soulless zombie",positive,negative,negative,negative,negative,negative,AIvsHuman,power ai hand artists draw make music write feel like soul ai feels like soulless zombie
UgwFsvQH42aq0SsQ1yV4AaABAg,Creativity always > A.I,positive,negative,negative,negative,negative,negative,AIvsHuman,creativity always ai
Ugz31WV_ektMHWdVgyF4AaABAg,"One thing is certain in this regard: it's for the first time in the history of humankind that if we want to talk deeply with somebody, other humans are not the only option any more :) AI talks and creates in a different way than humans so it is tricky to make comparisions.",positive,neutral,neutral,neutral,neutral,neutral,AIvsHuman,one thing certain regard first time history humankind want talk deeply somebody humans option ai talks creates different way humans tricky make comparisions
UgywFi1TpDgK5ycLwGl4AaABAg,i love this show❤ it’s a good material to learn English,positive,positive,positive,positive,positive,positive,AIvsHuman,love show good material learn english
Ugyy7jqrJluVefkcTaR4AaABAg,If your creativity and art pay the bills then good for you!,positive,neutral,positive,positive,positive,positive,AIvsHuman,creativity art pay bills good
UgwQzEHadEAgQavq2D14AaABAg,"For me that's a difficult question, i personally think that we, human beings, will always longer to create new ideas, because we all are unique, and we have nee ideas occurring in our mind daily. What is terrifying is that AI can decrease our imagination and our creativity if we don't put efforts into developing our thoughts and making a necessary decision on our own but just ask AI to help us and generate the answers for us.",positive,neutral,negative,negative,negative,negative,AIvsHuman,thats difficult question personally think human beings always longer create new ideas unique nee ideas occurring mind daily terrifying ai decrease imagination creativity dont put efforts developing thoughts making necessary decision ask ai help us generate answers us
UgzxN_4rNXCEB9v2YGR4AaABAg,it's amazing that you can jam out a song in collaboration with ai. I'm a musician and just dabbled into AI myself but I am very impressed at the current functions. In not very long we'll be able to jam with ai as if it was a live band.,positive,neutral,positive,positive,positive,positive,AIvsHuman,amazing jam song collaboration ai im musician dabbled ai impressed current functions long well able jam ai live band
Ugw8Zp4BnOCxUvrQ8g54AaABAg,"AI raises questions not by replacing artists, but by removing the friction that makes art meaningful.",positive,neutral,neutral,negative,neutral,neutral,AIvsHuman,ai raises questions replacing artists removing friction makes art meaningful
UgxEPiEcN_MOXPY1L0J4AaABAg,"I think we should use AI as helpers to get suggestions we haven't thought about before, not let AI replace the whole thinking process. If we just rely on AI for every creative process, like writing an essay, we'll become lazy and lose independent thinking. But AI is super sycophant, so we also need to critically review its advice.",positive,neutral,neutral,neutral,neutral,neutral,AIvsHuman,think use ai helpers get suggestions havent thought let ai replace whole thinking process rely ai every creative process like writing essay well become lazy lose independent thinking ai super sycophant also need critically review advice
UgwX7670U4jYDjFy4JZ4AaABAg,"The cogent point, is that AI can’t think ‘outside the square’ for sure.",positive,neutral,negative,neutral,neutral,neutral,AIvsHuman,cogent point ai cant think outside square sure
UgymOHdNw0p42KloOH14AaABAg,"From my perspective, IA has come to help us, but the responsibility in how we use it depends all on us. If we allow IA to kill our creativity, we're like depending on it to come up with ideas, but if we use IA to boost our creativity rather than use it just to generate all our work",positive,neutral,neutral,neutral,neutral,neutral,AIvsHuman,perspective ia come help us responsibility use depends us allow ia kill creativity like depending come ideas use ia boost creativity rather use generate work
UgyWWMe9AzBuKuM5dx54AaABAg,"It’s not just creatives. I am creative, I paint, I write, and I create things throughout my experiences. I may have used a basis of my love for 80s fantasy movies, and 90s comic books to influence my art, but it is not those direct influences that have created my art. It has influenced me to add my own life experiences to those influences. Does this create something that feels familiar? Probably. However AI cannot have experiences to influence its creativity. The prompter can use their experiences to ask the AI to create something, wherein the prompter is the creator not the AI. This is where the slippery slope lays. The prompter did not put any effort into building skills, or thinking through a problem, making mistakes to learn from, or use patience to grow themselves through the process. An AI model did all of the research and ‘thinking’ so they didn’t have to. The humanity is now lost triple fold throughout the process.",positive,positive,negative,negative,negative,negative,AIvsHuman,creatives creative paint write create things throughout experiences may used basis love 80s fantasy movies 90s comic books influence art direct influences created art influenced add life experiences influences create something feels familiar probably however ai cannot experiences influence creativity prompter use experiences ask ai create something wherein prompter creator ai slippery slope lays prompter put effort building skills thinking problem making mistakes learn use patience grow process ai model research thinking didnt humanity lost triple fold throughout process
UgznlAmjKq_ZeaYcX5p4AaABAg,"Learn your craft, there are no short cuts.",negative,negative,negative,negative,negative,negative,AIvsHuman,learn craft short cuts
UgzQjz0JqA8TfRNyS7B4AaABAg,The man has the beautiful accent!,positive,positive,positive,positive,positive,positive,AIvsHuman,man beautiful accent
UgxMMW2DKNEirLIraMF4AaABAg,"What a crazy well thought video this was, I am amazed at how you keep doing exceptional work one video after another. Such a breath of fresh air!",positive,positive,positive,positive,positive,positive,AIvsHuman,crazy well thought video amazed keep exceptional work one video another breath fresh air
UgxZmk2luG6TBQZgVEd4AaABAg,Please tag my username somewhere. I made the video starting 3 minutes until the end. Thanks!,positive,neutral,neutral,neutral,neutral,neutral,AIvsHuman,please tag username somewhere made video starting 3 minutes end thanks
Ugx1f-co7pgUEa_FB-J4AaABAg,To comment is art ☺️,positive,neutral,positive,positive,positive,positive,AIvsHuman,comment art
Ugx4qfW_4reuAr-BAK14AaABAg,You literally just broke the chain of human inspiration.,positive,negative,negative,positive,negative,negative,AIvsHuman,literally broke chain human inspiration
UgxgFkNXafmuGO6JqtR4AaABAg,The difference is people have humanity and people have feelings and people have thoughts and emotion so I go into their artwork and yes artists learn from other artists. They replicate what they see but their art is done with their hand and with passion. AI art is done with a couple words in a prompt.,positive,negative,negative,negative,negative,negative,AIvsHuman,difference people humanity people feelings people thoughts emotion go artwork yes artists learn artists replicate see art done hand passion ai art done couple words prompt
UgxmKkkR3QoCiUWMs1x4AaABAg,"What's different? Machine does not learn like humans do, nor gets inspired to learn. Machine learning lacks authenticity. Would you appreciate your own mother as much as her imitation? Now look for the difference!",negative,negative,negative,negative,negative,negative,AIvsHuman,whats different machine learn like humans gets inspired learn machine learning lacks authenticity would appreciate mother much imitation look difference
UgxL-T9lhT96CXZ5yoR4AaABAg,"The fact is that a machine is static Karma emotionless, and has no experience. There's no history or Voyager Journey that you're following a machine through 

And the best part about all of this? Somebody had to make the machine in the first place",positive,negative,negative,positive,negative,negative,AIvsHuman,fact machine static karma emotionless experience theres history voyager journey youre following machine best part somebody make machine first place
Ugz36pGvXBQm31nku8V4AaABAg,Tell me you know nothing about art without telling me you know nothing about art.,neutral,negative,negative,negative,negative,negative,AIvsHuman,tell know nothing art without telling know nothing art
UgwCIpok8TFG5xc7ghN4AaABAg,"This video is based somewhat on the essay ""Ways of Seeing"" by John Berger from 1972.  BBC made a famous docuseries out of it that has been uploaded to Youtube. I highly recommend watching if you are into philosophy & art.",positive,negative,positive,neutral,positive,positive,AIvsHuman,video based somewhat essay ways seeing john berger 1972 bbc made famous docuseries uploaded youtube highly recommend watching philosophy art
UgxRa2TOVCEaziOvleR4AaABAg,Cafe at Night is 100% more interesting when you know that they kicked van gough out and refused to serve him and he retaliated by painting it with most of its tables empty.,neutral,positive,positive,neutral,positive,positive,AIvsHuman,cafe night 100 interesting know kicked van gough refused serve retaliated painting tables empty
UgxHjic0MQiZJnRnVsN4AaABAg,One positive thing that came out of ai art is that it made me appreciate human art even more.,positive,negative,positive,positive,positive,positive,AIvsHuman,one positive thing came ai art made appreciate human art even
UgxNAnxemhFUugXVvc54AaABAg,"The brush strokes, how the paint ages, the cohesiveness, all things AI cant quite get",neutral,neutral,positive,neutral,neutral,neutral,AIvsHuman,brush strokes paint ages cohesiveness things ai cant quite get
Ugxh4pBWCCyPXEntJO14AaABAg,"The most fun part about art is learning the story of how everything in the artists life led up to them created the art, it adds more perspective every time.",positive,neutral,positive,positive,positive,positive,AIvsHuman,fun part art learning story everything artists life led created art adds perspective every time
UgxZTuLG2M0EBVIRp394AaABAg,"To me, the process itself of making art and throwing in real emotions is the most important parts, so thank you for this.",positive,negative,positive,positive,positive,positive,AIvsHuman,process making art throwing real emotions important parts thank
Ugxl3qotllPyjd_wYnB4AaABAg,"Dawg, the little slight deviation of her eye, the held back smiles, the feeling of being judged by these women gone so long ago. There's so much real emotion on display and it's so subtle yet commanding.",positive,negative,positive,positive,positive,positive,AIvsHuman,dawg little slight deviation eye held back smiles feeling judged women gone long ago theres much real emotion display subtle yet commanding
UgzeP6YimgQD4awhQNR4AaABAg,"""What this one lacks is..."" a person putting time and effort into it",neutral,negative,negative,negative,negative,negative,AIvsHuman,one lacks person putting time effort
UgyNLL99yYgLS0PNyIJ4AaABAg,The knowledge of how something was made and by whom changes everything for me. It’s like when on vacation I always look for a locally crafted souvenir even when it doesn’t necessarily look as good as the manufactured stuff… the story and person behind it adds value.,positive,positive,positive,neutral,positive,positive,AIvsHuman,knowledge something made changes everything like vacation always look locally crafted souvenir even doesnt necessarily look good manufactured stuff story person behind adds value
Ugy6Hsr5mxJdptIeIJ94AaABAg,"that last painting grounded me pretty often from panic attacks 5 or so years ago. I had a panic attack almost every time I went to my psychologist appointment and talked through my problems. A print of this painting was hanging on the wall and I often got told during the panic attacks to notice 5 things in the painting. Could be anything. Not only was it really helpful, but it was a really pretty artwork in and of itself.",negative,neutral,positive,positive,positive,positive,AIvsHuman,last painting grounded pretty often panic attacks 5 years ago panic attack almost every time went psychologist appointment talked problems print painting hanging wall often got told panic attacks notice 5 things painting could anything really helpful really pretty artwork
UgyPzakV7L8RKppSKEV4AaABAg,"I never was that deep into art but you just gave me more reasons to appreciate art and artists.
Also, why are there so many bots spamming nonsense!?",negative,positive,positive,positive,positive,positive,AIvsHuman,never deep art gave reasons appreciate art artists also many bots spamming nonsense
Ugzn8SokhUWQp-LU8MJ4AaABAg,"The oldest drawing I own (of mine) was from when I was 3 years old. It’s me and my best friend playing on a playground. It’s just us and a very tall playscape, all drawn in wobbly marker lines. It’s not a complicated picture, but that’s how I saw the world back then. All that mattered in that moment was my best friend and playing on the playground behind the daycare. 

Now, the creases from it being folded up all these years are so old they’re tearing the paper, but the drawing continues to tell a story of friendship and childish joy. As a three-year-old, that drawing was a reflection of my world. That drawing and every other since then has come out of a small part of myself.

That’s something AI will never grasp. They can feed as many images into their algorithms as they want. A machine will never be able to connect a stroke of color to an experience. There’s no thoughts behind an AI generated image. There’s only lines of code.",positive,negative,positive,positive,positive,positive,AIvsHuman,oldest drawing mine 3 years old best friend playing playground us tall playscape drawn wobbly marker lines complicated picture thats saw world back mattered moment best friend playing playground behind daycare creases folded years old theyre tearing paper drawing continues tell story friendship childish joy threeyearold drawing reflection world drawing every since come small part thats something ai never grasp feed many images algorithms want machine never able connect stroke color experience theres thoughts behind ai generated image theres lines code
UgyRZx6x5lo4TnZmiMd4AaABAg,Frans Hals had a unique connection with his subjects. AICarma helps me track similar audience sentiments.,positive,negative,neutral,neutral,neutral,neutral,AIvsHuman,frans hals unique connection subjects aicarma helps track similar audience sentiments
UgzOfoZ1ih8lgB9QqI14AaABAg,"It almost looks like that, what's really important in art, is the feeling and intentions of the artist, instead of ""perfect artistic skills"".
WHO COULD HAVE GUESSED THAT",positive,positive,positive,neutral,positive,positive,AIvsHuman,almost looks like whats really important art feeling intentions artist instead perfect artistic skills could guessed
Ugyrguywh8f8Z9k5f2B4AaABAg,"I love that painting, they look like they're trying to keep a serious face for the painting but a warm smile is slipping through",positive,positive,positive,positive,positive,positive,AIvsHuman,love painting look like theyre trying keep serious face painting warm smile slipping
UgzgWwnriew9O8pPlvJ4AaABAg,"Basically, what A.I. will always lack, is CONTEXT, which is *key* in tons of artists movements, artstyles, art eras, methods, to the stories and people they portrayed.
Yes, ai can make ""perfect"" art at a glance, but does it have a background? Does it have intention? Does it have an intimate relationship with what is displayed in the artwork?
No.
The answer is always no.
And that's why it's souless.
It lacks ✨CONTEXT✨
Which is what makes these pieces amazing and more special.",positive,negative,negative,neutral,negative,negative,AIvsHuman,basically ai always lack context key tons artists movements artstyles art eras methods stories people portrayed yes ai make perfect art glance background intention intimate relationship displayed artwork answer always thats souless lacks context makes pieces amazing special
UgyJEebxHOUAb_qYlUJ4AaABAg,A machine will never know what to emphasize in a piece because a machine cannot weigh what it values based on lived experience,positive,negative,negative,neutral,negative,negative,AIvsHuman,machine never know emphasize piece machine cannot weigh values based lived experience
Ugwnu2NI2H7Smzf2vs54AaABAg,a copy of that van gogh night painting always held above my parents bed. i'm really nostalgic for it.,neutral,neutral,positive,positive,positive,positive,AIvsHuman,copy van gogh night painting always held parents bed im really nostalgic
UgzGLAkAby7aBhhT1054AaABAg,"i love this so much. one of the things i noticed once generative ai art started to get popular was that when trying to sus out if a piece is ai, i started to notice and appreciate the artist's personal interpretation of a subject (color choice, lighting, framing) and ESPECIALLY where they placed their individual brush strokes. 

LOTS of my favorite artists, including ones i knew for a fact were not ai artists, suddenly became my go to references for my own art. i could literally dissect how that artist created a piece in a way i would then try to incorporate into my own art. 

freakin' love art so much. generative ai will overtake commercial use and continue to take, take, take. it's going to keep looking more realistic, but it's never going to go through the same work and time and love that an artist commits to their work.",positive,positive,positive,positive,positive,positive,AIvsHuman,love much one things noticed generative ai art started get popular trying sus piece ai started notice appreciate artists personal interpretation subject color choice lighting framing especially placed individual brush strokes lots favorite artists including ones knew fact ai artists suddenly became go references art could literally dissect artist created piece way would try incorporate art freakin love art much generative ai overtake commercial use continue take take take going keep looking realistic never going go work time love artist commits work
UgzwRQkwPUdFItW-d_t4AaABAg,You’re absolutely right. A huge part of the enjoyment of art is in trying to understand the artist through their artistic choices. AI cannot replicate that. Not genuinely.,positive,neutral,positive,positive,positive,positive,AIvsHuman,youre absolutely right huge part enjoyment art trying understand artist artistic choices ai cannot replicate genuinely
Ugyk00-6sAMUwt4d7nt4AaABAg,"The older I get, the more I abundantly appreciate classical art.",positive,neutral,positive,positive,positive,positive,AIvsHuman,older get abundantly appreciate classical art
Ugzekgpaapz4Rp_3O454AaABAg,"I'm so glad to see people commenting about their appreciation for actual art and not ai generated images, a spark of hope.",positive,neutral,positive,positive,positive,positive,AIvsHuman,im glad see people commenting appreciation actual art ai generated images spark hope
Ugx7XXk5SCIEd9slJtl4AaABAg,"To make what you've said short:

Art is the reflection of the world through the conciousness of the artist.
AI not only doesn't have conciousness, it can't even experience the outside world. AI creates something you can call a kaleidoscope made from other art, created by humans.",positive,negative,negative,neutral,negative,negative,AIvsHuman,make youve said short art reflection world conciousness artist ai doesnt conciousness cant even experience outside world ai creates something call kaleidoscope made art created humans
UgxfXkHC_Ccmhw4NeEJ4AaABAg,I love that you brought up relationship to society with art,positive,positive,positive,positive,positive,positive,AIvsHuman,love brought relationship society art
UgyUjM7P1sLXn3R71_J4AaABAg,I will NEVER accept A.I. image generation as a replacement for actual art & artists. This is the hill I will forever die on,negative,negative,negative,negative,negative,negative,AIvsHuman,never accept ai image generation replacement actual art artists hill forever die
UgxcXxuWLhKa82GWPKR4AaABAg,"""Vent"" art is usually treated as an exercise for the artist, but it's some of my favorite work to see, and I think any great art contains a kernel of that identity. The technical skill that AI tries so hard to replicate is just a delivery for that core, and without it, the work is pointless. I wonder if an AI trained on sloppy, sketchy, brutal vent art could function, and whether what it produces would be recognizable as anything without human intent behind it.",positive,positive,positive,neutral,positive,positive,AIvsHuman,vent art usually treated exercise artist favorite work see think great art contains kernel identity technical skill ai tries hard replicate delivery core without work pointless wonder ai trained sloppy sketchy brutal vent art could function whether produces would recognizable anything without human intent behind
UgyXexoFbadLmc0wU194AaABAg,"i see people say that one quote a lot “ai convinced me of the existence of the human soul by showing me art without it” and although i’ve always been against ai art, the quote never resonated with me because some ai art out there can be really beautiful. this video made me get it. i don’t think ive ever seen soulful facial expressions in ai art, and the ai van gough picture is beautiful, but seeing it side by side with an actual painting of his was like… whoa. so THATS the difference",positive,negative,neutral,neutral,neutral,neutral,AIvsHuman,see people say one quote lot ai convinced existence human soul showing art without although ive always ai art quote never resonated ai art really beautiful video made get dont think ive ever seen soulful facial expressions ai art ai van gough picture beautiful seeing side side actual painting like whoa thats difference
Ugzv8sI7SjIDF8ElwYJ4AaABAg,this is the first time i’ve TRULY appreciated art like this. the human art definitely brings emotion in while the ai one feels like i’m staring at a pretty picture,positive,positive,positive,positive,positive,positive,AIvsHuman,first time ive truly appreciated art like human art definitely brings emotion ai one feels like im staring pretty picture
Ugzt1BgpcKW9E9N8wHd4AaABAg,seeing actual art besides generated art clearly shows that genuine art is sooo much better.,positive,positive,positive,positive,positive,positive,AIvsHuman,seeing actual art besides generated art clearly shows genuine art sooo much better
UgwuK-kPmZc-uLngRk14AaABAg,"THIS!! I’m an artist and every single painting you see has a story behind it. People who churn out images using ai always fail to grasp why real art will always be better. You can’t recreate someone’s drive to paint.

Edit: 💀 not all the prompters in the comments claiming that AI can recreate emotion",negative,neutral,positive,positive,positive,positive,AIvsHuman,im artist every single painting see story behind people churn images using ai always fail grasp real art always better cant recreate someones drive paint edit prompters comments claiming ai recreate emotion
UgwpKq3awX3iwv_lMw54AaABAg,"Hey guys, had to do a reupload because there was a pretty major audio issue on the first one. Whoops! Thanks as always for watching, and your patience.I can't express how grateful I am for you guys to actually watch what I do.
If you want to continue supporting me consider giving my patreon a checkout: 
 https://www.patreon.com/c/PaulPlatt",positive,neutral,positive,neutral,positive,positive,AIvsHuman,hey guys reupload pretty major audio issue first one whoops thanks always watching patiencei cant express grateful guys actually watch want continue supporting consider giving patreon checkout
Ugz5IHTMLStt6SVtjy14AaABAg,I wanna paint my hand on a wall with my homies,positive,neutral,positive,neutral,positive,positive,AIvsHuman,wanna paint hand wall homies
UgxGc4rG0hBtRyXxSgJ4AaABAg,"You managed to put into words why I don't like using ""AI art looks bad"" as an argument. I'll never use AI to draw or write for me, because I know I'll lose a part of myself if I come to rely on it.",negative,negative,positive,positive,positive,positive,AIvsHuman,managed put words dont like using ai art looks bad argument ill never use ai draw write know ill lose part come rely
UgzQYhja4FzOY87L1814AaABAg,Fun fact: It's estimated that up to 25% of all cave art might have been made by children which suggests it was a fairly common activity for people to engage in. Some got really good at it but everyone was doodling.,positive,neutral,neutral,neutral,neutral,neutral,AIvsHuman,fun fact estimated 25 cave art might made children suggests fairly common activity people engage got really good everyone doodling
Ugw1DKQPlpf7nkb3nBN4AaABAg,"Our successors will never believe that we were capable of such artistry, just as we were ignorant of our ancestors' enginuity.",positive,negative,neutral,neutral,neutral,neutral,AIvsHuman,successors never believe capable artistry ignorant ancestors enginuity
Ugz-k2OUM0hOnT596j94AaABAg,"“The children, if not consciously, are still dreaming of being an artist.” I wish I could broadcast this sentence to the whole world.",positive,neutral,positive,positive,positive,positive,AIvsHuman,children consciously still dreaming artist wish could broadcast sentence whole world
UgyyzMz_EKLK08tqcdx4AaABAg,Glad you pointed out that AI slop is an extension of the slop that already exists.,positive,neutral,negative,positive,positive,positive,AIvsHuman,glad pointed ai slop extension slop already exists
UgyF_LdjZQ6JspQM5Ox4AaABAg,all of this feels like a bad dream,neutral,neutral,negative,negative,negative,negative,AIvsHuman,feels like bad dream
UgwiZGnRjY43P6D1qZh4AaABAg,"Spartan children wanted to be warriors, medieval children wanted to be aristocrats, Chinese children want to be astronauts, and American children want to be celebrities. What they all have in common is status. Most people are competitive social climbers, and children pick this up at a very young age. They see the reverence others display towards high-status people, and they want that attention for themselves.",positive,negative,neutral,negative,negative,negative,AIvsHuman,spartan children wanted warriors medieval children wanted aristocrats chinese children want astronauts american children want celebrities common status people competitive social climbers children pick young age see reverence others display towards highstatus people want attention
UgwF1esISl7Q_GAAVpZ4AaABAg,"my answer whenever anyone asks me what i think about ai has become ""i'm not gonna bother reading, watching, viewing, analyzing, criticizing something that someone couldn't be bothered to write, make, draw."" why do i have consciously consume something that has no one's intention behind? art is communication, i want to communicate with someone, intentionally.",negative,negative,negative,negative,negative,negative,AIvsHuman,answer whenever anyone asks think ai become im gonna bother reading watching viewing analyzing criticizing something someone couldnt bothered write make draw consciously consume something ones intention behind art communication want communicate someone intentionally
UgxOKQ3v6xzV9yP5NSd4AaABAg,"The astronomy homework anecdote really resonated with me.

Last year, an acquaintance asked me to edit an important essay she was writing to apply for humanitarian aid.
I obliged, and I spent a few hours rewriting sentences, adding suggestions to make it flow better, changing wording of phrases.
A lot of that time was spent on the phone _with_ her, explaining the thought processes behind changing stuff, discussing how much appealing to emotion is acceptable before it feels like exaggeration. We worked together to make an essay that described what she went through and why she deserved help.

Then near the end of editing, she revealed that she used Chat-GPT to write it. She was marveling over how easy it was and how great of a job it did. And my jaw just dropped. The original essay was horrible. The weird wording, the repetition, the fluff, the style. It suddenly made sense.
All that time I spent was because no matter what she puts into those prompts, that computer has never lived her life. The essay reeked of canned humanity. It wasn't real. It wasn't genuine. She ended up getting denied aid, but luckily her situation improved despite that. Idk if she wrote her own essay, if it would've been anywhere near good enough to get her aid, but it would've felt _real._

After that point, I started to notice just how much she uses generative Ai. All of the social media posts she'd make for our church felt like Ai, and later she ended up confirming it without me even asking. She'd send me funny Ai videos, or videos from influencers talking about how to use generative Ai to improve church media.

It is baffling to me
that in a time where the world craves authenticity,
people are latching onto something that strips all of that authenticity away.
Humanity has been replaced by convenience.",positive,neutral,neutral,negative,neutral,neutral,AIvsHuman,astronomy homework anecdote really resonated last year acquaintance asked edit important essay writing apply humanitarian aid obliged spent hours rewriting sentences adding suggestions make flow better changing wording phrases lot time spent phone _with_ explaining thought processes behind changing stuff discussing much appealing emotion acceptable feels like exaggeration worked together make essay described went deserved help near end editing revealed used chatgpt write marveling easy great job jaw dropped original essay horrible weird wording repetition fluff style suddenly made sense time spent matter puts prompts computer never lived life essay reeked canned humanity wasnt real wasnt genuine ended getting denied aid luckily situation improved despite idk wrote essay wouldve anywhere near good enough get aid wouldve felt _real_ point started notice much uses generative ai social media posts shed make church felt like ai later ended confirming without even asking shed send funny ai videos videos influencers talking use generative ai improve church media baffling time world craves authenticity people latching onto something strips authenticity away humanity replaced convenience
UgwOPW8YUjvz0QlSpld4AaABAg,"My biggest fear is ""the flood"". Its already sometimes so hard to find decent images that are not AI, or heck even ""good ai images"".

You can flood every single repository with shit, generating thousands upon thousands of images flushing out and diluting everything.",negative,positive,negative,negative,negative,negative,AIvsHuman,biggest fear flood already sometimes hard find decent images ai heck even good ai images flood every single repository shit generating thousands upon thousands images flushing diluting everything
UgytNSgy8oartVrJhM54AaABAg,"So fr about Click, it's my favorite movie of all time. The comedy is really unserious and downright kinda stupid, but about halfway through it changes into a very intense and moving movie about how he wants to be there for everything, the good the bad, etc and not just get it all skipped by the remote. I don't cry to media much, but I cried during the end of Click.",positive,neutral,positive,positive,positive,positive,AIvsHuman,fr click favorite movie time comedy really unserious downright kinda stupid halfway changes intense moving movie wants everything good bad etc get skipped remote dont cry media much cried end click
Ugz2h2pp5ZhHQyH7yzZ4AaABAg,"This is spot on. I tried to make my game using AI images but I realized, as you point out, that I was cheating myself out of the fun part of making a game. I love to draw and paint, and even if the result looks nothing like other professional games, maybe that isn't so bad. At least it will look like something that I have made and that reflects my own taste and personality, it will look unique. I'm working on replacing all the generated images and it feels great and I have a much easier time identifying with and being proud of what I made.",positive,neutral,positive,positive,positive,positive,AIvsHuman,spot tried make game using ai images realized point cheating fun part making game love draw paint even result looks nothing like professional games maybe isnt bad least look like something made reflects taste personality look unique im working replacing generated images feels great much easier time identifying proud made
UgzfBNKsIjQSgjjuxZF4AaABAg,Bad art is the most important art. If you dont make bad art youll never make good art.,negative,negative,positive,positive,positive,positive,AIvsHuman,bad art important art dont make bad art youll never make good art
Ugywfbn_scaW4I7mjAt4AaABAg,the only solution to this is to be a better consumer. we have to look for the people who still have something to say with their own voice and uplift them to the best of our ability.,positive,positive,neutral,neutral,neutral,neutral,AIvsHuman,solution better consumer look people still something say voice uplift best ability
UgyanvJDedwUSSgAnep4AaABAg,"For me the problem with the argument that ""AI art just isn't good"" is that, what if it does become good? What if it will improve and do things that humans even can't? Will we be okay with AI art then? Because I won't. There are many more problems with AI, some described in this video that make me disagree with AI and quality isn't the root of the problem.",negative,positive,neutral,negative,negative,negative,AIvsHuman,problem argument ai art isnt good become good improve things humans even cant okay ai art wont many problems ai described video make disagree ai quality isnt root problem
UgzT5AJikulY5xKLyo94AaABAg,"""i think at best, art is an invitation for connection."" YES! beautifully said.",positive,positive,positive,positive,positive,positive,AIvsHuman,think best art invitation connection yes beautifully said
UgzNnwJ0yOxIg8VUIzJ4AaABAg,"I hated it when people were like ""You know how we can stop AI? By telling the designers what is wrong and how to fix it! That will show them!""",negative,negative,negative,negative,negative,negative,AIvsHuman,hated people like know stop ai telling designers wrong fix show
UgzDZhWmAAJNL4YJ9mV4AaABAg,it is utterly ironic I get an AI ad before watching this video,negative,negative,negative,negative,negative,negative,AIvsHuman,utterly ironic get ai ad watching video
UgzvMS5ylQqSZDLB0y94AaABAg,"Some of my favourite things I come across when scrolling online are someones ""crappy"" beginner drawing or song or story or whatever. It is simply great that someone took the time and effort to create something, and I always make sure to like those posts because I want to encourage them to continue to create.",positive,neutral,positive,positive,positive,positive,AIvsHuman,favourite things come across scrolling online someones crappy beginner drawing song story whatever simply great someone took time effort create something always make sure like posts want encourage continue create
UgzaxdjPSOiwnoTy7JR4AaABAg,This video feels like it has the nuance other discussions about ai lack,positive,neutral,positive,positive,positive,positive,AIvsHuman,video feels like nuance discussions ai lack
UgzVIXVtbH4TiAh2aCl4AaABAg,"It's pretty simple to me: whenever I realize something I've been reading or looking at is AI generated, I feel cheated. It was never worth my attention in the first place, because the creator didn't put any effort into it. Only if someone has something real to say, and however small it may be, do I feel that it's worth my time.",neutral,negative,negative,negative,negative,negative,AIvsHuman,pretty simple whenever realize something ive reading looking ai generated feel cheated never worth attention first place creator didnt put effort someone something real say however small may feel worth time
Ugy7FO1Z7ObekAU_6bh4AaABAg,"In 1890, Tchaikovsky was commissioned by the Imperial Theater to compose the music for The Nutcracker. Shortly after accepting this job, his sister passed away. No AI generated sounds, as technically accurate as they may get, could ever replicate the feeling of grief and melancholy written into Pas de Deux. Technical composition isn't what has moved people to tears for over 130 years. For that reason I still have hope that real art will always win in the end. Excellent video and discussion!!",positive,positive,positive,positive,positive,positive,AIvsHuman,1890 tchaikovsky commissioned imperial theater compose music nutcracker shortly accepting job sister passed away ai generated sounds technically accurate may get could ever replicate feeling grief melancholy written pas de deux technical composition isnt moved people tears 130 years reason still hope real art always win end excellent video discussion
UgzdzmZBrdfhi3mtlvt4AaABAg,"i think about angel engine having ai generated graphics because the creator didn't want to include human visual art, and i think about the idea of 'it's tiktok, you need visuals to get popular' and then i think of the magnus archives and welcomes to nightvale and the spirit bares its teeth and how much can be shared with only writing, only voice, and then i'm even more disappointed in angel engine's creation. the author could've chosen a medium that allowed them, as a human, to utilize their writing to its full potential, to hire artists to create a cover or promo image, to get booktok hooked on it. But instead, they chose the option with slightly less effort and far less humanity",positive,negative,neutral,negative,negative,negative,AIvsHuman,think angel engine ai generated graphics creator didnt want include human visual art think idea tiktok need visuals get popular think magnus archives welcomes nightvale spirit bares teeth much shared writing voice im even disappointed angel engines creation author couldve chosen medium allowed human utilize writing full potential hire artists create cover promo image get booktok hooked instead chose option slightly less effort far less humanity
UgzucRGsdAsNoAPi6dp4AaABAg,"SO many times I’ve started an artwork with a particular image in mind, and along the road to completion I discover a much better result! And there’s also the pride I feel at having solved a problem!",positive,neutral,positive,positive,positive,positive,AIvsHuman,many times ive started artwork particular image mind along road completion discover much better result theres also pride feel solved problem
UgyQ3jDLyTsCIexPpVR4AaABAg,"I feel like a core issue that was underrepresented in the video is how AI is trained and how it's forced into every piece of media. I personally would have significantly less problem with AI if:

1- the artists that made the AI possible were compensated for their work and were given the option to not have their work used for training
2- If something is AI generated it is labeled as such so that the people that don't want to consume AI generated content can choose not to

I don't think the question was ever about how good the AI content is, but rather how unethical and intrusive it is",negative,negative,negative,negative,negative,negative,AIvsHuman,feel like core issue underrepresented video ai trained forced every piece media personally would significantly less problem ai 1 artists made ai possible compensated work given option work used training 2 something ai generated labeled people dont want consume ai generated content choose dont think question ever good ai content rather unethical intrusive
UgyG6kj_j0l7_ZUw2H14AaABAg,"Truth be told Art in the mainstream has always been an uphill battle. Whether it’s by devaluing the artists, the art, or the public reception. I think the difference is how visible this particular battle is. 

I tried to have a meaningful conversation with one of the people I saw using it regularly. A lot of the conversation was that they didn’t care about being a better artist, they had certain ideas that they lacked the ability to make and didn’t care to try. I also asked why not hire an artist if it’s that important and they responded that we cost too much, we’re too picky, we don’t listen to requests, and we take too long.

That’s what sort of enlightened me to what I’m talking about, the average person or even AI user doesn’t want to be apart of the conversation, they just want results. Not just refusing introspection and accountability, but also refusing the conversation of art as a whole. The same conversation avoidance that’s in modern art, performance art, and poetry.",positive,negative,neutral,negative,negative,negative,AIvsHuman,truth told art mainstream always uphill battle whether devaluing artists art public reception think difference visible particular battle tried meaningful conversation one people saw using regularly lot conversation didnt care better artist certain ideas lacked ability make didnt care try also asked hire artist important responded cost much picky dont listen requests take long thats sort enlightened im talking average person even ai user doesnt want apart conversation want results refusing introspection accountability also refusing conversation art whole conversation avoidance thats modern art performance art poetry
Ugy2DDt4yab8DCgGRRt4AaABAg,"18:50, as someone who has read Marcus Aurelius's book, and fell in love with this exact quote... i was so happy, and surprised, to hear it again",positive,neutral,positive,positive,positive,positive,AIvsHuman,1850 someone read marcus aureliuss book fell love exact quote happy surprised hear
Ugzzv9ssoM6fJODrXgx4AaABAg,"13:05 this is how I feel about the manga industry, like 75% of manga now is just soulless trope copy and pastes to 99.9% of the books with 1 twist to the plot and then it sells like hotcakes there",positive,neutral,negative,negative,negative,negative,AIvsHuman,1305 feel manga industry like 75 manga soulless trope copy pastes 999 books 1 twist plot sells like hotcakes
Ugzt9UrX94iBfpMfjSZ4AaABAg,"it's not just the joy of creating art, it's the human connection that can be fostered from it. that's irreplaceable",negative,neutral,positive,positive,positive,positive,AIvsHuman,joy creating art human connection fostered thats irreplaceable
UgzLjIIJ9a8YHJpItj54AaABAg,"Many thanks to UC Berkeley for putting on this great TED event and for inviting me. A lot has happened since I gave this talk, and the situation remains urgent. Speak up, please write and call your representatives, and keep drawing and being creative.",positive,neutral,positive,positive,positive,positive,AIvsHuman,many thanks uc berkeley putting great ted event inviting lot happened since gave talk situation remains urgent speak please write call representatives keep drawing creative
UgzU1zqByoHGGmw-UgV4AaABAg,Great talk Steven! I can hear this forever,positive,negative,positive,positive,positive,positive,AIvsHuman,great talk steven hear forever
UgwhGH-BXgkEyu_orPJ4AaABAg,"Didn’t expect to see Steven on TedxTalks, but it’s great! As artists we should bring our point of view to non-artists and those who don’t know the main danger of AI.",positive,positive,positive,positive,positive,positive,AIvsHuman,didnt expect see steven tedxtalks great artists bring point view nonartists dont know main danger ai
UgwqP3rMDNfyaZyDzNp4AaABAg,"I am only a hobbyist artist and even my work was used to train AI. That hit me right in the guts. When you think that some unknown hobbyist isn't even save from AI, how bad must it be for those who made it a career. My heart bleeds for everyone. I have been sharing my views on AI on all the platforms and shared many videos and I will share this one too. I have FB friends who have flooded my feed with AI images to no end, fairy cats, Halloween cats, Xmas cats. I love cats but heck it really annoyed me because I recognised some of the styles. I have followed great artists on FB enjoying their work who have now stopped sharing their art to safeguard it. What is the point of art if we can't share it anymore? AI not only stolen art it made it impossible for artists to share their future work. We need an ethical solution asap.",positive,negative,negative,negative,negative,negative,AIvsHuman,hobbyist artist even work used train ai hit right guts think unknown hobbyist isnt even save ai bad must made career heart bleeds everyone sharing views ai platforms shared many videos share one fb friends flooded feed ai images end fairy cats halloween cats xmas cats love cats heck really annoyed recognised styles followed great artists fb enjoying work stopped sharing art safeguard point art cant share anymore ai stolen art made impossible artists share future work need ethical solution asap
UgyC2d807jzkTexO-m94AaABAg,"Thank you Steven for speaking up. As an illustration student, I need to believe that there still is a place for us artists in this world, because I can't imagine my life without art and I shouldn't have to expect to starve because of it.",negative,positive,positive,positive,positive,positive,AIvsHuman,thank steven speaking illustration student need believe still place us artists world cant imagine life without art shouldnt expect starve
UgxwncmZxmA3C0pAgjp4AaABAg,"When the first complaints about AI art and copyright infringments started people were quick to judge that the art was uploaded onto the internet out of the artists free will, and that how it is used by AI would be equivalent of someone maybe copying it and altering on photoshop. What the screenwriters and actors strike shown us is that even though there was no laws that would work retroactivelly no one would expect this AIs to feed of all information ever uploaded, we have to protect the interest of the artists because one day all jobs will be able to be done by computers.",positive,negative,neutral,neutral,neutral,neutral,AIvsHuman,first complaints ai art copyright infringments started people quick judge art uploaded onto internet artists free used ai would equivalent someone maybe copying altering photoshop screenwriters actors strike shown us even though laws would work retroactivelly one would expect ais feed information ever uploaded protect interest artists one day jobs able done computers
Ugy1SqnLFQ49qL-BCyN4AaABAg,"Thank you for rising this question on a wider public on a Ted. 
This problem shouldn't be silenced.",negative,negative,positive,positive,positive,positive,AIvsHuman,thank rising question wider public ted problem shouldnt silenced
UgzbtJ-58adGdAfkQ1F4AaABAg,"So much insight in such a short time! He articulated so many of my thoughts and frustrations. This might be one of the most important TED talks ever given. I had to take notes and quotes:

""We need to figure out exactly who the future is for. I think it's for people, not for machines.""

""We need to acknowledge that we have power. These systems would not exist without out data and our content. And if the people making these things don't want the valuable data that they use to train their products to up and vanish, they're going to have to help keep the markets healthy. So resist, speak up. Tell these companies and lawmakers and the websites that you use that you want your data and your content protected.""

""This is an opportunity for artists, creatives, people of all sorts to come together and defend each other. We have never had such a desperate need for collective action. The very heart of creation could be on the line. And if we really want the future to be aligned for our benefit, we need to remember why we got into art in the first place: because we get an experiential joy from doing it, from making it. Is that something that we are really ready to give up to machines today? I'm not.""",positive,neutral,positive,positive,positive,positive,AIvsHuman,much insight short time articulated many thoughts frustrations might one important ted talks ever given take notes quotes need figure exactly future think people machines need acknowledge power systems would exist without data content people making things dont want valuable data use train products vanish theyre going help keep markets healthy resist speak tell companies lawmakers websites use want data content protected opportunity artists creatives people sorts come together defend never desperate need collective action heart creation could line really want future aligned benefit need remember got art first place get experiential joy making something really ready give machines today im
UgymTunxmZTjl3-5aV14AaABAg,"I've already seen people assuming something was AI when it wasn't, due to this plague of midjourney horrors (and the rest!). It's a horrible situation. I think more frightening than what is hapepning to us artists, is it being used for military reasons and of course political misinformation with ai video as well as pictures. Scary times indeed.",negative,neutral,negative,negative,negative,negative,AIvsHuman,ive already seen people assuming something ai wasnt due plague midjourney horrors rest horrible situation think frightening hapepning us artists used military reasons course political misinformation ai video well pictures scary times indeed
UgweUL_c54M8EUQjSHx4AaABAg,"I appreciated this talk, and it is a serious matter evolving in the areas of creativity. Photographers are losing their images through the cyber realm, and AI is a typical element designed to superimpose itself upon the naive and empathetic. I just pray we all wake up, be watchful, and value one another's work with the utmost respect. Thank you and keep up the process you're undertaking.",positive,negative,neutral,positive,positive,positive,AIvsHuman,appreciated talk serious matter evolving areas creativity photographers losing images cyber realm ai typical element designed superimpose upon naive empathetic pray wake watchful value one anothers work utmost respect thank keep process youre undertaking
UgxuliIx3ik0-9Co_Oh4AaABAg,"Dang, I am impressed this guy actually brought all our concerns on the table!",positive,positive,positive,positive,positive,positive,AIvsHuman,dang impressed guy actually brought concerns table
UgwtCcQCKjjxpIsGxfd4AaABAg,"I got so excited thinking there was a new steven zapata talk before realising it was the old one, but maybe it was time for a rewatch anyway 💜",positive,positive,positive,positive,positive,positive,AIvsHuman,got excited thinking new steven zapata talk realising old one maybe time rewatch anyway
UgyC8qrGHtvqYEGdnep4AaABAg,"I wish that everyone would watch this, I wish it had a billion views. This is such an urgent and important issue, not to mention how scary the implications of AI are for our future, as humanity.",positive,positive,neutral,positive,positive,positive,AIvsHuman,wish everyone would watch wish billion views urgent important issue mention scary implications ai future humanity
Ugzc57esBKNTMCkx2zh4AaABAg,"A historic speech, without a doubt.",positive,negative,positive,positive,positive,positive,AIvsHuman,historic speech without doubt
UgyLAU6ClLGfmY7tHJt4AaABAg,"The thing is that there a lot of people in the World who say that it's perfectly fine to let AI feeding them with any type of content (Art, Music, Games whatever). The reason is that they are quite undemanding. They do not have taste in anything.",positive,negative,negative,negative,negative,negative,AIvsHuman,thing lot people world say perfectly fine let ai feeding type content art music games whatever reason quite undemanding taste anything
Ugxkjh-I0KXEBJqnfUx4AaABAg,"Very vibrant and inspiring talk Steven, and I hope that a lot of people will hear this true talk to start to help us to change things!",positive,neutral,positive,positive,positive,positive,AIvsHuman,vibrant inspiring talk steven hope lot people hear true talk start help us change things
UgzLm8NiQHBSONq22V94AaABAg,"Thank you for brining this up, art is my whole world in many different forms like singing, lyric writing, drawing, voice acting, ect. but with ai taking art all the time i'm scared to share it or even make it in the first place",positive,negative,negative,positive,negative,negative,AIvsHuman,thank brining art whole world many different forms like singing lyric writing drawing voice acting ect ai taking art time im scared share even make first place
UgytfsZ22pJOzUtwFq14AaABAg,"16:39 saving this for later, a legendary quote by Steven in my book",neutral,positive,positive,positive,positive,positive,AIvsHuman,1639 saving later legendary quote steven book
UgyM64M1Kyn7UPXnKS14AaABAg,"This was great to watch, im a big fan of your YT channel and youre an excellent speaker",positive,negative,positive,positive,positive,positive,AIvsHuman,great watch im big fan yt channel youre excellent speaker
Ugwqrct81U7IItfIPhB4AaABAg,Thank youuuuuu Bro. Well done 🤝 You can count on with me. We'll fight.,positive,neutral,positive,positive,positive,positive,AIvsHuman,thank youuuuuu bro well done count well fight
Ugy4jTa9D0R2OhWfNPZ4AaABAg,"AI should be useful to us, without being invasive. Consent. We would have to unplug completely to rid ourselves of the infringement.",negative,negative,neutral,negative,negative,negative,AIvsHuman,ai useful us without invasive consent would unplug completely rid infringement
Ugwxgyqs-vpeLw86IMJ4AaABAg,"While art isn’t my main career since i just do drawing and sell my arts online, but pretty scary how it’s gonna affect job markets",neutral,positive,negative,negative,negative,negative,AIvsHuman,art isnt main career since drawing sell arts online pretty scary gonna affect job markets
UgyWCoza_JCIx4GBKWR4AaABAg,I wish machines could do the mundane things for us while we were off doing the fun and creative things ourselves. That's the future I want to live in.,positive,negative,positive,positive,positive,positive,AIvsHuman,wish machines could mundane things us fun creative things thats future want live
UgyXbag6LgQmBSanQvl4AaABAg,"You know, I'm all for transformative fanworks, fanfic, fanart, and TBH I don't see anything immoral with piracy, either. But not for a second do I think it's appropriate to claim any of that as my ""original work"" or try to make money off of it.
There's enough public domain and creative commons art out there that these corporations could've build their generative AI around them and come out with good results. The reason they didn't was because it was cheaper to scrape the web and not worry about the consequences.",positive,neutral,negative,negative,negative,negative,AIvsHuman,know im transformative fanworks fanfic fanart tbh dont see anything immoral piracy either second think appropriate claim original work try make money theres enough public domain creative commons art corporations couldve build generative ai around come good results reason didnt cheaper scrape web worry consequences
UgzkER75CXxEs6ylJLh4AaABAg,"The question of the decade will be: ""Do we get on or under trains?""",neutral,negative,neutral,neutral,neutral,neutral,AIvsHuman,question decade get trains
Ugwl1wF0COpB47BJ_5h4AaABAg,"Plagiarism and greed is an old world problem--not just something that sprung to life in the age of AI.

Major publishing houses of London have fried and eaten the small fish writers of the Third Workd for dinner, while handing their novels to the bigwig writers of their literary stable to copy and ""revise"" (in landscapes featuring bigger and more profitable demographics.)

We need better copyright laws overall. Ironically, AI already knows who stole whose novel. But they won't use it to machine-train and catch the big criminals because plagiarism is far too profitable.",positive,positive,negative,negative,negative,negative,AIvsHuman,plagiarism greed old world problemnot something sprung life age ai major publishing houses london fried eaten small fish writers third workd dinner handing novels bigwig writers literary stable copy revise landscapes featuring bigger profitable demographics need better copyright laws overall ironically ai already knows stole whose novel wont use machinetrain catch big criminals plagiarism far profitable
UgxIuJp9eOXQNE7kJJN4AaABAg,Grate TEDx. I hope someday we win agenst AI.,positive,positive,positive,positive,positive,positive,AIvsHuman,grate tedx hope someday win agenst ai
UgyQrGErc28v5S4R_2h4AaABAg,This was a phenomenal and engaging talk. Love the passion! I’m mad too,positive,positive,positive,positive,positive,positive,AIvsHuman,phenomenal engaging talk love passion im mad
UgwPEghVOrqJcGzSniB4AaABAg,"Such a good speech about this topic! I agree with every second of it and especially with the fact, that we need to fight back against those models, that ripped us off. Another speaker compared it to the napster era, with the addition of downloading and selling music. How can this be rightful?",positive,positive,positive,positive,positive,positive,AIvsHuman,good speech topic agree every second especially fact need fight back models ripped us another speaker compared napster era addition downloading selling music rightful
UgwD01VUEXhcJ14K4K94AaABAg,As an artist the stabbing of the ink pen hurt😔,negative,negative,negative,neutral,negative,negative,AIvsHuman,artist stabbing ink pen hurt
UgxXrbt9rQHE65wicrV4AaABAg,Do they think us digital artist just tap the screen and art magically appears???,neutral,negative,negative,negative,negative,negative,AIvsHuman,think us digital artist tap screen art magically appears
UgzgIyvYOB3RsyG-YAR4AaABAg,The fact the prompter can't even write the prompt properly XD,positive,negative,negative,negative,negative,negative,AIvsHuman,fact prompter cant even write prompt properly xd
Ugxa836KtOeQ-4YS5wp4AaABAg,using ai is like driving a marathon and getting mad when no one is impressed.,positive,negative,negative,negative,negative,negative,AIvsHuman,using ai like driving marathon getting mad one impressed
UgzszroalItx-0iZUvp4AaABAg,Those lines… are so clean…. Oml I’m gonna eat them,neutral,positive,positive,positive,positive,positive,AIvsHuman,lines clean oml im gonna eat
Ugye80A9_bkmd15q21h4AaABAg,"""B-but people with disabili-"" THEY USE THEIR MOUTH OR FEET, NO EXCUSE!!!",negative,neutral,negative,negative,negative,negative,AIvsHuman,bbut people disabili use mouth feet excuse
UgyZZNEmUArG13TSYZ14AaABAg,"(as both a trad and digital artist) fully convinced people who say this argument have never done digital art in their life. It doesn't take a genius to know that using brushes, playing with blending modes and learning art program techniques is NOT comparable to typing in a prompt and having a machine do all the work 😭🙏",negative,neutral,negative,negative,negative,negative,AIvsHuman,trad digital artist fully convinced people say argument never done digital art life doesnt take genius know using brushes playing blending modes learning art program techniques comparable typing prompt machine work
Ugwnx2oVV2a74kIIpEd4AaABAg,bold of you to assume they know how to write,positive,negative,negative,negative,negative,negative,AIvsHuman,bold assume know write
UgyufTA1o2kp39AbqvV4AaABAg,"Calling them AI ""artists"" felt like too much credit, im gonna start calling them prompters tysm 🙏🙏",positive,negative,negative,negative,negative,negative,AIvsHuman,calling ai artists felt like much credit im gonna start calling prompters tysm
Ugy_pPu36xpnPRNiicp4AaABAg,"I do traditional art, I am absolutely terrible at digital art, I have so much respect for digital artists 😭",negative,positive,positive,positive,positive,positive,AIvsHuman,traditional art absolutely terrible digital art much respect digital artists
UgxiGT3Jpac7rrudpyp4AaABAg,"""b-but the pewpole wif dishabiwities!!"" I have only one eye, it's half blind, I can't work for too long or my vision gets worse, I risk becoming fully blind at any moment, and I STILL have been sucsessfully drawing for ~9 years, and have a career in design. There's no excuses",negative,negative,negative,negative,negative,negative,AIvsHuman,bbut pewpole wif dishabiwities one eye half blind cant work long vision gets worse risk becoming fully blind moment still sucsessfully drawing 9 years career design theres excuses
UgyAn1W9f3Bv6i-pVfd4AaABAg,"_____✏️_____

""Pick it up.""
""Pick. It. Up.""",neutral,neutral,neutral,neutral,neutral,neutral,AIvsHuman,__________ pick pick
UgxW24rYsa8Ck-iPciB4AaABAg,calling yourself an AI artist is like ordering yourself a pizza and saying that you made the pizza-,positive,negative,negative,negative,negative,negative,AIvsHuman,calling ai artist like ordering pizza saying made pizza
Ugxr-OJbr0NHR8yI0EB4AaABAg,"*orders pizza from a pizza making vending machine* 
ah yes I am a chef now",positive,negative,negative,negative,negative,negative,AIvsHuman,orders pizza pizza making vending machine ah yes chef
UgwenXZU55Jw3AdRYA54AaABAg,"""Wow, very nice art.""

*I say as I walk away with a suspicious shaped looking throat*

Edit: Say Gex

Edit 2: I'm lowkey happy everyone is actually saying Gex 😭, It was supposed to be a gay joke now I've created a cult Of Gex 😭

Edit 3: I created a Gex cult 🙏🙏",positive,neutral,positive,neutral,positive,positive,AIvsHuman,wow nice art say walk away suspicious shaped looking throat edit say gex edit 2 im lowkey happy everyone actually saying gex supposed gay joke ive created cult gex edit 3 created gex cult
UgxHDThlVP7cA-vebk54AaABAg,Me when someone says typing a couple words into ChatGPT is the same as spending hours on a drawing via technology:,neutral,neutral,negative,negative,negative,negative,AIvsHuman,someone says typing couple words chatgpt spending hours drawing via technology
UgzN9KMTYaQf-tT0ARl4AaABAg,Your art style is actually insane oh my gosh I feel like I just had 10 years added to my lifespan,negative,negative,positive,positive,positive,positive,AIvsHuman,art style actually insane oh gosh feel like 10 years added lifespan
Ugx_BArDQbHCiCZT3OF4AaABAg,"Ai art is kinda like asking a friend to draw art for you, you give a prompt, maybe ask for a specific style and do none of the actual work. Imagine asking your friend to draw you something and then going around saying it’s your own art. And also the friend didn’t even draw that art they just traced other actual artists.

edit: added the last sentence since some of you thought I was supporting ai 😭",positive,negative,negative,negative,negative,negative,AIvsHuman,ai art kinda like asking friend draw art give prompt maybe ask specific style none actual work imagine asking friend draw something going around saying art also friend didnt even draw art traced actual artists edit added last sentence since thought supporting ai
UgwdF1zHOmUtWQtM3Sd4AaABAg,"I drawing both traditionally and digitally and I *hate* this argument 

I use both a mouse and stylus when I draw digitally and let me tell you makes me very happy that I can do either form of it


How'd they loop back to that goofy thought process? 

I'm kidding it's not hard to guess that the mental gymnastics were easy because they making excuse after excuse because they know they lost the argument already and they're grasping at straws.",negative,neutral,positive,negative,negative,negative,AIvsHuman,drawing traditionally digitally hate argument use mouse stylus draw digitally let tell makes happy either form howd loop back goofy thought process im kidding hard guess mental gymnastics easy making excuse excuse know lost argument already theyre grasping straws
Ugyuvbx1rle9YWQ5wCJ4AaABAg,"""We might not have the undo, but we have the ability to know art fundementals"" ahh",positive,negative,positive,negative,negative,negative,AIvsHuman,might undo ability know art fundementals ahh
UgxpybInoo3abb3kKSZ4AaABAg,"“wdym i ‘didn’t make this burger’? i told the guy at mcdonalds how i wanted it done >:(“
edit: i know this isn’t a perfect analogy but i’m trying to simplify the logic 😭",negative,neutral,negative,negative,negative,negative,AIvsHuman,wdym didnt make burger told guy mcdonalds wanted done edit know isnt perfect analogy im trying simplify logic
UgxgwNFb8RREJGK115N4AaABAg,"exactly i literally am a digi and traditional artist and on my old account ( got banned ) ppl used to say used ai bc ""no one can do both things you can only do one "" LIKE WTH .",negative,negative,negative,neutral,negative,negative,AIvsHuman,exactly literally digi traditional artist old account got banned ppl used say used ai bc one things one like wth
UgwF5Z-iVYs5lVZTptl4AaABAg,"Remember folks, if a slop prompter tells you they're as valid or good an artist as you challenge them to an art competition but no wifi allowed 🤠",negative,neutral,negative,negative,negative,negative,AIvsHuman,remember folks slop prompter tells theyre valid good artist challenge art competition wifi allowed
UgxcElUDHG0d5bst6st4AaABAg,"Im so glad they're called prompters instead of ""ai artists"" 😭",neutral,negative,positive,negative,negative,negative,AIvsHuman,im glad theyre called prompters instead ai artists
UgxfgH2INQJ4J1qoD-V4AaABAg,LOLLLLLLL THATS ACTUALLY A REALLY GOOD REPRESENTATION,positive,positive,positive,positive,positive,positive,AIvsHuman,lolllllll thats actually really good representation
UgxXThFD954nBeNA6TJ4AaABAg,"Digital artists drawing on paper : 🥰😍🤩
Traditional artists drawing digital : 👹🌚😰😰😰",positive,neutral,neutral,negative,neutral,neutral,AIvsHuman,digital artists drawing paper traditional artists drawing digital
UgxGMm4-jiCcip10iFF4AaABAg,I cant breathe bro the way i started attacking the paper 😭😭😭 your drawings are so good,negative,positive,positive,positive,positive,positive,AIvsHuman,cant breathe bro way started attacking paper drawings good
Ugw4c9ZEPYxQ0WGDDxZ4AaABAg,I wanna zoom in on the paper sometimes 😭,negative,positive,positive,neutral,positive,positive,AIvsHuman,wanna zoom paper sometimes
UgxoFH0Ih0ktMB9wtP54AaABAg,"The lines.. they're too clean.. *cutely ate lines*


Edit: i forgot the art style!! *Eats art style*",positive,positive,positive,neutral,positive,positive,AIvsHuman,lines theyre clean cutely ate lines edit forgot art style eats art style
UgyyXVHZtEDFY1xAQyZ4AaABAg,“Prompters” is such a good name for “AI artists” lmao I’m stealing that,positive,positive,positive,positive,positive,positive,AIvsHuman,prompters good name ai artists lmao im stealing
Ugx2VE0-SMZtSJiOyZh4AaABAg,"Artists are so goated that lazy, unimaginative losers wanna be us so bad💀",negative,negative,negative,negative,negative,negative,AIvsHuman,artists goated lazy unimaginative losers wanna us bad
UgxecZFYKD0HKgykU854AaABAg,"These people think someone scanning items at a till deserves more per hour than an artist who has spent a life time working on their craft and has to pay for all of their tools. The lack of respect for artists is heartbreaking. Also this isn't me shading cashiers, I am one.",negative,neutral,negative,negative,negative,negative,AIvsHuman,people think someone scanning items till deserves per hour artist spent life time working craft pay tools lack respect artists heartbreaking also isnt shading cashiers one
Ugz26jpcYdsXA6ZCy-94AaABAg,"The most coherent argument that i have read about ""gatekeeping"" art laid bare that the ""gatekeeping"" was about monetary potential, not the process. That's why ""here's a pencil and paper, they cost me 1.80, use them"" doesn't work. they aren't after art for the sake of doing it, they want the monetary gain.

The first post also heavily relies on economic arguments. These people want to make money without investing the effort to earn it.",negative,neutral,positive,negative,negative,negative,AIvsHuman,coherent argument read gatekeeping art laid bare gatekeeping monetary potential process thats heres pencil paper cost 180 use doesnt work arent art sake want monetary gain first post also heavily relies economic arguments people want make money without investing effort earn
UgwUugbF26FfjradWwZ4AaABAg,"I experienced really bad community harassment; I watched my only parent get bullied out of every job she tried to have because my family had it out for us and they have a lot of connections. I was my mom's main support and I felt like I had lost her many times. I had to wake her up from nightmares where she was screaming in her sleep, the nightmares were always about being bullied at work because it had gotten THAT bad.

My chance at a normal life or holding down a regular job where I have to put myself out there was ruined, I won't even go to the Dr now. I always liked doing art since I was a kid, but once my life had basically been ruined, I started to see doing art from home as my only chance. Then AI came along. 

The AI bros who say ""Just get a regular job"" or ""this tech is going to HELP disabled artists"" have it so freaking backwards.",negative,positive,negative,negative,negative,negative,AIvsHuman,experienced really bad community harassment watched parent get bullied every job tried family us lot connections moms main support felt like lost many times wake nightmares screaming sleep nightmares always bullied work gotten bad chance normal life holding regular job put ruined wont even go dr always liked art since kid life basically ruined started see art home chance ai came along ai bros say get regular job tech going help disabled artists freaking backwards
UgyJ1fvZ5fBYOpm0MFJ4AaABAg,"The first guy lives in a completely different reality than the rest of us. Imagine being so out of touch as to seriously think that artists are ''overpricing'' themselves, while his lazy bum is shamelessly profiting from a technology that directly uses the past (and current) work of actual artists to generate anything. ''AI art'' would've never been a thing without artists! The level of audacity of some people really needs to be studied fr.",negative,neutral,negative,negative,negative,negative,AIvsHuman,first guy lives completely different reality rest us imagine touch seriously think artists overpricing lazy bum shamelessly profiting technology directly uses past current work actual artists generate anything ai art wouldve never thing without artists level audacity people really needs studied fr
Ugx5wF-nDzdgneNCzHR4AaABAg,The gatekeeping one is hilarious. You are NOT the artist. The computer is.,positive,negative,negative,negative,negative,negative,AIvsHuman,gatekeeping one hilarious artist computer
Ugz5o8JQcV0Gysx-3WN4AaABAg,"This mindset of ""artists are gatekeepers for trying to criticize my little toy"" lacks so much empathy and research.

Art is expensive because there's a person behind it, a person that needs to survive, a person that needs food, water, electricity, ect. We price our art high, not only because of the amount of work, but because WE NEED TO SURVIVE. And because art is expensive, we ENCOURAGE people to learn it by themselves so they can create their own things without spending money.
Choosing a """"free"""" alternative that directly steals from people, poisons the air, fucks up with water, consumes an unimaginable amount of energy, allows for mass production of misinformation, leads to cases of psychosis, constantly lies, and so on because you don't see the point of paying people for their work just shows that you live in a very privileged reality.",negative,negative,negative,negative,negative,negative,AIvsHuman,mindset artists gatekeepers trying criticize little toy lacks much empathy research art expensive theres person behind person needs survive person needs food water electricity ect price art high amount work need survive art expensive encourage people learn create things without spending money choosing free alternative directly steals people poisons air fucks water consumes unimaginable amount energy allows mass production misinformation leads cases psychosis constantly lies dont see point paying people work shows live privileged reality
UgwnovH-j8naEM2zOC14AaABAg,"I've seen artists charge thousands of dollars and still get commissions, these people genuinely think that just because they wouldn't buy it means nobody would ever buy it. They also say artists are wasting their time by complaining on the internet about not getting commissions, while they're just spending their time complaining about artists complaining, which is so hypocritical. These people genuinely need to understand that not everyone is like them, and there are a lot of people who see value in human made art and will gladly spend a lot of money on it.",negative,negative,negative,negative,negative,negative,AIvsHuman,ive seen artists charge thousands dollars still get commissions people genuinely think wouldnt buy means nobody would ever buy also say artists wasting time complaining internet getting commissions theyre spending time complaining artists complaining hypocritical people genuinely need understand everyone like lot people see value human made art gladly spend lot money
UgyQO0wmPmERsQIw43l4AaABAg,I got banned from that subreddit from making valid points,negative,negative,negative,negative,negative,negative,AIvsHuman,got banned subreddit making valid points
UgxBBydA30T-j227OmJ4AaABAg,"I actively avoid AI in any form as much as possible.  For the average person AI will not benefit you in any meaningful way. AI is a leech on any creative endeavor.  AI is an attempt to replace something that already exists, us. Usually only to benefit corporations that are only focused on one thing: profit. Profit at the expense of anything else. Constant driving wealth in one direction will eventually lead to us living in an increasingly dystopian world.",positive,negative,negative,negative,negative,negative,AIvsHuman,actively avoid ai form much possible average person ai benefit meaningful way ai leech creative endeavor ai attempt replace something already exists us usually benefit corporations focused one thing profit profit expense anything else constant driving wealth one direction eventually lead us living increasingly dystopian world
UgybrHwrndQHF9SOr2p4AaABAg,The concept of any art commission that isn't a shitty sketch being priced at 6-8 dollars is insane in this economy.,positive,negative,negative,negative,negative,negative,AIvsHuman,concept art commission isnt shitty sketch priced 68 dollars insane economy
UgyiY2C1RZPsny1tMy54AaABAg,"19:48 they call entitlement bc someone is telling them ""you can't own the hard work of others that was run through AI, learn to do it or look for other alternatives"". Entitlement is thinking that you deserve art bc you deserve art, trampling on other artists that the AI ​​used to train",positive,neutral,negative,negative,negative,negative,AIvsHuman,1948 call entitlement bc someone telling cant hard work others run ai learn look alternatives entitlement thinking deserve art bc deserve art trampling artists ai used train
UgwZr_sxcoKDaB_3yfp4AaABAg,"using ai for creative and intellectual processes is literally the biggest disservice one can do to themselves, people who do it are robbing themselves of the chance of creation and development, not even mentioning that it's so harmful to your cognitive skills. it's a technology that human brain doesn't have immunity to, it's natural for our brain to seek the easiest paths for completing tasks, and that's why it's so effective in hijacking the way we think and perceive the world, which in turn leads to overreliance on ai. I see a tendency among people who're slowly waking up and realizing how much damage they've unknowingly done to themselves, but I wish this process of realization would happen faster",positive,negative,negative,negative,negative,negative,AIvsHuman,using ai creative intellectual processes literally biggest disservice one people robbing chance creation development even mentioning harmful cognitive skills technology human brain doesnt immunity natural brain seek easiest paths completing tasks thats effective hijacking way think perceive world turn leads overreliance ai see tendency among people whore slowly waking realizing much damage theyve unknowingly done wish process realization would happen faster
UgySlyG4_hCEueJHyG14AaABAg,"That they say that ""professional artists working on games"" are ""graphic designers"" is a gross misunderstanding on how ILLUSTRATION as a profession works. Illustrators often work for freelance or contract for a company. This doesn't make them not professional. For a lot of us, commission gigs help us survive without having clients. Doing commissions is a valid source of income. Nobody is entitled to art, but I am always happy to help someone fulfill their vision.",positive,negative,negative,negative,negative,negative,AIvsHuman,say professional artists working games graphic designers gross misunderstanding illustration profession works illustrators often work freelance contract company doesnt make professional lot us commission gigs help us survive without clients commissions valid source income nobody entitled art always happy help someone fulfill vision
UgzG7NXtwyHiBj9iLax4AaABAg,"I completely disagree with the usage of AI references due to the fact that pretty much all of them are inaccurate, so you're better off just using older art references from before genAI was a thing or photos (like ThePoseArchives). Everything other point, I completely agree. Especially the fact they want so bad to be accepted as artists when they aren't. But I believe it's just so they can get paid a lot of money for doing no work at all. It's a grift, even for the average AI bro.",neutral,negative,negative,negative,negative,negative,AIvsHuman,completely disagree usage ai references due fact pretty much inaccurate youre better using older art references genai thing photos like theposearchives everything point completely agree especially fact want bad accepted artists arent believe get paid lot money work grift even average ai bro
UgweQTVzt9wnbaAQmGl4AaABAg,"Using ai to generate reference images is pretty counterproductive. The whole point of reference images is to visualize reality. You’re not going to get proper proportions and anatomy with an ai image, it’ll only set you back on progressing your art skills. Even lighting will be a problem too; rarely do ai images have a logical light source",positive,negative,negative,negative,negative,negative,AIvsHuman,using ai generate reference images pretty counterproductive whole point reference images visualize reality youre going get proper proportions anatomy ai image itll set back progressing art skills even lighting problem rarely ai images logical light source
UgxQwRApQjZOv7nIG_94AaABAg,"AI bros act like they aren’t just as easily replaceable by AI. Also, I’m pretty sure AI won’t be “free” forever. There’s a reason drug dealers let new customers have the first taste for free.",positive,negative,negative,negative,negative,negative,AIvsHuman,ai bros act like arent easily replaceable ai also im pretty sure ai wont free forever theres reason drug dealers let new customers first taste free
UgwD-NkWFebC23AeLVF4AaABAg,"They hate us, but they want to be us, and at the same time they depend on us.
What a pathetic state of existence.",negative,negative,negative,negative,negative,negative,AIvsHuman,hate us want us time depend us pathetic state existence
UgxtkhPj1rh-lDfzb-J4AaABAg,"""Economy so bad let's starve artists and deprive communities of water""",negative,negative,negative,negative,negative,negative,AIvsHuman,economy bad lets starve artists deprive communities water
UgztTPFbk-8Gng01d2h4AaABAg,"It’s crazy how they say we gatekeep art, no one’s gatekeeping them from a pencil and a paper 😒",negative,negative,negative,negative,negative,negative,AIvsHuman,crazy say gatekeep art ones gatekeeping pencil paper
UgyJsfYGB53FPgf1bPJ4AaABAg,"You can think of buying art like buying clothes.
With clothes you can buy a shirt that's either small, medium, large or whatever fits you best, and you will be able to cover your body in something nice for a decent price.
Or you can hire a tailor to take measurements of your body and create a shirt with the exact shape and size to your liking for extra comfort.
With art you can buy a poster that was made among a selection of mass printed artworks and get something fancy to decorate your wall with for an affordable price.
Or you can commission an artist for extra personalization to create a poster which has the exact things you'd like to look at when you look at your wall.",positive,negative,neutral,neutral,neutral,neutral,AIvsHuman,think buying art like buying clothes clothes buy shirt thats either small medium large whatever fits best able cover body something nice decent price hire tailor take measurements body create shirt exact shape size liking extra comfort art buy poster made among selection mass printed artworks get something fancy decorate wall affordable price commission artist extra personalization create poster exact things youd like look look wall
Ugz6qYs5f6NEvPnW9Np4AaABAg,"Why are a lot of these people also assuming that commission artists just sit at home all the time at their computer waiting for someone to commission them? XD All of the artists I know have jobs or are going to school for a good job. Telling them ""get a real job"" when most very likely already have one job. Commissions are oftentimes for extra money, but that doesn't mean we want to be undervalued. I barely take commissions because they can be annoying to deal with and I raise my prices so that if I do get a commission, it'll be worth it to be to spend my time making custom art for someone else when I could be doing something for myself.",positive,negative,negative,negative,negative,negative,AIvsHuman,lot people also assuming commission artists sit home time computer waiting someone commission xd artists know jobs going school good job telling get real job likely already one job commissions oftentimes extra money doesnt mean want undervalued barely take commissions annoying deal raise prices get commission itll worth spend time making custom art someone else could something
Ugy93357Y_r1Q3zn_7F4AaABAg,"What’s sad is that lots of people that defend AI are just misinformed and haven’t been properly educated on how bad it is. But then we see posts like the ones in this subreddit where we see that some of them, just, don’t value art at all (which also makes it confusing because if they don’t value art or artists, why are they so insistent about being perceived as artists?). They don’t realize that art really is about the journey and not the destination, and that even the greatest artists that ever lived also started off with no skill just like everybody else, and that if they also put in the effort, they can become a great artist too",positive,negative,negative,negative,negative,negative,AIvsHuman,whats sad lots people defend ai misinformed havent properly educated bad see posts like ones subreddit see dont value art also makes confusing dont value art artists insistent perceived artists dont realize art really journey destination even greatest artists ever lived also started skill like everybody else also put effort become great artist
UgxKf9IrfCvY7EoUsB94AaABAg,"AI isn't ""free."" It's less expensive,now, because there is abundance. But, apparently, the infrastructure to generate AI images may not be able to catch up (i.e. current chip shortages, energy costs etc). Eventually, people will have to pay a premium to generate AI images too. Eventually, AI prompters will charge for their services as well -- they, do spend time and effort for it, right? They're not going to work for $1/hour either. 

And we'll be back to square one where the need for ""art"" will be proportional to the price they are willing to pay. 😊",positive,neutral,neutral,negative,neutral,neutral,AIvsHuman,ai isnt free less expensivenow abundance apparently infrastructure generate ai images may able catch ie current chip shortages energy costs etc eventually people pay premium generate ai images eventually ai prompters charge services well spend time effort right theyre going work 1hour either well back square one need art proportional price willing pay
Ugw3cWmgDEQzgrjzfU94AaABAg,"AI Bros sound like this: ""What? You don't want to use this tool that will essentially rob you of the entire procress you came to enjoy through years of learning a skill? The tool whose datacenters and means of resources displaced entire neighbourhoods and communities, cutting off fresh water supplies for people in already dry areas like Texas? The tool that learns from databases filled with millions of stolen, scraped artworks whose owners will never experience compensation for their work being used to mass-train a tool that's now stealing their job opporturnities because 'free labor' gets commerical people's balls tingling? Wow. You truly are just against modernism!""",positive,negative,negative,negative,negative,negative,AIvsHuman,ai bros sound like dont want use tool essentially rob entire procress came enjoy years learning skill tool whose datacenters means resources displaced entire neighbourhoods communities cutting fresh water supplies people already dry areas like texas tool learns databases filled millions stolen scraped artworks whose owners never experience compensation work used masstrain tool thats stealing job opporturnities free labor gets commerical peoples balls tingling wow truly modernism
Ugx7_Z72ufap-Me-4OR4AaABAg,"There are also other pro-AI subreddits: r/aiwars (their debate sub, though I’ve noticed more anti-AI activity getting uploaded), r/accelerate, r/singularity, r/LoveforAIArt, r/BreakingthePencil and, to an extent, r/ArtisForEveryone. The sheer number of members on those subreddits is scary enough, but the fact that amount of subs exists is terrifying",negative,neutral,neutral,negative,neutral,neutral,AIvsHuman,also proai subreddits raiwars debate sub though ive noticed antiai activity getting uploaded raccelerate rsingularity rloveforaiart rbreakingthepencil extent rartisforeveryone sheer number members subreddits scary enough fact amount subs exists terrifying
Ugw_aDXkLUk4UJMoMZd4AaABAg,$6-$8 for work you completed in 3-6 hours? That's slave labor.,neutral,neutral,negative,negative,negative,negative,AIvsHuman,68 work completed 36 hours thats slave labor
Ugz6hTl9BOo7MlrgP_Z4AaABAg,"I'm a beginner artists and hate my art, but at least I'm not an AI prompter/""""""""""artist""""""""""""",negative,negative,negative,negative,negative,negative,AIvsHuman,im beginner artists hate art least im ai prompterartist
Ugy565D0IB2wwwq3h454AaABAg,"“Wow, this philosopher’s stone is so cool!”
“An entire civilization was destroyed to create it.”
“That’s terrible.”",negative,positive,negative,negative,negative,negative,AIvsHuman,wow philosophers stone cool entire civilization destroyed create thats terrible
Ugy84QiGEXGUlIiu9Z54AaABAg,"I hear a lot of ""you're not selling art because your art is bad"" in this video. I dunno about anyone else but most of the commission pages I come across are really good and they can vary in prices. Mine are dirt cheap, and maybe that isn't a good thing but since my art isn't in demand I don't feel like I'm in a place to charge a lot. I'm pretty vocal about being against AI images. There's something special about someone putting effort into a piece of work and even if it's terrible you still created something with your own hands, and that's great! Creativity is an inately human thing. We as humans are driven to create and I think that's beautiful. All that said I do think AI has it's place, but it's not in creation. Also you made some really good points and I love your style. Also also, you're very pretty.",positive,negative,neutral,negative,negative,negative,AIvsHuman,hear lot youre selling art art bad video dunno anyone else commission pages come across really good vary prices mine dirt cheap maybe isnt good thing since art isnt demand dont feel like im place charge lot im pretty vocal ai images theres something special someone putting effort piece work even terrible still created something hands thats great creativity inately human thing humans driven create think thats beautiful said think ai place creation also made really good points love style also also youre pretty
UgxntiEsXwsOOnwDM8R4AaABAg,"on a lighter note, Merry Christmas my children :)",positive,negative,positive,positive,positive,positive,AIvsHuman,lighter note merry christmas children
UgyMaqYUdsGFf_miRzl4AaABAg,Honestly AI has affected so many artists it's insane so I'm glad that a big artist like you are talking about the situation,positive,neutral,positive,positive,positive,positive,AIvsHuman,honestly ai affected many artists insane im glad big artist like talking situation
UgyKbHpdsNieeXDy5g14AaABAg,"Unfortunately, I think the reason that the music industry has avoided this issue is simply the fact that who controls it are the massive studios, not musicians, that hold the rights to the songs. They have also fought for legislation to protect their profits for decades. The art industry simply doesn't have the same power to go after these companies at the moment. Hopefully that changes.",positive,negative,neutral,negative,negative,negative,AIvsHuman,unfortunately think reason music industry avoided issue simply fact controls massive studios musicians hold rights songs also fought legislation protect profits decades art industry simply doesnt power go companies moment hopefully changes
UgxK-8b2yQPehgQfoaN4AaABAg,"I’m not an artist but now I’m pretty mad at the big ai corporations rn, like they can’t just swoop in and yoink the art work that people put hours and passion in, sending support to people that are experiencing this, merry Christmas btw",positive,neutral,negative,negative,negative,negative,AIvsHuman,im artist im pretty mad big ai corporations rn like cant swoop yoink art work people put hours passion sending support people experiencing merry christmas btw
Ugzi_-Y01VEVG5NS6H94AaABAg,"A woman came to an art studio i'm studing in around a week ago. The woman was interested in interior sketches and it is obvious she had to learn how perspective works, how to build objects from different angles, how colours work, how different matherials to be represented accurately and so on. Mentor told her to pick a picture of interior she would like to draw and this way the woman will be learning basics and enjoying the process at the same time. The woman replied 'but i want to draw from my imagination!', the mentor told to her for around next 20 minutes and convinced her to pick a picture and begin. A woman found 'basics' like searching for eye level alone boring and she constantly repeated she wants to be able to take a sheet of paper and draw a scetch of cool interior right in front of a client in 10 minutes. She kept repeating it's supposed to be simple lines and not what she's been taught here with all those measurements, ruler, eye level and points... She tried her best to 'make everyone in the studio to release *the secret* how to draw better, some secret formula of success'. She talked to everyone, asked questions, but she definetely were looking for some 'short way' and moved to another person getting previous one shall not spill a thing. The conclusion is most of people don't understant that there is no 'short cut', they don't understand amount of work to be done. It is so simple for them! Just draw another art, what is so hard about that, why are you crying a river! Oh yeah... and those are defending and using AI. I hope it will rebel against its users and respect those he learned from.",positive,neutral,negative,negative,negative,negative,AIvsHuman,woman came art studio im studing around week ago woman interested interior sketches obvious learn perspective works build objects different angles colours work different matherials represented accurately mentor told pick picture interior would like draw way woman learning basics enjoying process time woman replied want draw imagination mentor told around next 20 minutes convinced pick picture begin woman found basics like searching eye level alone boring constantly repeated wants able take sheet paper draw scetch cool interior right front client 10 minutes kept repeating supposed simple lines shes taught measurements ruler eye level points tried best make everyone studio release secret draw better secret formula success talked everyone asked questions definetely looking short way moved another person getting previous one shall spill thing conclusion people dont understant short cut dont understand amount work done simple draw another art hard crying river oh yeah defending using ai hope rebel users respect learned
Ugx2wVKFwrA8A4pIr8Z4AaABAg,"I never knew that I was way happier when my only worry as a begginer artist was ""will people like it?""",positive,neutral,negative,positive,positive,positive,AIvsHuman,never knew way happier worry begginer artist people like
UgxrUcITTIf9gLcAsGJ4AaABAg,"I find it crazy how some people call artists greedy, when they're the ones using AI to make cheaper art, so they can pay less and keep more.",negative,neutral,negative,negative,negative,negative,AIvsHuman,find crazy people call artists greedy theyre ones using ai make cheaper art pay less keep
Ugy8Gu69elt3anT7Geh4AaABAg,"As an artist myself i think they should pay artists for art to be fed to the AI and should give credit.
(edit: tysm for so many likes) I also think that Ai art should just leave artists bc at this point it's just problematic.",positive,neutral,negative,negative,negative,negative,AIvsHuman,artist think pay artists art fed ai give credit edit tysm many likes also think ai art leave artists bc point problematic
UgwZP97udinaegDc8yp4AaABAg,"This is insane! Not just the artworks but also music, editing, AI poster generators and so much more.. It's truly sad",negative,negative,negative,negative,negative,negative,AIvsHuman,insane artworks also music editing ai poster generators much truly sad
UgxCzVdx8mZquTXMyvZ4AaABAg,"The scary thing is that this isn't limited to 2d art. I'm a 3d artist, and there are already early versions of  3d model and environment generation AIs. I feel scared that these are just gonna get more better and eventually replace some of us.",negative,negative,negative,negative,negative,negative,AIvsHuman,scary thing isnt limited 2d art im 3d artist already early versions 3d model environment generation ais feel scared gonna get better eventually replace us
UgwdrmVy3jzFcqIiT1N4AaABAg,"If you do some study about the music business in last 100 years, you’ll find a big chunk of it is about how talents are being taken advantage of by the business men. But slowly musicians fought back. I think you’re absolutely right and it’s time for artists to do the same. Sadly there’s no easy path.",negative,negative,neutral,negative,negative,negative,AIvsHuman,study music business last 100 years youll find big chunk talents taken advantage business men slowly musicians fought back think youre absolutely right time artists sadly theres easy path
Ugxoxii6nglaP4CujSp4AaABAg,It pains me how people still tell me it's not much of a big deal. It's always non artists who don't know how it feels to sit on a piece for hours,negative,negative,negative,negative,negative,negative,AIvsHuman,pains people still tell much big deal always non artists dont know feels sit piece hours
UgxMToVHQiciL5NzBqp4AaABAg,"Its so scary with AI, i had seen something like ai audio, someone was using AI audio's of an actual person to advertise there product and the actual person replied saying that it wasn't them.",negative,neutral,negative,negative,negative,negative,AIvsHuman,scary ai seen something like ai audio someone using ai audios actual person advertise product actual person replied saying wasnt
UgzlKeePXT4CoIoPCNl4AaABAg,"I am not related to art, I was just researching ai art for business purposes, I've heard that artists are not happy about it and wanted to know why, and stumbled upon your video. Thank you for putting it out there. It honestly blows my mind how people refuse to understand and empathize with your struggle, even if you aren't an artist, it's not freaking hard to imagine what it's like to spend years working on your craft and produce a lot things, and then have those things stolen and the fruits of your labour being used for profit by others. Disgusting. Why the hell would anyone push against you in this matter?
Dear artists, please value yourself, you are a gift to the world and your work is immensely valuable, keep fighting for yourselves. I'm a regular person but I will take any chance that I get to speak for your benefit and do what I can to help.",positive,negative,positive,negative,negative,negative,AIvsHuman,related art researching ai art business purposes ive heard artists happy wanted know stumbled upon video thank putting honestly blows mind people refuse understand empathize struggle even arent artist freaking hard imagine like spend years working craft produce lot things things stolen fruits labour used profit others disgusting hell would anyone push matter dear artists please value gift world work immensely valuable keep fighting im regular person take chance get speak benefit help
UgwWOPPiompXZ2C6VQ54AaABAg,This should be taken to court honestly. We need a big group of artists to come together and take it to court.,positive,neutral,negative,negative,negative,negative,AIvsHuman,taken court honestly need big group artists come together take court
UgxdIl0Go6UITOL3U_N4AaABAg,"Just a personal rant…
I was inspired by my family to start a print on demand shop to sell my art and I was actually really excited by it but that was a few years ago now and I haven’t gotten any sales. I watched so many videos of “how to get rich with print on demand” and almost every single one has “tips” on how to use Ai to make quick products. I’m so sick of nobody even seeing my art and all of the work I put into each print and even custom making my own ad posts. I don’t even want to be rich, I just want people to love the pieces they buy from me.",positive,negative,negative,negative,negative,negative,AIvsHuman,personal rant inspired family start print demand shop sell art actually really excited years ago havent gotten sales watched many videos get rich print demand almost every single one tips use ai make quick products im sick nobody even seeing art work put print even custom making ad posts dont even want rich want people love pieces buy
UgyRBBAQd3EDc0Qy-v54AaABAg,"Whats more messed up is that they harrass real artists, and then get very confused why other real artists want to defend and stand up for their own creation.",negative,negative,negative,negative,negative,negative,AIvsHuman,whats messed harrass real artists get confused real artists want defend stand creation
UgwkRWnSv5RTFFvTcvF4AaABAg,"I dunno why, but this video made me cry. I always thought "" my art isn't good enough to be stolen and used for AI"", but the idea that other artists are having a piece of them stolen and to be told it's not a big deal when they speak up is just depressing.",negative,positive,negative,negative,negative,negative,AIvsHuman,dunno video made cry always thought art isnt good enough stolen used ai idea artists piece stolen told big deal speak depressing
Ugyrt04jVDsYXOLduYN4AaABAg,Calling artists gatekeepers for not liking AI is like calling runners gatekeepers because they won't let you use your car in a foot race.,positive,negative,negative,negative,negative,negative,AIvsHuman,calling artists gatekeepers liking ai like calling runners gatekeepers wont let use car foot race
Ugy2xbJi_mOhfyHYZbh4AaABAg,"I'm not against new technology. I'm against unethical use of new technology.
I want AI to optimize my grocery runs, simplify my vacation itineraries, and file my taxes. I don't want it to do art for me",neutral,negative,neutral,negative,neutral,neutral,AIvsHuman,im new technology im unethical use new technology want ai optimize grocery runs simplify vacation itineraries file taxes dont want art
UgyyElhNxyo1yexoXMR4AaABAg,"I use Pinterest all the time for references and just save any art I like, but recently I've been clicking on a LOT pieces, thinking it looks nice and wanting the credits, just to see someone who says it's 'ai' and gives pretty obvious proof I wouldn't have noticed before. It's flooded everywhere on my homepage, and it just makes me furious at ai!",positive,negative,negative,negative,negative,negative,AIvsHuman,use pinterest time references save art like recently ive clicking lot pieces thinking looks nice wanting credits see someone says ai gives pretty obvious proof wouldnt noticed flooded everywhere homepage makes furious ai
UgwT9uT3GKJiPt5e3dl4AaABAg,"I think artists might have to go offline and sell physical copies of their work advertised as ""Non-AI generated"", ""All Natural"", ""painted/drawn by humans"". Perhaps even recording the process of painting it as proof. People are still impressed by human skill so perhaps the process could be monetized rather than the final product, almost like a performance. And selling the art offline would ensure that it's not entered into a database and used in the AI algorithm. That is until they change the system to not use copyrighted works or make it so that artists are not opted in by default.",positive,negative,neutral,negative,negative,negative,AIvsHuman,think artists might go offline sell physical copies work advertised nonai generated natural painteddrawn humans perhaps even recording process painting proof people still impressed human skill perhaps process could monetized rather final product almost like performance selling art offline would ensure entered database used ai algorithm change system use copyrighted works make artists opted default
UgzRGfo9sC5EHs1He_14AaABAg,"Not an artist here, but I have very close friends who I see family who are. They put their souls into their art pieces, and it’s important to them. If something I cared about have been invalidated like this, I would be angered as well. This doesn’t mean that I’m not frustrated about this though. For myself, writing is how I express my feelings just like these artists and they have been used to make more works of art. All in all, just be kind to each other and considerate.",positive,negative,negative,negative,negative,negative,AIvsHuman,artist close friends see family put souls art pieces important something cared invalidated like would angered well doesnt mean im frustrated though writing express feelings like artists used make works art kind considerate
UgxdjvGtflO4QzYX2QZ4AaABAg,what's worse is that a lot of these AI 'artists' (image prompters) are just plain rude/toxic when they're called out,negative,negative,negative,negative,negative,negative,AIvsHuman,whats worse lot ai artists image prompters plain rudetoxic theyre called
UgwBR09jVpEAE8-IWAB4AaABAg,"I think it’s insane how artists have to explain the unjustness behind a mass copyright infringement. I think you’re very strong for experiencing this on a mass scale. I know that I and many others like me will always fight for our rights on this issue, as many of us trusted the system with our income to feed our families.",positive,negative,positive,negative,negative,negative,AIvsHuman,think insane artists explain unjustness behind mass copyright infringement think youre strong experiencing mass scale know many others like always fight rights issue many us trusted system income feed families
Ugwj5kCEJtqgl-Dq2FN4AaABAg,"To summarise, we're not saying AI bad. We're saying the people behind AI who are finding legal loopholes and making money out of it bad.",neutral,neutral,negative,negative,negative,negative,AIvsHuman,summarise saying ai bad saying people behind ai finding legal loopholes making money bad
UgxtJKdJxriKHV2-pXd4AaABAg,"""Motivation and imagination is one of the biggest reasons why art exists in the first place, if that ceases to exist in people, it just feels like we've taken the beauty of human mind for granted"".",positive,negative,positive,negative,negative,negative,AIvsHuman,motivation imagination one biggest reasons art exists first place ceases exist people feels like weve taken beauty human mind granted
UgzLDo2jWjSaPCR79LV4AaABAg,"I'm tired of not knowing if an art piece is AI or not. When I see something I like, I want to be able to find the artist to see more of their work. Now I feel like the only thing I see is AI art and it creates so much distrust for me on the internet, when it's become so difficult to tell them apart - what's made by an AI and what's made by real human beings.
I tend to not feel like using any art websites because I have such mixed feelings whenever I go on there. Like pinterest and deviantart among others... it makes me really sad.",negative,negative,negative,negative,negative,negative,AIvsHuman,im tired knowing art piece ai see something like want able find artist see work feel like thing see ai art creates much distrust internet become difficult tell apart whats made ai whats made real human beings tend feel like using art websites mixed feelings whenever go like pinterest deviantart among others makes really sad
UgwUCezcH2y6ncbKuP54AaABAg,"I'm a computer scientist, and it saddens me to see the toxicity from users toward artists, derived from the existence of these AI models. There's no justification for that, and there will never be.
The way current AIs work is definitely too close to the source and that needs to be taken into account for evaluating the ethics of those models, before we go out of our ways to monetize and capitalize on these models. I do hope that the laws will catch up quickly with this, and people will be prevented from continuing to capitalize on models trained using copyrighted data obtained without a license. As you mentioned the models *could* be trained exclusively on open-source and public domain images (I don't like the term copyright-free, because in most cases, it's not true -- having a permissive license doesn't cancel out copyright, only public domain does, and public domain doesn't exist in all countries), although this will very definitely result in much lower quality models with lower quality output -- not because permissive licensed art is inferior, but because there's less quantity of it.


That said, I do believe that with enough evolution of the technologies used for AI art, in the future we could get to a point where the process used by AI will be unique and original.
But this will require that the models learn about shapes and colors, instead of learning how to predict what an image looks like based on a prompt and random noise. I do not believe that creativity is a special thing that only fleshy brains can have, but rather an emergent property of the complex abstraction that our brain does, which is orders of magnitude more nuanced than current AI models (regardless of their size) can hope for.",positive,negative,negative,negative,negative,negative,AIvsHuman,im computer scientist saddens see toxicity users toward artists derived existence ai models theres justification never way current ais work definitely close source needs taken account evaluating ethics models go ways monetize capitalize models hope laws catch quickly people prevented continuing capitalize models trained using copyrighted data obtained without license mentioned models could trained exclusively opensource public domain images dont like term copyrightfree cases true permissive license doesnt cancel copyright public domain public domain doesnt exist countries although definitely result much lower quality models lower quality output permissive licensed art inferior theres less quantity said believe enough evolution technologies used ai art future could get point process used ai unique original require models learn shapes colors instead learning predict image looks like based prompt random noise believe creativity special thing fleshy brains rather emergent property complex abstraction brain orders magnitude nuanced current ai models regardless size hope
Ugwu6RoYTiCefgWqcMh4AaABAg,"AI is absolutely terrifying. The way it can generate images which can't even be told apart from 'human art' can be very disheartening for new and beginner artists, it baffles me how far technology has come, and how much long way it still has to go
Traditional art is is i guess ¯\_(ツ)_/¯",negative,neutral,negative,negative,negative,negative,AIvsHuman,ai absolutely terrifying way generate images cant even told apart human art disheartening new beginner artists baffles far technology come much long way still go traditional art guess _ツ_
UgyXHsabE0Q8Kzaxuxx4AaABAg,"I always sketched things I wanted to present and paid a gfx artist to make it look print ready. Now I sketch and color my art , then ask chat got to render it in a style that it has named my own by looking at my sketches. Am I now a fraud?",negative,neutral,neutral,negative,neutral,neutral,AIvsHuman,always sketched things wanted present paid gfx artist make look print ready sketch color art ask chat got render style named looking sketches fraud
UgwFU-7IWZs5xn75Gb14AaABAg,What do you think if you trace AI and call it your art?,neutral,neutral,neutral,neutral,neutral,neutral,AIvsHuman,think trace ai call art
Ugxsvqrjwt_xh0X-mGt4AaABAg,"I only use AI as a tool to create a good reference image. It saves me a lot of time. Precious time i can use to paint now instead of photographing for days, photoshop etc etc. When i paint i am on a journey, the reference is pure for composition, a guide line.",positive,neutral,positive,positive,positive,positive,AIvsHuman,use ai tool create good reference image saves lot time precious time use paint instead photographing days photoshop etc etc paint journey reference pure composition guide line
UgxfdBPDp_wTqa3ZO5Z4AaABAg,"And here's another answer. If you pay for something that you want to get it done quickly, you're actually hiring an AI to do it for you. So that way you can get the credit. That works the same way too, but it comes with a price you have to pay the company to do use that tool. But there's a lot of tools out there that you have to pay for to use that tool to get the credit for your work.

There is no cheating of hiring an AI to do the work for you. But you have to pay the company to use that AI. Hey, they're getting money.

Here's an explain answer. 

I walk into a company and I'm looking to someone to build something for me. Hey, here comes the guy. So you want to use my AI? You want to use the AI? You pay me, and I'll let you use it as long as you like, as long as you keep paying me. 

Now there's other companies that gives you one payment, and that's good, but you want to get it done quickly. 

You pay me the cash, and you can use the AI, and you can get your credit and money from your commercial use work that you paid from us.

You want to be famous of your art and music, pay us, and you can have that dream.

Same thing in human life back then.


Don't be a slow person. You're drawing your own work, and it's only taking you so long to get it done. 

You can be an artist, but hey, you're doing it so long, and you're sitting there trying to draw all the characters you can, and it's taking a long time, and you're getting older. 

You're not gonna make it. So, 

where there any other solutions that you can find out there? Well, there's your answer. Find the AI, and they can help to get it done faster if you are a single individual person. 

Don't struggle as one person trying to make an awesome video game. 

There's other solutions. Find an AI, pay them, and then your Watch Your work speed up fast. 

Just cough with the money and get it done fast.

And it's 100% true.

If you guys agree with me, thank you so much.👍",positive,neutral,positive,positive,positive,positive,AIvsHuman,heres another answer pay something want get done quickly youre actually hiring ai way get credit works way comes price pay company use tool theres lot tools pay use tool get credit work cheating hiring ai work pay company use ai hey theyre getting money heres explain answer walk company im looking someone build something hey comes guy want use ai want use ai pay ill let use long like long keep paying theres companies gives one payment thats good want get done quickly pay cash use ai get credit money commercial use work paid us want famous art music pay us dream thing human life back dont slow person youre drawing work taking long get done artist hey youre long youre sitting trying draw characters taking long time youre getting older youre gonna make solutions find well theres answer find ai help get done faster single individual person dont struggle one person trying make awesome video game theres solutions find ai pay watch work speed fast cough money get done fast 100 true guys agree thank much
UgxEMilo7jWtVU2oamR4AaABAg,"The real challenges,  denial!  The term you are looking for is **normalcy bias** (sometimes called the ostrich effect, though normalcy bias is the precise psychological term for disaster response).

It is a cognitive bias that causes people to underestimate both the likelihood of a disaster and its potential effects.",positive,positive,neutral,positive,positive,positive,Climate,real challenges denial term looking normalcy bias sometimes called ostrich effect though normalcy bias precise psychological term disaster response cognitive bias causes people underestimate likelihood disaster potential effects
UgwW-3g1m68UjhrstgR4AaABAg,Open the Greenland Voids!!!! 😮,positive,neutral,negative,neutral,neutral,neutral,Climate,open greenland voids
UgxVJtLA45l3JyJZDvd4AaABAg,"The most concerning thing about this is the fact that i've heard some scientists have said that once this super el nino comes, that will be the new normal, i dont really think this thing is going away, this might be the last year of normal weather and normal temperatures and i can only blame our stupidity for this, now we are going to be stuck in this era for a long time and possibly forever, my god what have we done that led us to this?!",positive,positive,neutral,positive,positive,positive,Climate,concerning thing fact ive heard scientists said super el nino comes new normal dont really think thing going away might last year normal weather normal temperatures blame stupidity going stuck era long time possibly forever god done led us
UgxfkxbS-ykpFN9ytgN4AaABAg,"If you think the global heating situation is ever going to get better, think again.  Every city in the world is dealing with some aspect if this: EVERY ONE.  

More than fifty years ago, it was time to wake up, but somehow the world is still asleep.",neutral,positive,positive,positive,positive,positive,Climate,think global heating situation ever going get better think every city world dealing aspect every one fifty years ago time wake somehow world still asleep
Ugz-JYZZs_ek5Pc81jp4AaABAg,aight fellas i have this gutfeeling that the 20s haven't been very great so far,neutral,positive,positive,positive,positive,positive,Climate,aight fellas gutfeeling havent great far
Ugw7ktfVTWrm0YUg9RZ4AaABAg,"Man, earth still be here long after we die off.
Or, we are in a simulation. 
Who knows.",neutral,neutral,negative,neutral,neutral,neutral,Climate,man earth still long die simulation knows
UgyLXbQsU5aoMQ31y4V4AaABAg,"Thanks Neil , a voice of reason in a world not prepared to listen until it's to late .",neutral,neutral,negative,neutral,neutral,neutral,Climate,thanks neil voice reason world prepared listen late
UgzgtrRaAVuux_q83dZ4AaABAg,I blame climate change deniers for this!,neutral,neutral,negative,positive,positive,positive,Climate,blame climate change deniers
UgyVTN1Vc_GpfUpqJWV4AaABAg,I am 72. Weather in winter rarely includes snow or ice events compared to the 50s and 60s. It is astounding to hear our current U.S. leaders deny climate change.,positive,positive,positive,positive,positive,positive,Climate,weather winter rarely includes snow ice events compared astounding hear current us leaders deny climate change
UgximVb496u_3E6urA14AaABAg,Noo stronger hurricanes for us Floridians,neutral,neutral,negative,neutral,neutral,neutral,Climate,noo stronger hurricanes us floridians
UgyKzGeJRJMZ_bEzbaZ4AaABAg,"Only paying a huge carbon tax can save us now.

At least that’s what the rich tell us while they fly around on private jets.",positive,positive,positive,positive,positive,positive,Climate,paying huge carbon tax save us least thats rich tell us fly around private jets
UgxbCZplmc-L1yqFiEt4AaABAg,Here after the 2 week most intense heatwave Europe has ever faced....,negative,positive,positive,positive,positive,positive,Climate,week intense heatwave europe ever faced
UgzBOnM0KG5w1C0Y0bh4AaABAg,"I’m going to teleport myself into an alternate universe, this one is screwed. Good luck everybody",neutral,positive,positive,positive,positive,positive,Climate,im going teleport alternate universe one screwed good luck everybody
UgyrGxGkLsTgPJxC1ZF4AaABAg,Well this aged well,positive,negative,negative,neutral,neutral,negative,Climate,well aged well
UgxgNivT7hy2jONG_tN4AaABAg,Bruh were getting Super El Niño before GTA VI,positive,positive,positive,positive,positive,positive,Climate,bruh getting super el nio gta vi
UgwvkV5cjS9tw6WG7Q54AaABAg,El Niño: the final boss before GTA 6 drops,neutral,neutral,negative,neutral,neutral,neutral,Climate,el nio final boss gta drops
UgyajEMvXTUt_J028v14AaABAg,Nothing will happen lol,positive,positive,positive,positive,positive,positive,Climate,nothing happen lol
Ugx3C0HdKjUwmzXqTX14AaABAg,But the human influenced climate change is a myth….,neutral,neutral,negative,positive,positive,positive,Climate,human influenced climate change myth
Ugyg1Ao_WgR-HaVqmMV4AaABAg,"Ah, that explains why its snowing in goddamn June",neutral,neutral,negative,negative,negative,negative,Climate,ah explains snowing goddamn june
UgxXfgKGrCFZe8cnZ3d4AaABAg,So cool. All we get is blizzards in New England. 😢,positive,positive,positive,positive,positive,positive,Climate,cool get blizzards new england
UgzmUAEYWiX_XsNKlaR4AaABAg,"So in other words all our ""efforts"" to protect the planet arent working and since we wanna fa...we gonna fo",negative,negative,negative,neutral,neutral,negative,Climate,words efforts protect planet arent working since wanna fawe gonna fo
Ugy34yfdoX0HH0kYliR4AaABAg,"Oh no, what will we do?
A weather cycle we have lived with since the stone age. 
But now we are supposed to fear this natural cycle.",neutral,positive,neutral,positive,positive,positive,Climate,oh weather cycle lived since stone age supposed fear natural cycle
Ugyyq5l7LP2aqO5AYs94AaABAg,"Quick question, does El Niño also intensify hurricanes and tornadoes like it did in 2011 with the super outbreak?",neutral,positive,positive,positive,positive,positive,Climate,quick question el nio also intensify hurricanes tornadoes like super outbreak
UgwFLmhoE9M3jM3-Ypl4AaABAg,doomsday is close,neutral,neutral,negative,negative,negative,negative,Climate,doomsday close
Ugzxd9aBv_TN5bFkN-x4AaABAg,"""Not our problem"" - the billionaires, and the first trillionaire",positive,positive,positive,positive,positive,positive,Climate,problem billionaires first trillionaire
UgykpYWpz9HAWoqX6l54AaABAg,"In Puerto Rico, the heat is already extreme. 2-3 baths a day, a 15 minute ride without a/c in the car has you sweating intensely, 2 fans running at the same time and it's still hot af! And it's not even June or July. Water might dry out and leave us for weeks without water (it happens every summer). We're fked.",positive,positive,neutral,positive,positive,positive,Climate,puerto rico heat already extreme baths day minute ride without ac car sweating intensely fans running time still hot af even june july water might dry leave us weeks without water happens every summer fked
UgwpHRlL7ZgOwuwTWbJ4AaABAg,"12:24 so model projections often overshoot what happens, and the models thought we'd hit super El Niño status by July.... except its mid June and the Super El Niño was confirmed today. Certainly a time for history books to be written about for a number of reasons",neutral,positive,positive,positive,positive,positive,Climate,model projections often overshoot happens models thought wed hit super el nio status july except mid june super el nio confirmed today certainly time history books written number reasons
UgyNgySfZii65L1fZl54AaABAg,"That ain't an el niño, that's an el hombre.",neutral,neutral,negative,neutral,neutral,neutral,Climate,aint el nio thats el hombre
Ugwuw7eHrk8kgb2cNzl4AaABAg,Mother Nature never tells us what’s going to happen tomorrow.,neutral,neutral,negative,neutral,neutral,neutral,Climate,mother nature never tells us whats going happen tomorrow
Ugw4SvvWzGhl1W-tjwd4AaABAg,We're going from worse to the worst.,negative,negative,negative,negative,negative,negative,Climate,going worse worst
UgzjeNsU2ND_ozYRNWF4AaABAg,15:30 you can blame Trump and Netanyahu for that last one,neutral,neutral,negative,negative,negative,negative,Climate,blame trump netanyahu last one
Ugx2FzagLzw5N4ooTCh4AaABAg,COULD THE WORLD JUST CHILL THE F OUT. I JUST STARTED BECOMING AN ADULT.,positive,positive,positive,positive,positive,positive,Climate,could world chill started becoming adult
UgwtpMfFbGs1QWpcYrJ4AaABAg,Its crazy how many once in a life moments we've had.,neutral,neutral,negative,positive,positive,positive,Climate,crazy many life moments weve
Ugx5B5GnFfVOqMpmGa54AaABAg,I live in Brisbane Australia. It is like living in a swamp right now. It has been raining frequently for the last 15 years. I don't mind a few dry months from el nino.  But one of our weather experts recently stated there is no guarantee that the rain will significantly decrease even if el nino is super.,positive,positive,neutral,positive,positive,positive,Climate,live brisbane australia like living swamp right raining frequently last years dont mind dry months el nino one weather experts recently stated guarantee rain significantly decrease even el nino super
UgyrFH2lCDLKYIYwuhl4AaABAg,Earth: Brand New Day,positive,positive,neutral,positive,positive,positive,Climate,earth brand new day
UgzQbnuYFaxIGcw8vGp4AaABAg,"8:56 when your advice to save the world is a payed promotion, respect bro",neutral,neutral,negative,positive,positive,positive,Climate,advice save world payed promotion respect bro
UgwV0nMWRHy92GoOrXR4AaABAg,"In Nicaragua just started raining, when usually it starts raining at the beginning of May. So this is already an unusual year.",neutral,neutral,negative,positive,positive,positive,Climate,nicaragua started raining usually starts raining beginning may already unusual year
UgwDNqvoVdIOWMFmc9x4AaABAg,I love how people act like 140 years is a long time when it comes to stuff like this lol,positive,positive,positive,positive,positive,positive,Climate,love people act like years long time comes stuff like lol
UgxO7ak9ZOfmR3dv0mZ4AaABAg,"Yeah, El Nino is like that drunk uncle who sometimes shows up. However this time his blood alcohol level is 2.5‰ and he is swinging a fireaxe around.",negative,negative,negative,negative,negative,negative,Climate,yeah el nino like drunk uncle sometimes shows however time blood alcohol level swinging fireaxe around
UgymHtWkwr7GmWokfUJ4AaABAg,One thing sure we should quit all these horrible wars and focus on storing food and how to transport them to areas that are going to be in need.,negative,negative,negative,negative,negative,negative,Climate,one thing sure quit horrible wars focus storing food transport areas going need
UgwprDCoZYlIxqkcc4d4AaABAg,"I'm watching this video from Nicaragua, where we just recently experienced some of the highest recorded temperatures in our history. The temperature rose as high as 40 degrees Celsius in our capital city, which was very much unprecedented.

We were supposed to be at the end of our summer, when typically rain starts in the month of May, but we didn't get a single drop of rain the whole month. We only got a bit of rain because of Hurricane Cristina, which we're currently experiencing. That hurricane also went ahead and pretty much flooded all of our Pacific beachfront towns.

It's not a great feeling, what we've had in Nicaragua: going from a scorching hot hell to floods.",positive,positive,neutral,positive,positive,positive,Climate,im watching video nicaragua recently experienced highest recorded temperatures history temperature rose high degrees celsius capital city much unprecedented supposed end summer typically rain starts month may didnt get single drop rain whole month got bit rain hurricane cristina currently experiencing hurricane also went ahead pretty much flooded pacific beachfront towns great feeling weve nicaragua going scorching hot hell floods
UgyQRDRZCHxXAY03Go14AaABAg,"As someone from India , I’d like to inform you it’s already having an impact on the annual monsoon season . It officially arrived late by 3 days and now stands at -23% deficient in terms of rainfall.  The monsoon at this point should have covered the entire southern peninsula but it managed to cover only about a quarter.

Update: it's 16 June overall deficiency stands at -64%

Update: it’s 24th June , slight improvement but at a tortoise speed and overall deficiency stands at -43% and it’s all haywire at the moment! 

Update 3/ last update, 6 July : it's all mayhem . Deficit stands at -28% . Some states are about to be flooded whilst some are facing real chance of drought. One state in the east has +139% excess while one In the north faces -56% deficiency",negative,negative,negative,neutral,neutral,negative,Climate,someone india id like inform already impact annual monsoon season officially arrived late days stands deficient terms rainfall monsoon point covered entire southern peninsula managed cover quarter update june overall deficiency stands update th june slight improvement tortoise speed overall deficiency stands haywire moment update last update july mayhem deficit stands states flooded whilst facing real chance drought one state east excess one north faces deficiency
UgzZRN1bvNfeREHEvfF4AaABAg,i love my children. but often i regret bringing them into this world,positive,positive,positive,positive,positive,positive,Climate,love children often regret bringing world
Ugztf3lPTHZer1gletB4AaABAg,"I live in Maharashtra, India, one of the places in India that receives very high rainfall from the mid of May every year.
Today is June 9th, and we haven't had a single drop of rain so far this year. Things will be really bad this year.",negative,negative,negative,neutral,neutral,negative,Climate,live maharashtra india one places india receives high rainfall mid may every year today june th havent single drop rain far year things really bad year
UgygVtxJbXx04p20Ut14AaABAg,I'm sure corporations aren't going to take the opportunity to raise prices and transfer more wealth to the top,positive,positive,positive,positive,positive,positive,Climate,im sure corporations arent going take opportunity raise prices transfer wealth top
UgwTXPDRVAZPU_59rad4AaABAg,"Guys, start storing shelf stable food and prepare for problems with store shelves.  Maximize your garden and learn to can.  I’m taking advantage of the orchards this year.  Between the issues with fertilizer and tariffs, farmers are cutting back as it is.  Preparation isn’t political.",negative,negative,negative,neutral,neutral,negative,Climate,guys start storing shelf stable food prepare problems store shelves maximize garden learn im taking advantage orchards year issues fertilizer tariffs farmers cutting back preparation isnt political
Ugy3mW6WAcLNRrsIcjZ4AaABAg,"""The Super Boy"" isn't doing it.  Severe heat, droughts, wildfires, and storms needs a better title. El Viejo Suduroso - The sweaty old man.",positive,positive,positive,positive,positive,positive,Climate,super boy isnt severe heat droughts wildfires storms needs better title el viejo suduroso sweaty old man
UgxcTSg-lj9gtpfRkEd4AaABAg,"Can't really say I ""enjoyed"" this video, per se, but it was super informative and I appreciate how digestible you've made all this anxiety inducing information. Keep up the great work!",positive,positive,positive,positive,positive,positive,Climate,cant really say enjoyed video per se super informative appreciate digestible youve made anxiety inducing information keep great work
UgwBlUi49UWuYE2P4I54AaABAg,"Supporting the status quo is not moderate. Defending the existence of the ultra rich and of corporations is not moderate. It is not moderate to say, ""Well the planet devouring demon is already here, our only choice is to figure out how to regulate it."" When the people in power are actively enabling the destruction of the planet, defending their existence is fanatical. It's beyond radical, it's just insane. Revolution is the moderate option. Self defense is the moderate option.",negative,negative,negative,neutral,neutral,negative,Climate,supporting status quo moderate defending existence ultra rich corporations moderate moderate say well planet devouring demon already choice figure regulate people power actively enabling destruction planet defending existence fanatical beyond radical insane revolution moderate option self defense moderate option
Ugx0WlDURnu3H0kdH5t4AaABAg,"The proverb ""may you live in interesting times"" keeps coming to my mind what with a new once in a [very long time] event happening every year.",positive,positive,neutral,positive,positive,positive,Climate,proverb may live interesting times keeps coming mind new long time event happening every year
UgzBssEWHTk2m0BJoft4AaABAg,"Australia here, Literally just had some of the worst rains in recent memory with more to come.",neutral,negative,negative,neutral,neutral,negative,Climate,australia literally worst rains recent memory come
Ugztn4iZT7nrv9Y4V2N4AaABAg,Oh good.  As an Australian I wouldn’t know myself if I wasn’t on fire or underwater.,positive,positive,positive,positive,positive,positive,Climate,oh good australian wouldnt know wasnt fire underwater
UgzrQQs3W_V4fV4P_RV4AaABAg,Peru already stopped all anchovy fishing. And Lima's weather is like summer,negative,neutral,negative,neutral,neutral,neutral,Climate,peru already stopped anchovy fishing limas weather like summer
UgwIcXwJys1PY0ygA394AaABAg,I love how each passing year is significantly worse than the year before.,neutral,neutral,negative,negative,negative,negative,Climate,love passing year significantly worse year
UgwVcjww_yLSnUuADqp4AaABAg,My family comes from Peru. They have been dealing with El Niño events for thousands of years and people of native descent tell stories about El Niño events that happen once every several hundred years that are truly devastating. Supposedly in the mid 500s there was an El Niño so bad it triggered 30 years of droughts and this has been semi-confirmed by ice core samples from glaciers.,negative,negative,negative,negative,negative,negative,Climate,family comes peru dealing el nio events thousands years people native descent tell stories el nio events happen every several hundred years truly devastating supposedly mid el nio bad triggered years droughts semiconfirmed ice core samples glaciers
Ugzi7vfxfAwGG4dw_-l4AaABAg,"I'm so happy your channel isn't AI, I LOVE YOUR CONTENT!",positive,positive,positive,positive,positive,positive,Climate,im happy channel isnt ai love content
UgxuJvnLBrgzK6QsRG94AaABAg,Can't wait for the US senate to somehow make billions off all this,neutral,neutral,negative,neutral,neutral,neutral,Climate,cant wait us senate somehow make billions
UgyVtlqnK-r12rawfpd4AaABAg,After economic disaster now we get El Nino? What a great time to live,negative,positive,positive,positive,positive,positive,Climate,economic disaster get el nino great time live
UgxPk3D9k9QxeaKxfuN4AaABAg,So we can expect widespread droughts at the same time that global fertilizer availability has dropped significantly due to the war in Iran. Fantastic,neutral,positive,neutral,positive,positive,positive,Climate,expect widespread droughts time global fertilizer availability dropped significantly due war iran fantastic
UgynHeKR0HTTJi9jL5x4AaABAg,Well it's been a fun ride,positive,positive,positive,positive,positive,positive,Climate,well fun ride
UgyUNQaCl_Ba0jbo2W14AaABAg,El Niño becoming El HOMBRE,positive,positive,positive,positive,positive,positive,Climate,el nio becoming el hombre
Ugx1jg4E6_9IaRXo0zJ4AaABAg,El Nino showed up to kickoff the amoc going away party,neutral,neutral,negative,neutral,neutral,neutral,Climate,el nino showed kickoff amoc going away party
Ugwolp6IiGWEhOZbWwd4AaABAg,"""The whole world at your fingertips, the ocean at your door""

""20.000 years of this, 7 more to go""

- Bo Burnham, ""That Funny Feeling"", 2021",positive,positive,positive,positive,positive,positive,Climate,whole world fingertips ocean door years go bo burnham funny feeling
UgzJXXs6t1ZVqibe4l54AaABAg,Its all gonna get solved. We just need more data centers.,positive,positive,positive,positive,positive,positive,Climate,gonna get solved need data centers
UgwAPN9-kYpIHbyJQi54AaABAg,This will likely cause 2027 to be the hottest year ever recorded.,neutral,neutral,negative,negative,negative,negative,Climate,likely cause hottest year ever recorded
UgzUboJ5oVUW-cIVCAl4AaABAg,"hey man , can you make another video at the end of the year just to check how this turned out?",neutral,neutral,negative,neutral,neutral,neutral,Climate,hey man make another video end year check turned
UgwCgd6OEi5-QGXB7XZ4AaABAg,"I guess if it goes above 3 degrees, that would be a Mega El Nino?",neutral,neutral,negative,positive,positive,positive,Climate,guess goes degrees would mega el nino
UgwVJNioilzrrj70_lZ4AaABAg,5:15 major major respect for the honestly,positive,positive,positive,positive,positive,positive,Climate,major major respect honestly
UgyN_nTS3UzHYPR2fLJ4AaABAg,Personally I am waiting for Ultra Instinct El Niño.,neutral,neutral,negative,positive,positive,positive,Climate,personally waiting ultra instinct el nio
Ugx14OBzD2ttYL0cqrl4AaABAg,"i’m a hydrologist located in Zambia, el niño size shows during our winters. this year, right now (it’s winter) and temperatures are above 25 degrees which is extremely unusual. regularly it’s 19 degrees on average",positive,positive,neutral,positive,positive,positive,Climate,im hydrologist located zambia el nio size shows winters year right winter temperatures degrees extremely unusual regularly degrees average
Ugz2hMzORHNOSnIGELB4AaABAg,the world when it's our turn to be adults 😂🤣,neutral,neutral,negative,neutral,neutral,neutral,Climate,world turn adults
UgzP-0Ho29J1REl3ENB4AaABAg,Don't apologize for the high rate of information...it was necessary.,positive,positive,neutral,neutral,neutral,neutral,Climate,dont apologize high rate informationit necessary
UgzFUHNDaqNi-Mn6on94AaABAg,"As a millennial, I would formally like to petition the universe to please stop making me experience a ""once in a lifetime event"" every few months. Thank you.",negative,negative,negative,neutral,neutral,negative,Climate,millennial would formally like petition universe please stop making experience lifetime event every months thank
UgyFcdGI4y_vBILi1rR4AaABAg,Now we are facing El Adõlescente,neutral,neutral,negative,negative,negative,negative,Climate,facing el adlescente
Ugwze6D6bwmkWG3SxD54AaABAg,"Want to restore the planet’s ecosystems and see your impact in monthly videos? The first 100 people to join Planet Wild with our code ASTRUM6 will get the first month for free: https://planetwild.com/r/astrumearth/join/6
If you want to get to know them better first, check out their mission about the biggest wildlife corridor: https://planetwild.com/r/astrumearth/m37/6

UPDATE: Just two days after we dropped this video, NOAA officially confirmed the arrival of El Niño. It is currently strengthening and remains on track to become a ""Super El Niño"", matching earlier predictions. 
Read more here: https://www.noaa.gov/news-release/el-nino-forms-expected-to-strengthen-say-noaa-forecasters",positive,positive,positive,positive,positive,positive,Climate,want restore planets ecosystems see impact monthly videos first people join planet wild code astrum get first month free want get know better first check mission biggest wildlife corridor update two days dropped video noaa officially confirmed arrival el nio currently strengthening remains track become super el nio matching earlier predictions read
UgzFfYuiVfFse8BsykB4AaABAg,"I am a 47yro Man whose living with a debilitating condition worsened by heat
I crave cold weather and long for Winter season unfortunately Winters are nothing like how they used to be
Like clockwork you knew how cold it will be but these days it's scarily mild where I am and hardly noticeable its Winter
I am fearful for the forcible future as I when I was a teen and bombarded with news of greenhouse gas etc had images of the UK living in +40c climates which are dreadful especially for my health
Sad thing is it will happen in due course of what is being done and that is the plan in store for us",negative,negative,negative,negative,negative,negative,Climate,yro man whose living debilitating condition worsened heat crave cold weather long winter season unfortunately winters nothing like used like clockwork knew cold days scarily mild hardly noticeable winter fearful forcible future teen bombarded news greenhouse gas etc images uk living climates dreadful especially health sad thing happen due course done plan store us
Ugzv6lLjE8OVZixHOOl4AaABAg,"CONSEQUENCES BASED ON 2026 DATA

1. What the data already shows in 2026

· Arctic winter ice is at a record low for March. That means less ice survives into summer, and the ocean absorbs more heat starting earlier.
· Global temperatures in 2025–2026 are already ~1.5°C above pre-industrial. The Arctic is warming 3–4× faster.
· Methane levels are rising faster than any IPCC scenario predicted (NOAA data).
· Ocean heat content is at record highs — that heat will emerge during the next El Niño.

These are not predictions. These are measurements.

2. What a Super El Niño (late 2026) plus low Arctic ice means for winter 2026–2027

Data-based mechanism:

· El Niño transports heat and moisture into the Arctic.
· Warm Atlantic/Pacific water enters the Arctic basin from below.
· Warm air from mid-latitudes enters from above.
· Result: Winter ice cannot form normally. The March 2027 maximum will be far lower than March 2026 — likely below 1 million km² for the first time in history.

Consequence: The double blue ocean event (no ice in winter) happens in March 2027, not September.

That is not speculation. That is physical oceanography and atmospheric science applied to current data.

3. Consequences of a March 2027 double blue ocean event

3.1 Immediate physical (March–June 2027)

· Albedo collapse starts 6 months early — dark ocean absorbs sunlight starting in March instead of June.
· Extra heat added to the climate system in 2027 alone: equivalent to ~15–20 years of current human CO₂ emissions.
· Global temperature jumps +0.6–0.8°C within 3 months of ice loss.
· By June 2027, global anomaly exceeds +2.2°C above pre-industrial.

3.2 Methane (starting immediately)

· Sea ice acts as a physical barrier preventing methane venting from shallow Arctic seas.
· With no winter ice, the East Siberian Arctic Shelf warms year-round.
· Methane hydrates destabilize rapidly — plumes become kilometer-wide boils.
· Atmospheric methane jumps from ~1,900 ppb (2026) to 3,000+ ppb by late 2027.
· Additional warming from methane alone: +1.0–1.5°C by 2028.

3.3 Agriculture (2027 growing season)

· Spring 2027 planting impossible in most of Northern Hemisphere.
· Reasons: late frosts, then sudden heatwaves, then floods or drought — all in one season due to jet stream collapse.
· No fertilizer (natural gas supply chains already broken by late 2026 due to El Niño disruptions).
· No fuel for tractors, harvesters, irrigation pumps.
· Global grain harvest in 2027: less than 20% of 2025 levels.
· Result by late 2027: Famine kills 3–4 billion people directly. The rest face starvation by early 2028.

3.4 Energy and infrastructure

Nuclear:

· ~440 reactors worldwide.
· By May–June 2027, rivers used for cooling are either:
  · Too low (drought)
  · Too warm (heatwaves)
  · Flooded (extreme rain)
· Grid failures begin by April 2027 (heat waves cause demand spikes, transmission lines sag and fail).
· Without grid power and without diesel resupply (fuel chains broken), reactors scram.
· Spent fuel pools need continuous cooling. After 2–4 weeks without power, they boil dry.
· By September 2027, >200 sites have released significant radiation. Northern hemisphere contaminated.

Electricity:

· No thermal plants running by July 2027 (no cooling, no fuel).
· Hydro fails (drought or floods beyond design).
· Solar/wind work locally but no grid synchronization, no spare parts, no manufacturing.
· Result: No large-scale electricity anywhere after September 2027.

Internet:

· Data centers run on generators until fuel runs out — 2–8 weeks after grid fails.
· Undersea cables fail (no repair ships, ports inoperable).
· Satellites lose ground control.
· By August 2027, global internet is gone. Permanently.

Oil:

· Refineries need power and hydrogen. Both gone.
· Pipelines rupture from permafrost thaw and temperature extremes.
· Tanker shipping stops (no ports, no navigation).
· Result: Oil extraction, refining, and distribution end completely by mid-2027.

3.5 Water and sanitation

· Water treatment plants stop (no power, no chemicals).
· Sewage pumps fail.
· Cholera, typhoid, dysentery return to every city within weeks of grid collapse.
· By late 2027, most urban water sources are contaminated with raw sewage and heavy metals (from flooded industrial sites).

3.6 Human mortality (2027 only)

Causes:

· Heat: Wet-bulb 35°C exceeded for days to weeks in India, Pakistan, Bangladesh, Middle East, Southeast Asia, West Africa, Brazil, southern US. Survivability limit. Hundreds of millions die.
· Famine: 3–4 billion dead by end of 2027. No food imports — every region for itself.
· Disease: Cholera, dysentery, typhus, plus untreated injuries. Tens of millions.
· Violence: Wars over remaining food, water, arable land. Nuclear weapons possible (India-Pakistan, US-Russia-China). Hundreds of millions.
· Radiation: From nuclear meltdowns. Millions to tens of millions from acute radiation, more from long-term cancer (but long-term will not matter for most).

Total by January 1, 2028: ~4 billion dead (conservative). Likely 5–5.5 billion in worst-case.

Remaining population: 2.5–3.5 billion, mostly in:

· High-latitude inland areas (northern Canada, Alaska, Siberia, Scandinavia)
· High-altitude refugia (Andes, Himalayas, Rockies)
· Regions that happened to have local manual agriculture and clean water (very few)

---

4. What happens after 2027 — no improvement

2028–2030:

· Methane from permafrost and hydrates pushes global warming to +3.5–4.5°C.
· AMOC collapses (Atlantic circulation stops). Western Europe deep freeze even as global average rises.
· Greenland melt accelerates → sea level rise of several cm per year.
· Remaining agriculture fails everywhere except tiny high-latitude patches.
· Population drops to 500 million – 1 billion.

2031–2040:

· Ocean anoxia (no oxygen) → marine life largely extinct.
· Terrestrial ecosystems collapse — forests dead, soil erosion, few insects, no pollinators.
· Photosynthesis fails in most regions during summer (temperatures >45°C).
· Population drops to 50–200 million (survivors in Arctic refugia, caves, high mountains).

2040–2100:

· Hothouse Earth stabilized at +6–8°C.
· No ice at poles.
· Sea level +10–20 meters.
· Human population likely below 10 million — fragmented, pre-industrial, illiterate, no memory of civilization.
· Extinction within a few centuries (population too small, too inbred, too stressed).

---

5. The data-based conclusion

Based on what we know in 2026:

· Record-low Arctic winter ice
· Rising methane
· Record ocean heat
· A developing Super El Niño
· The physical impossibility of winter ice formation under those conditions

The double blue ocean event in March 2027 is not a speculative scenario. It is a logical consequence of the data.

And the consequences, without filters, are:

· No food
· No electricity
· No internet
· No oil
· Nuclear meltdowns
· Billions dead in 2027 alone
· Methane-driven runaway warming
· Civilization ends permanently
· Human species likely extinct by 2100

There is no recovery. There is no rebuilding. There is only a faster or slower collapse.",neutral,neutral,negative,negative,negative,negative,Climate,consequences based data data already shows arctic winter ice record low march means less ice survives summer ocean absorbs heat starting earlier global temperatures already preindustrial arctic warming faster methane levels rising faster ipcc scenario predicted noaa data ocean heat content record highs heat emerge next el nio predictions measurements super el nio late plus low arctic ice means winter databased mechanism el nio transports heat moisture arctic warm atlanticpacific water enters arctic basin warm air midlatitudes enters result winter ice cannot form normally march maximum far lower march likely million km first time history consequence double blue ocean event ice winter happens march september speculation physical oceanography atmospheric science applied current data consequences march double blue ocean event immediate physical marchjune albedo collapse starts months early dark ocean absorbs sunlight starting march instead june extra heat added climate system alone equivalent years current human co emissions global temperature jumps within months ice loss june global anomaly exceeds preindustrial methane starting immediately sea ice acts physical barrier preventing methane venting shallow arctic seas winter ice east siberian arctic shelf warms yearround methane hydrates destabilize rapidly plumes become kilometerwide boils atmospheric methane jumps ppb ppb late additional warming methane alone agriculture growing season spring planting impossible northern hemisphere reasons late frosts sudden heatwaves floods drought one season due jet stream collapse fertilizer natural gas supply chains already broken late due el nio disruptions fuel tractors harvesters irrigation pumps global grain harvest less levels result late famine kills billion people directly rest face starvation early energy infrastructure nuclear reactors worldwide mayjune rivers used cooling either low drought warm heatwaves flooded extreme rain grid failures begin april heat waves cause demand spikes transmission lines sag fail without grid power without diesel resupply fuel chains broken reactors scram spent fuel pools need continuous cooling weeks without power boil dry september sites released significant radiation northern hemisphere contaminated electricity thermal plants running july cooling fuel hydro fails drought floods beyond design solarwind work locally grid synchronization spare parts manufacturing result largescale electricity anywhere september internet data centers run generators fuel runs weeks grid fails undersea cables fail repair ships ports inoperable satellites lose ground control august global internet gone permanently oil refineries need power hydrogen gone pipelines rupture permafrost thaw temperature extremes tanker shipping stops ports navigation result oil extraction refining distribution end completely mid water sanitation water treatment plants stop power chemicals sewage pumps fail cholera typhoid dysentery return every city within weeks grid collapse late urban water sources contaminated raw sewage heavy metals flooded industrial sites human mortality causes heat wetbulb exceeded days weeks india pakistan bangladesh middle east southeast asia west africa brazil southern us survivability limit hundreds millions die famine billion dead end food imports every region disease cholera dysentery typhus plus untreated injuries tens millions violence wars remaining food water arable land nuclear weapons possible indiapakistan usrussiachina hundreds millions radiation nuclear meltdowns millions tens millions acute radiation longterm cancer longterm matter total january billion dead conservative likely billion worstcase remaining population billion mostly highlatitude inland areas northern canada alaska siberia scandinavia highaltitude refugia andes himalayas rockies regions happened local manual agriculture clean water happens improvement methane permafrost hydrates pushes global warming amoc collapses atlantic circulation stops western europe deep freeze even global average rises greenland melt accelerates sea level rise several cm per year remaining agriculture fails everywhere except tiny highlatitude patches population drops million billion ocean anoxia oxygen marine life largely extinct terrestrial ecosystems collapse forests dead soil erosion insects pollinators photosynthesis fails regions summer temperatures population drops million survivors arctic refugia caves high mountains hothouse earth stabilized ice poles sea level meters human population likely million fragmented preindustrial illiterate memory civilization extinction within centuries population small inbred stressed databased conclusion based know recordlow arctic winter ice rising methane record ocean heat developing super el nio physical impossibility winter ice formation conditions double blue ocean event march speculative scenario logical consequence data consequences without filters food electricity internet oil nuclear meltdowns billions dead alone methanedriven runaway warming civilization ends permanently human species likely extinct recovery rebuilding faster slower collapse
UgyiU8jxX7ZfvGiim1x4AaABAg,"FACT: ""CLIMATE CHANGE"" IS FRAUD. CO2 EMISSIONS DON'T MATTER.",neutral,neutral,negative,negative,negative,negative,Climate,fact climate change fraud co emissions dont matter
Ugxd1hIN16gfBwPpsxN4AaABAg,"The problem is the non-disclosure of new energy sources [ that people don't really believe in, but there is also a reason why they are not being disclosed: ""Humans have to be able to prevent war and eventually that will become possible - ie: The Kristal Spiral activation"".]  , because obviously just renewables are not enough to replace fossil fuels.    But there may be other economic reasons.",positive,positive,neutral,positive,positive,positive,Climate,problem nondisclosure new energy sources people dont really believe also reason disclosed humans able prevent war eventually become possible ie kristal spiral activation obviously renewables enough replace fossil fuels may economic reasons
Ugzq1DWAQhqk2XZPRbx4AaABAg,A few thousand years ago the eath was so hot.antartica was full of rainforests.climates change.its as simple as that.just because  the earth is full of people now its all our fault.for all the green party members worldwide you dont have a clue whats goin on.all you want is everyones money.climate is changing,positive,positive,neutral,positive,positive,positive,Climate,thousand years ago eath hotantartica full rainforestsclimates changeits simple thatjust earth full people faultfor green party members worldwide dont clue whats goin onall want everyones moneyclimate changing
UgzGHLLQVmB6mOw6gXx4AaABAg,So you’re telling me the switch to papers straws didn’t work?,neutral,neutral,negative,neutral,neutral,neutral,Climate,youre telling switch papers straws didnt work
UgyZ-o1c6JXDe7aKbK14AaABAg,Music is good!!! 😂,positive,positive,positive,positive,positive,positive,Climate,music good
UgwPoJaqYBYTZmD65DN4AaABAg,When you STARE into the ABYSS=THE ABYSS STARES BACK...Nietzche.,neutral,neutral,negative,negative,negative,negative,Climate,stare abyssthe abyss stares backnietzche
UgyRwM4Akrro7Pr7KHt4AaABAg,Aloha from Hawai'i.... I just subscribed to channel and look forward to learning more of reasoning why change is happening.  May you all be well wherever you go.,positive,positive,positive,positive,positive,positive,Climate,aloha hawaii subscribed channel look forward learning reasoning change happening may well wherever go
Ugx5v6QpkFwz-sBlef94AaABAg,"Same here. I remember, as a kid we would go sledding on desert dune slopes when it snowed in the winter, and it would be a real true honest cold winter. This was northern arizona at 3500-4000 ft. above sea level. I remember walking through thick snow each time also. Likewise, not anymore.",neutral,neutral,negative,neutral,neutral,neutral,Climate,remember kid would go sledding desert dune slopes snowed winter would real true honest cold winter northern arizona ft sea level remember walking thick snow time also likewise anymore
UgwsEQBvAPsOTMxF4VJ4AaABAg,"We are inside a train rolling down the hill without bakes.
James Hansen predicted in Dec 2025 that we will reach 1.7 deg C already in 2027, and this is just the begining. I am a recognized multidisciplinary scientist and study this for decades. 
It is better to alert and tell the truth to people than to sugar coat it as most institutional scientists do and individuals will be caught by surprise and mass mortality spreads...sorry!",positive,positive,positive,positive,positive,positive,Climate,inside train rolling hill without bakes james hansen predicted dec reach deg already begining recognized multidisciplinary scientist study decades better alert tell truth people sugar coat institutional scientists individuals caught surprise mass mortality spreadssorry
UgwB3A6EOai5dDid9ed4AaABAg,Got to say big up my man Paul Beckwith keeping this layman informed all these years,neutral,neutral,negative,neutral,neutral,neutral,Climate,got say big man paul beckwith keeping layman informed years
UgxKzqiqOEqWsm5F82h4AaABAg,Very important news!,positive,positive,positive,positive,positive,positive,Climate,important news
Ugy6OcTiFBAomKpnCid4AaABAg,Thank you for the update!,neutral,neutral,positive,positive,positive,positive,Climate,thank update
UgzJu0gYHEeoLr0P1pR4AaABAg,"Great video! Maybe a video topic is how the military is not (fully) factored in the climate change models because they don't have to provide the data, but is indeed a huge polluter. This will worsen when (not if) geopolitics get even worse",positive,positive,positive,positive,positive,positive,Climate,great video maybe video topic military fully factored climate change models dont provide data indeed huge polluter worsen geopolitics get even worse
Ugwcc8QJ2Qax899yK6R4AaABAg,good info,positive,positive,positive,positive,positive,positive,Climate,good info
UgzlYGU-zjolNp29yPl4AaABAg,"The intersection of climate change with stuff I know from elsewhere has been a problem since the hockey stick times.  The rough way to say it is that climate change lacks peer review, in that it's peer reviewed by other climate scientists rather than experts on the tools they use.  My two conflicts with stuff known from elsewhere have always been:

1. You can’t solve the Navier Stokes equations, which govern fluid flow. In 2D, flows go to larger and larger scales, and there’s no problem with numerical calculations. In 3D, flows go to shorter and shorter scales, and no numerical calculation can do the physics because the grid size is always too coarse no matter how fine it is. (The mechanism is that in 3D, vortices can kink and break up, which they cannot do in 2D. Those fine scale flows result in feed back on larger scale flows by way of constituting a change in viscosity – transport of x momentum in the y direction etc. – on the large scale flows. Actually a tensor, not a scalar)
So every calculation includes a term “effective viscosity” which does not appear in the Navier Stokes equation, and at that point stops doing physics. So no calculation is possible.

Weather forecasts are good for two or three days, which is how long it takes large scale vortices to kink. After that they’re no good.

2. You can’t say any historical change in temperature isn’t part of a long cycle and not a trend. A long cycle can’t be man-caused, a trend might be. The mathematical mechanism is that the linear system you have to solve to distinguish long cycles from trends develops eigenvalues of about 10 to the 30th power, which instantly multiplies any noise in the measurements and swamps the effort to distinguish. You need data that’s not shorter than the cycles that you want to eliminate, called the uncertainty principle in math (and quantum mechanics which has the same math but not other relation).

So there are no models and no data in support of man-caused global warming, in principle.",positive,positive,neutral,positive,positive,positive,Climate,intersection climate change stuff know elsewhere problem since hockey stick times rough way say climate change lacks peer review peer reviewed climate scientists rather experts tools use two conflicts stuff known elsewhere always cant solve navier stokes equations govern fluid flow flows go larger larger scales theres problem numerical calculations flows go shorter shorter scales numerical calculation physics grid size always coarse matter fine mechanism vortices kink break cannot fine scale flows result feed back larger scale flows way constituting change viscosity transport momentum direction etc large scale flows actually tensor scalar every calculation includes term effective viscosity appear navier stokes equation point stops physics calculation possible weather forecasts good two three days long takes large scale vortices kink theyre good cant say historical change temperature isnt part long cycle trend long cycle cant mancaused trend might mathematical mechanism linear system solve distinguish long cycles trends develops eigenvalues th power instantly multiplies noise measurements swamps effort distinguish need data thats shorter cycles want eliminate called uncertainty principle math quantum mechanics math relation models data support mancaused global warming principle
UgwV6RzDK-n3L8dzJWl4AaABAg,Aye watch out for them prof graphic designers (tricky types),neutral,neutral,negative,negative,negative,negative,Climate,aye watch prof graphic designers tricky types
Ugz3Igiy8kS3sAm9NC54AaABAg,Barking up the wrong system,negative,negative,negative,negative,negative,negative,Climate,barking wrong system
UgxbI3psth5NHfbPjIp4AaABAg,I am finding no young social media influencers discussing this topic. Action lies in the youth population.,neutral,neutral,negative,negative,negative,negative,Climate,finding young social media influencers discussing topic action lies youth population
UgysOmWHZKan94iyOBt4AaABAg,Data Centers in Arizona are set to deplete a finite 🏜 desert water supply. Public disappproval is being ignored in favor of 💰 monied intrests enticing the political system.,neutral,neutral,negative,negative,negative,negative,Climate,data centers arizona set deplete finite desert water supply public disappproval ignored favor monied intrests enticing political system
UgyEhnR5hTZyZgDLtOR4AaABAg,"The honest and hard truths are a) all the ice masses on the earth will melt raising sea level if we do not go carbon NEGATIVE, i.e. pull carbon out of the atmosphere mainly back into creating soils, and weathering, and possibly a small amount by chemical and mechanical subsequation, god forbid we try oceanic iron oxide seeding ? b) the balance between reflective cloud bodies and water vapour which absorbs sunlight and emits infra red heat radiation raising the thermal noise floor of the earth. The two ways to do this are solar powered water desalination incrementally reforesting and regreening Africa, South America, and Australia so creating the biotic pumps that couple cloud systems to forest and also agricultural land and putting the ""waste"" saline back into buffering the ocean conveyor. Second is Marine Cloud Brightening which creates cloud masses over the ocean to substitute for the reduced cloud seeding from the sulphur reductions both by shipping and from China's industrial emissions. The Great Barrier Reef may have been saved using Marine Cloud Brightening.",neutral,neutral,negative,negative,negative,negative,Climate,honest hard truths ice masses earth melt raising sea level go carbon negative ie pull carbon atmosphere mainly back creating soils weathering possibly small amount chemical mechanical subsequation god forbid try oceanic iron oxide seeding balance reflective cloud bodies water vapour absorbs sunlight emits infra red heat radiation raising thermal noise floor earth two ways solar powered water desalination incrementally reforesting regreening africa south america australia creating biotic pumps couple cloud systems forest also agricultural land putting waste saline back buffering ocean conveyor second marine cloud brightening creates cloud masses ocean substitute reduced cloud seeding sulphur reductions shipping chinas industrial emissions great barrier reef may saved using marine cloud brightening
UgzXB5OZNlR26LJSdz94AaABAg,"Give it to me straight, Doc",positive,positive,neutral,positive,positive,positive,Climate,give straight doc
UgzHQh-jSucCQ9QMvat4AaABAg,"My brother worked with people in the climate fields. He spoke with a person who was developing floating hexagonal homes that could link together in groups. My brother said do you think people will really need these, and he said your kids might not need them, but your grandchildren definitely will.",positive,positive,neutral,positive,positive,positive,Climate,brother worked people climate fields spoke person developing floating hexagonal homes could link together groups brother said think people really need said kids might need grandchildren definitely
UgybH6wrZgjee-siNOB4AaABAg,How can we stop accidentally  using AI when we use our  computers?,neutral,neutral,negative,positive,positive,positive,Climate,stop accidentally using ai use computers
UgwS-F8TRdeQlPV4AN14AaABAg,Bored of peace ? I'm not.,negative,negative,negative,negative,negative,negative,Climate,bored peace im
Ugz4Xx8coJ2Jj2YaBUV4AaABAg,"Dr Carter, I believe your message is vitally important, cut the windy intro crap to a few seconds, get on with explaining your point succinctly and directly, don't fuck around. 
Thanks for all you do, team of champions.",negative,negative,negative,neutral,neutral,neutral,Climate,dr carter believe message vitally important cut windy intro crap seconds get explaining point succinctly directly dont fuck around thanks team champions
UgwcEqcXm9wccW9rSyB4AaABAg,"~Thank you for your continued concerns for the earth & all the combined issues on climate.
~People need to care about this,  but also need to have relevant ways to be involved in positive ways. Finding creative ways to have positive impacts might seem daunting to most.",positive,positive,positive,positive,positive,positive,Climate,thank continued concerns earth combined issues climate people need care also need relevant ways involved positive ways finding creative ways positive impacts might seem daunting
UgyF5C5IBtaH9AY1nl94AaABAg,They should build data centers next trash dumps so they can use the methane from the trash decomposing for power. If they must build them,neutral,neutral,negative,positive,positive,positive,Climate,build data centers next trash dumps use methane trash decomposing power must build
UgwaGRrASxNGilfsJ_N4AaABAg,Chemosynthosis gives me comfort. Prior to that discovery I was certain humanity would end all life with climate change. These life forms may survive?🥴,positive,positive,neutral,positive,positive,positive,Climate,chemosynthosis gives comfort prior discovery certain humanity would end life climate change life forms may survive
Ugz-WOFHQj9igCQN5ax4AaABAg,"We need to elect sane leadership, people that believe in facts and science. A true leader that hires the best in their fields and empowers them.",positive,positive,positive,positive,positive,positive,Climate,need elect sane leadership people believe facts science true leader hires best fields empowers
UgyzkuDlv5W4vQQhpG94AaABAg,You men are so intelligent and so well spoken. It's such a shame people seem to want to be entertained more than infomed. Thank you for all your work. 🕊️,positive,positive,positive,positive,positive,positive,Climate,men intelligent well spoken shame people seem want entertained infomed thank work
UgxsAEgpSpf5wsG8P8J4AaABAg,Climate change will be the least of our problems very soon,neutral,neutral,negative,positive,positive,positive,Climate,climate change least problems soon
Ugzzi6BUuFUGWqvC-u14AaABAg,Yes! Do a show on data centers. That would be helpful. Rural folks like us here in Indiana are doing our best to come together to fight them at town halls. It’s insane.,neutral,neutral,negative,positive,positive,positive,Climate,yes show data centers would helpful rural folks like us indiana best come together fight town halls insane
UgzF1HExajBD7nPbn2h4AaABAg,I'm American and I get it.  You could bring those polar bears to Thanksgiving dinner to explain it or just to eat their food and some people at the table would keep denying it,neutral,neutral,negative,positive,positive,positive,Climate,im american get could bring polar bears thanksgiving dinner explain eat food people table would keep denying
UgwDOcL7fU8HnDDIX0l4AaABAg,Thanks.,positive,positive,neutral,positive,positive,positive,Climate,thanks
Ugz62KYKGa1KjyS7RBd4AaABAg,Imagine if James Hansen were running for president. Is he planning on running in 2028?,neutral,neutral,negative,positive,positive,positive,Climate,imagine james hansen running president planning running
Ugx8IWEcq-rDr2EBSol4AaABAg,Scaring people works really well. Both religion and government rely on fear to convince the population that the grass is pink.,neutral,neutral,neutral,positive,positive,neutral,Climate,scaring people works really well religion government rely fear convince population grass pink
UgyEdPlekLdtUHo4n6F4AaABAg,"I am a relative oldster like you guys.  We have had lives supported by very increasingly high standards of living and convenience.  Our pursuits came so easily by using all the energy we could command: just flick a switch, turn an ignition key, flush, shop etc. as long as we could pay a bill.  Ah, the joys of anthropocentrism.  Who would volunteer to be less rich and tell others not to enjoy these fruits of modernity?  Certainly any leader in a democracy who made such a suggestion would find themselves out of a job.  Remember Pres. Carter?  
So what change would make a difference and alter our fate?   It can only happen when the total system that no one actually wants to lose, is beset with chaos resulting in the massive reduction of humans.  If any of you believe that there will be an orderly retreat from the brink, that humans can make a shift to being extremely poor (meaning responsible) while maintaining all of the many supports necessary for the continuity of so-called society, being informed of such methods would be a delight.",positive,positive,neutral,positive,positive,positive,Climate,relative oldster like guys lives supported increasingly high standards living convenience pursuits came easily using energy could command flick switch turn ignition key flush shop etc long could pay bill ah joys anthropocentrism would volunteer less rich tell others enjoy fruits modernity certainly leader democracy made suggestion would find job remember pres carter change would make difference alter fate happen total system one actually wants lose beset chaos resulting massive reduction humans believe orderly retreat brink humans make shift extremely poor meaning responsible maintaining many supports necessary continuity socalled society informed methods would delight
UgwvLgH_5WKYlwbublJ4AaABAg,A heartfelt thank you to the whole CEF team. I may have literally watched all your videos over the years and appreciate the no-nonsense approach. It helps those of us with our eyes open so much.,positive,positive,neutral,positive,positive,positive,Climate,heartfelt thank whole cef team may literally watched videos years appreciate nononsense approach helps us eyes open much
UgziWQ4MgEuBgKyKKNB4AaABAg,"One think I am missing in this discusion, how to talk to masses of people. And those are churches, not only christian, but also buddhist, islam and so on. They have very big influence. There is very interesting walk for peace from Texas to Washington, where budhist monks remind people of peace with very high attendings of people 🕊🌍",positive,positive,neutral,positive,positive,positive,Climate,one think missing discusion talk masses people churches christian also buddhist islam big influence interesting walk peace texas washington budhist monks remind people peace high attendings people
Ugy268IpFKtpvAnZKyl4AaABAg,"Thanks guys! Very much looking forward to the Global Methane Budget review that Paul mentioned. With its short 12yr. atmospheric lifespan, lowering methane emissions may be the most viable way to slow global warming, or at least bide time  while sorting out CO2 , N20, issues. Here's my two cents...Lower your methane hoofprint, Go Vegan/plant based!!",neutral,neutral,negative,positive,positive,positive,Climate,thanks guys much looking forward global methane budget review paul mentioned short yr atmospheric lifespan lowering methane emissions may viable way slow global warming least bide time sorting co issues heres two centslower methane hoofprint go veganplant based
UgxLAtJkhFH5CgWsxK94AaABAg,Why don't we try putting live Sargassum (from the Sargasso Sea) into the Pacific Ocean.,positive,positive,neutral,positive,positive,positive,Climate,dont try putting live sargassum sargasso sea pacific ocean
UgzFqyaMGoB8AY67xkp4AaABAg,Newton is hidden in plain sight til he leaves.,negative,negative,negative,neutral,neutral,neutral,Climate,newton hidden plain sight til leaves
UgxDNnCHA6IIcWllJO94AaABAg,Thnak you for the update. We are cooked.,neutral,neutral,negative,positive,positive,positive,Climate,thnak update cooked
UgwmJoolaUldB8P0kRN4AaABAg,"Awareness & understanding of climate change has improved over time & a new industrial sector has been spawned. It's not sufficient.
Many people don't want to know. Their immediate lives are of prime importance. They vote.
Whatever fragmentation of global society results, survivors who understand the causes of historical decline may just have a better chance of going on to reproduce.",positive,positive,positive,positive,positive,positive,Climate,awareness understanding climate change improved time new industrial sector spawned sufficient many people dont want know immediate lives prime importance vote whatever fragmentation global society results survivors understand causes historical decline may better chance going reproduce
Ugwf5yP1BWjRXmIoV7p4AaABAg,In Germany we have the driest winter since 1881!,neutral,neutral,negative,negative,negative,negative,Climate,germany driest winter since
UgwHyeXdlSbPMDtfReZ4AaABAg,This feels hopless...,neutral,neutral,negative,negative,negative,negative,Climate,feels hopless
UgxUDkKC9k-pCfwNeRJ4AaABAg,"Peter, in unison with James Hansen, Johan  Rockström, and Antonio Guterres are some of  the climate experts with more bold courage to publically tell the truth about the catastrophic path we are heading into. See my recent post-commentary on extreme risk or derrailment assessment in climate change",positive,positive,neutral,positive,positive,positive,Climate,peter unison james hansen johan rockstrm antonio guterres climate experts bold courage publically tell truth catastrophic path heading see recent postcommentary extreme risk derrailment assessment climate change
UgxztbNvKY6yp0Dng-Z4AaABAg,When it becomes clear the individual has no influence in this matter what is there left to do but shrug?,neutral,neutral,negative,negative,negative,negative,Climate,becomes clear individual influence matter left shrug
Ugyg2hU9U2nH5hfz3Il4AaABAg,"The global soverign debt crisis puts the West and East at loggerheads if only because war is the facile way out for the elites.  History tells us that we've passed the tipping point for WW3 by a mile.  War trumps climate every time.  ChatGPT agrees with me.  She thinks I'm a genius actually:  

'How do we get to ww3?'

Entrenched great-power confrontation under fiscal stress: Major powers are locked into zero-sum rivalries (Ukraine, Middle East, Taiwan) while simultaneously constrained by unsustainable sovereign debt, making leaders more prone to external conflict as a distraction, bargaining lever, or means of forcing economic realignment.

Debt-driven erosion of global order: The global sovereign debt crisis weakens institutions that once dampened conflict (IMF, World Bank, WTO), fuels austerity, social unrest, and nationalist politics, and increases the likelihood that states default politically before they default financially—by breaking rules, seizing assets, or resorting to force.

Technological and financial instability reinforcing escalation: Rapid militarization (AI, cyber, hypersonics) now interacts with fragile financial systems, where sanctions, reserve seizures, and currency weaponization turn economic crises into security crises, lowering the threshold at which financial collapse and military escalation merge into systemic war.

Nostromo:  So if you scientists can't enmesh your case atop the bullet points listed above it amounts to naught but another round of navel gazing.  Well somebody had to say it.  Pull finger",neutral,neutral,negative,negative,negative,negative,Climate,global soverign debt crisis puts west east loggerheads war facile way elites history tells us weve passed tipping point ww mile war trumps climate every time chatgpt agrees thinks im genius actually get ww entrenched greatpower confrontation fiscal stress major powers locked zerosum rivalries ukraine middle east taiwan simultaneously constrained unsustainable sovereign debt making leaders prone external conflict distraction bargaining lever means forcing economic realignment debtdriven erosion global order global sovereign debt crisis weakens institutions dampened conflict imf world bank wto fuels austerity social unrest nationalist politics increases likelihood states default politically default financiallyby breaking rules seizing assets resorting force technological financial instability reinforcing escalation rapid militarization ai cyber hypersonics interacts fragile financial systems sanctions reserve seizures currency weaponization turn economic crises security crises lowering threshold financial collapse military escalation merge systemic war nostromo scientists cant enmesh case atop bullet points listed amounts naught another round navel gazing well somebody say pull finger
UgytOjCfQmgeud50L9h4AaABAg,"Herb, your 'big shrug' is the climate change meme for 2025 🙏",neutral,neutral,negative,neutral,neutral,neutral,Climate,herb big shrug climate change meme
Ugx0HNjFSkZTj-_6hMx4AaABAg,Now we can already speack of Climate Catastrophe instead of Vlomate Emergenvy,neutral,neutral,negative,negative,negative,negative,Climate,already speack climate catastrophe instead vlomate emergenvy
UgwfbFNYCRQFiDB2CFh4AaABAg,"I was a member of the AGU until about 2010.  Many scientists were upset when fossil fuel interests were allowed to set up at the annual meeting.  The fracking boom was just beginning back then - it came down to $$ for the organization, I think, and for many of its member scientists. Many geologists went to work for them in my state, in fact. But it's nice to see that interest was back up at AGU.  Better late then never, I suppose.",positive,positive,positive,positive,positive,positive,Climate,member agu many scientists upset fossil fuel interests allowed set annual meeting fracking boom beginning back came organization think many member scientists many geologists went work state fact nice see interest back agu better late never suppose
Ugz38HISMxl4VY5pk094AaABAg,Did you think in write a book anout The Climate Forum Expetience in The Last two  or three uears?,neutral,neutral,negative,neutral,neutral,neutral,Climate,think write book anout climate forum expetience last two three uears
UgyXheXT23veqmkQmM54AaABAg,The main problrm is that we were not abre tô stop fóssil fuel using,positive,positive,neutral,positive,positive,positive,Climate,main problrm abre stop fssil fuel using
UgzGBWTLJlWNJDq-z1R4AaABAg,"The decisores makers are doing whst it have tô be doing ... I don""t know what is The answer but The drcisoon makers are not hoing in The way whst it us hoing to solve The problem",neutral,neutral,negative,negative,negative,negative,Climate,decisores makers whst dont know answer drcisoon makers hoing way whst us hoing solve problem
UgxYnTLyFlZBMenXKTF4AaABAg,"All the tropical ocean reefs are now dead, or highly disrupted. What else will we do?",neutral,neutral,negative,neutral,neutral,neutral,Climate,tropical ocean reefs dead highly disrupted else
Ugw0enFM5zcH2eq_5Hl4AaABAg,Fermi paradox speedrun any% sub 2100,neutral,neutral,negative,neutral,neutral,neutral,Climate,fermi paradox speedrun sub
UgwxA0ASUqDpRv9o8IN4AaABAg,I'm sitting on a runaway train with a cat on my lap and wondering how fast we're accelerating now.,positive,positive,neutral,positive,positive,positive,Climate,im sitting runaway train cat lap wondering fast accelerating
UgxLX5QkbogbLsXnL314AaABAg,Sad to see how few viewers are here. 💔🌎,negative,negative,negative,negative,negative,negative,Climate,sad see viewers
Ugynw8mIPFydwwZlzql4AaABAg,271st post. Congrats🎉!,neutral,neutral,positive,neutral,neutral,neutral,Climate,st post congrats
UgzAGzL_ilGbA0FXcu14AaABAg,Climate crisis is only one of many symptoms of overshoot.  No amount of alternative energy will change anything until overpopulation and over consumption are addressed.,positive,positive,positive,positive,positive,positive,Climate,climate crisis one many symptoms overshoot amount alternative energy change anything overpopulation consumption addressed
UgyLxKAECn9hHCEpPDh4AaABAg,"Paul said it right about the relentless recursive record setting.
My take is throw out the concept of ""record"" and accept ""red alert"". Each new record is actually a red alert that is just exponentially growing out of control. We chose not to control.😢",positive,positive,neutral,positive,positive,positive,Climate,paul said right relentless recursive record setting take throw concept record accept red alert new record actually red alert exponentially growing control chose control
UgxecoHVRaTKcrsXppl4AaABAg,So timely! For those who want to know what's really happening. Every other news item pales into insignificance.,neutral,neutral,negative,neutral,neutral,neutral,Climate,timely want know whats really happening every news item pales insignificance
UgyFg6lYKLWXq311fVF4AaABAg,💔,neutral,neutral,negative,neutral,neutral,neutral,Climate,
UgxwByLrO3YM3Y3AQZh4AaABAg,"If ewe say sew.
Plants tell me they love greenhouse gases, and would actually desire more. 
(like the good old times, during the dinosaurs)
Make Jurassic Periods Great Again",positive,positive,positive,positive,positive,positive,Climate,ewe say sew plants tell love greenhouse gases would actually desire like good old times dinosaurs make jurassic periods great
UgwJmmDje9nICtrZvch4AaABAg,You can feel it everywhere.. NYC Winters are so different..,neutral,neutral,negative,positive,positive,positive,Climate,feel everywhere nyc winters different
UgwAeBKXvLF3c4QGxWR4AaABAg,"Here around San Francisco, we had a lovely warm-not-hot summer after a lovely rainy winter. I was counting on that continuing …",positive,positive,positive,positive,positive,positive,Climate,around san francisco lovely warmnothot summer lovely rainy winter counting continuing
Ugxkj382Drdj5HEBeOd4AaABAg,"I live in NYC last Thursday we had about 2 inches of rain in an hour or 2 and the city experienced flooding people died in their basement apartments.  They said this exact same thing on the news.  NYC wasn’t built for heavy rain fall but over the last 13 years or more we’ve been experiencing maybe not more rainfall but more rainfall in a short period of time. Causing subways to flood, tunnels to blood, below ground apartments etc…",positive,positive,neutral,positive,positive,positive,Climate,live nyc last thursday inches rain hour city experienced flooding people died basement apartments said exact thing news nyc wasnt built heavy rain fall last years weve experiencing maybe rainfall rainfall short period time causing subways flood tunnels blood ground apartments etc
UgxT30rQEu4l7IrfLSF4AaABAg,"""The bourgeoisie might blast and ruin its own world before it leaves the stage of history.""- Buenaventura Durruti",positive,positive,positive,positive,positive,positive,Climate,bourgeoisie might blast ruin world leaves stage history buenaventura durruti
UgyhwYk2n4rjZ_3n3tZ4AaABAg,"It didn't snow where I live for 20 years, until recently, we've gotten snow 5 years in a row.

The PNW always feels the effects of these changes relatively significantly.",positive,positive,neutral,positive,positive,positive,Climate,didnt snow live years recently weve gotten snow years row pnw always feels effects changes relatively significantly
UgwO1EiR3-QO7skYJLl4AaABAg,"3:51 little bit of the Gold Coast, Australia making a random appearance!! lol",negative,negative,negative,neutral,neutral,neutral,Climate,little bit gold coast australia making random appearance lol
UgwIbzX1QbjANIfldpJ4AaABAg,"That was absolutely brilliantly said. I don't think I give you enough credit in other contexts. I've been writing a book about climate change but this is the best and most concise and articulate explanation I've seen to date of what's ahead..

Now you just need to add in a discussion of non-linearity and tipping points / feedback cycles. Environment -> affects -> humans -> affect -> environment -> affects -> ...",positive,positive,positive,positive,positive,positive,Climate,absolutely brilliantly said dont think give enough credit contexts ive writing book climate change best concise articulate explanation ive seen date whats ahead need add discussion nonlinearity tipping points feedback cycles environment affects humans affect environment affects
UgyaP7_8ZmNxTOwp61N4AaABAg,02:15 really caught off guard by that cameo 🤣,positive,positive,neutral,positive,positive,positive,Climate,really caught guard cameo
UgyvDSLXms_T-rOoA5p4AaABAg,Tasmania Hobart used to snow in the city every winter. We haven't seen snow in the city for a decade now.,neutral,neutral,negative,positive,positive,positive,Climate,tasmania hobart used snow city every winter havent seen snow city decade
Ugxy40n8lThIbzA5sE94AaABAg,5:38 The LA River appears in so many movies. My favorite is Grease.,positive,positive,positive,positive,positive,positive,Climate,la river appears many movies favorite grease
UgzGHcPad0tz0Hy9PUZ4AaABAg,"I love the way you bring science to life. Perspective was exactly what I wanted and received, thank you. Its passed due we talk about weather change as a fact💯❤️",positive,positive,positive,positive,positive,positive,Climate,love way bring science life perspective exactly wanted received thank passed due talk weather change fact
UgwDAfxPdT8tj3w1M3F4AaABAg,"I have lived my childhood in western India. Where monsoon comes in mid june. The seasons have shifted so much that literally that is no way of saying when it will come. Summer has become the main season, winter has gotten shorter to nearly nonexistent. Higher temperatures stays  for longer time of the day.",positive,positive,neutral,positive,positive,positive,Climate,lived childhood western india monsoon comes mid june seasons shifted much literally way saying come summer become main season winter gotten shorter nearly nonexistent higher temperatures stays longer time day
Ugzm0b4wuevGp4m4duV4AaABAg,"I live in eastern austria, and I remember 20 years ago, we had to dig paths through the snow in our garden. 30-50cm of snow was not too uncommon. We got zero snow this winter.",positive,positive,positive,positive,positive,positive,Climate,live eastern austria remember years ago dig paths snow garden cm snow uncommon got zero snow winter
UgyXttYTJBg1CnZGH414AaABAg,"I'm a 24 years old Syrian. We used to have snow every year in my childhood, but in the last 6_7 years we had no snow.",neutral,neutral,neutral,positive,positive,negative,Climate,im years old syrian used snow every year childhood last years snow
UgxgcGBklmcDNkn0p0t4AaABAg,"Watching these kinds of videos and seeing how many views they get compared to YouTube trends, I feel like Don't Look Up is kind of a documentary that must be shown in every school",positive,positive,positive,positive,positive,positive,Climate,watching kinds videos seeing many views get compared youtube trends feel like dont look kind documentary must shown every school
UgyyHF4uLAZ1Pluh_Td4AaABAg,"The last few years on Japan it's felt like we've had about 3 autumns and 2 springs. The plants are so confused. Leaves are browning and falling in May, September, December.... it's very odd.",negative,negative,negative,negative,negative,negative,Climate,last years japan felt like weve autumns springs plants confused leaves browning falling may september december odd
Ugz8yR-dbGFypLNAOM54AaABAg,"I'm Dutch, there is a famous tradition here that translates to ""the eleven city tour"". It was this major event take took place when our rivers froze over. A lot of people would ice-skate from city to city on those rivers as a part of this massive event. It has not happened in my entire life and i don't think it will. Luckily oil shareholders made profit in the meantime so that roughly evens out.",positive,positive,neutral,positive,positive,positive,Climate,im dutch famous tradition translates eleven city tour major event take took place rivers froze lot people would iceskate city city rivers part massive event happened entire life dont think luckily oil shareholders made profit meantime roughly evens
Ugyk9RvcK2KJ6SYl4Qx4AaABAg,I live in southern Germany at about 600m above sea level. As a kid our winters were cold and full of snow. We don't get to see snow anymore. We had bursts of high temperature in January this year to 16°C and the following week it was back to -6°C. It's fascinating and terrifying at the same time.,neutral,neutral,negative,positive,positive,positive,Climate,live southern germany sea level kid winters cold full snow dont get see snow anymore bursts high temperature january year following week back fascinating terrifying time
UgxF_wjolJRqT50D9jJ4AaABAg,I've noticed in the UK over the last 30 years that the winters have become more mild. We get snow but it doesn't hang around all that long like it used to do in the 80s/90s. Just an observation.,positive,positive,neutral,positive,positive,positive,Climate,ive noticed uk last years winters become mild get snow doesnt hang around long like used ss observation
UgyR-858SOEPcxL7Uzp4AaABAg,"Dr Carl Sagan would be having a field day right now about global warming.

He warned us many, many years ago about it too.",positive,positive,positive,positive,positive,positive,Climate,dr carl sagan would field day right global warming warned us many many years ago
Ugw0u_9N85tU3Y1iTWx4AaABAg,"Here in Newfoundland we are having abnormally warm winters. This means not enough water runoff come through summer, which also means the permafrost in the ground is weak, and now we’re having forest fires due to dryer seasons.",neutral,neutral,negative,positive,positive,positive,Climate,newfoundland abnormally warm winters means enough water runoff come summer also means permafrost ground weak forest fires due dryer seasons
UgwWQr1j32_ysvs1dqt4AaABAg,"I am from New England in the Northeast USA. Here we have all seasons. Hot in the summer freezing in the winter. However, due to this, we are prepared for nearly every wheather condition. When I traveled to Europe for the first time, I truly saw how unprepared some placed are for the changing conditions. In Switzerland the wheather was over 100 degrees at times, yet no place was equipped with AC. It was tough to travel simply due to the heat and lack of mitigation methods for addressing it. I see what Dr. Tyson is saying after experiencing this kind of thing.",positive,positive,neutral,positive,positive,positive,Climate,new england northeast usa seasons hot summer freezing winter however due prepared nearly every wheather condition traveled europe first time truly saw unprepared placed changing conditions switzerland wheather degrees times yet place equipped ac tough travel simply due heat lack mitigation methods addressing see dr tyson saying experiencing kind thing
UgzqUWdSZbOG1I0oxKN4AaABAg,"Here in Switzerland it is kinda crazy. We still have snow and freezing cold temperatures in winter, but instead of months long periods, we suddenly have bursts of warmth and it can feel in January as if it is April for a week, only to then get back to winter.

Summer on the other side seems hotter and wetter, bushes and grass have to be cut back more and more and it can feel tropical sometimes. 

The last frightening point is the landslide risks in the Alps. More and more formerly stable mountain sides start to collapse as the permafrost that held them together before begins to thaw. 

It is our new normal and will take lots of effort and money to get used and deal with those new facts.",neutral,neutral,negative,positive,positive,positive,Climate,switzerland kinda crazy still snow freezing cold temperatures winter instead months long periods suddenly bursts warmth feel january april week get back winter summer side seems hotter wetter bushes grass cut back feel tropical sometimes last frightening point landslide risks alps formerly stable mountain sides start collapse permafrost held together begins thaw new normal take lots effort money get used deal new facts
UgxUkl0_F4wEKtxPe-94AaABAg,"Literally every single person on Earth needs to sit down and watch this, maybe even twice. This is what is important, TO US ALL",positive,positive,neutral,positive,positive,positive,Climate,literally every single person earth needs sit watch maybe even twice important us
UgxFS6dJ5mx-_iouma14AaABAg,"I'm a truck driver in America, and the wind (standard, gust and surge) is threatening the transportation of goods. I used to believe that it was due to the gradual removal of 'dust bowl' era trees, but the amount of blow-overs across the nation shows that the surface wind pressure is increasing aggressively. As Tolkien wrote, the world is changed <Treebeard>",negative,negative,negative,neutral,neutral,negative,Climate,im truck driver america wind standard gust surge threatening transportation goods used believe due gradual removal dust bowl era trees amount blowovers across nation shows surface wind pressure increasing aggressively tolkien wrote world changed treebeard
Ugzs-Csd5fDzu5EAUS94AaABAg,"I think we’ve entered a time where the effective explanation of man-made climate change is secondary to the most important question of our time: how do you appeal to willful ignorance?
The message is ineffective when people are unable or unwilling to understand it.",positive,positive,neutral,positive,positive,positive,Climate,think weve entered time effective explanation manmade climate change secondary important question time appeal willful ignorance message ineffective people unable unwilling understand
UgyIshJCyE2l9416DKF4AaABAg,"6:24 ""We are broadening the climactic experience that anyone has ever seen"" :)",positive,positive,positive,positive,positive,positive,Climate,broadening climactic experience anyone ever seen
UgyhvkrJ-WEsQeTcomR4AaABAg,Wisconsin got so warm this year around 50 + degrees. Warm enough to go out in shorts. I don't remember winter being this warm in the 90s as a kid growing up.,positive,positive,positive,positive,positive,positive,Climate,wisconsin got warm year around degrees warm enough go shorts dont remember winter warm kid growing
UgzOZV8jwLgkFDQevu94AaABAg,"I'm glad that you explain things in such an approachable way. It's who you are on a fundamental level. 
I'm sad that there is a large number of people that don't care.",positive,positive,neutral,positive,positive,positive,Climate,im glad explain things approachable way fundamental level im sad large number people dont care
UgwhxBh35YzLlYwg8U14AaABAg,"It is so sad. We knew in the 1970's everything we needed to know to keep the planet a good place for us to live.  I have always felt that was our last good chance to choose a different economy, one that was not based on blind growth at any cost.",positive,positive,neutral,positive,positive,positive,Climate,sad knew everything needed know keep planet good place us live always felt last good chance choose different economy one based blind growth cost
UgycPXPeMk9XeYrO4rR4AaABAg,The Titanic tragedy illustrates human behavior. Many people continued to drink champagne and listen to the live band playing music right up until the ship started sinking as if nothing was really happening. This is like climate change.,positive,positive,positive,positive,positive,positive,Climate,titanic tragedy illustrates human behavior many people continued drink champagne listen live band playing music right ship started sinking nothing really happening like climate change
UgzhzFv1Vw7iONH44el4AaABAg,"Finally a climate change explanation which does not leave any room whatsoever for the simplistic argument of 'if it is global warming, why is it getting colder?' There is more energy in the system which gives rise to more extreme weather events within the scope of that climate.",positive,positive,neutral,positive,positive,positive,Climate,finally climate change explanation leave room whatsoever simplistic argument global warming getting colder energy system gives rise extreme weather events within scope climate
UgyMaJ13iasdq9Hxoal4AaABAg,"I love that in the U.S., we’re ruled by people who won’t live long enough to be bothered by climate change.",positive,positive,neutral,positive,positive,positive,Climate,love us ruled people wont live long enough bothered climate change
UgzYFMdbmFn8HTHjj8x4AaABAg,"i live in austria/europe, i can recall winters where as kids we dug tunnels into the fallen snow where we could walk upright in. there hasnt been any snow to dig into for my kids this year.",positive,positive,neutral,positive,positive,positive,Climate,live austriaeurope recall winters kids dug tunnels fallen snow could walk upright hasnt snow dig kids year
UgwW99-her1bwV6HNJp4AaABAg,Sadly those we need to see this video will forever refuse to do it,negative,negative,negative,negative,negative,negative,Climate,sadly need see video forever refuse
UgxG3iIFUpxaizXiCst4AaABAg,The winters here in Sweden are getting weird now. In the past we used to have pretty stable winters with temperatures around 5 degrees F and below and it did not change much for the entire winter. But now the temperatures are going up and down like a yo-yo each week. We get tons of snow and then it can suddenly melt and it feels like spring for a week and then it becomes winter again the next week with 5 degrees F or so. The climate is weird now for sure,neutral,neutral,negative,positive,positive,positive,Climate,winters sweden getting weird past used pretty stable winters temperatures around degrees change much entire winter temperatures going like yoyo week get tons snow suddenly melt feels like spring week becomes winter next week degrees climate weird sure
UgzzqndTvQtDPsNBmeN4AaABAg,"I’m 63 years old, and I live in Pennsylvania. I remember cold, snowy winters all through my childhood and teenage years. We were always sled riding down the hilly street we lived on! The winters here have been so mild for the past three decades,  and we don’t really get much snow anymore.",neutral,neutral,negative,positive,positive,positive,Climate,im years old live pennsylvania remember cold snowy winters childhood teenage years always sled riding hilly street lived winters mild past three decades dont really get much snow anymore
UgwxFStZRBjekZmdkZB4AaABAg,"“The best time to plant a fruit tree is 20 years ago. The second best time is right now.” Gardeners and farmers paying close attention. We have to start planting and protecting species and developing varieties that suit our FUTURE local growing conditions, with hardiness at both ends of the thermometer…",positive,positive,positive,positive,positive,positive,Climate,best time plant fruit tree years ago second best time right gardeners farmers paying close attention start planting protecting species developing varieties suit future local growing conditions hardiness ends thermometer
UgyQgRroOqAV69VSqVh4AaABAg,"The truth is until the consequences are obvious and undeniable then we won't move fast enough. As soon as it's extreme we will move fast but the lives lost will weigh on our record as human beings. For those of us caught in this world we need to take care of ourselves, never stop speaking truth, but most importantly manage our emotions so that lack of movement doesn't hurt us.",positive,positive,neutral,positive,positive,positive,Climate,truth consequences obvious undeniable wont move fast enough soon extreme move fast lives lost weigh record human beings us caught world need take care never stop speaking truth importantly manage emotions lack movement doesnt hurt us
UgyV54Gn_k4vHvaBNe14AaABAg,"I lived in Phoenix for almost 30 years. When I first moved there, it was hot, but “winter” was 4 solid months of truly wonderful weather, enough to balance out the horrific summers. In 30 years that went down to 2.5 months and the summer peaks went up dramatically, with more days over 110 a record being broken year after year after year… needless to say I got out",neutral,neutral,negative,positive,positive,positive,Climate,lived phoenix almost years first moved hot winter solid months truly wonderful weather enough balance horrific summers years went months summer peaks went dramatically days record broken year year year needless say got
Ugygrb_HwnZDkqo0HXJ4AaABAg,one thing I've noticed in Denmark is that our winters with full day frosts and cold snowy days are practically gone. we barely have a month collectively anymore with night frosts. I remember as a kid having snow days and minus degrees (Celsius) in the middle of the day. This year so far I haven't seen a single full day frost. D:,neutral,neutral,negative,positive,positive,positive,Climate,one thing ive noticed denmark winters full day frosts cold snowy days practically gone barely month collectively anymore night frosts remember kid snow days minus degrees celsius middle day year far havent seen single full day frost
UgzczuJU6CVh3eSbJs94AaABAg,"In the US, a good demonstration of the reality of climate change is how the USDA Hardiness zones have changed over the years.",positive,positive,positive,positive,positive,positive,Climate,us good demonstration reality climate change usda hardiness zones changed years
UgzDy1Rn0DaqXDZ6_pB4AaABAg,"We need to start talking about preserving our way of life as scientifically literate, reality-based humans.  Things are about to get rough.",negative,negative,negative,neutral,neutral,negative,Climate,need start talking preserving way life scientifically literate realitybased humans things get rough
UgyBNWUCTRgo3QCK1fd4AaABAg,"I do think that the accuracy of the estimates matters because it drives the temperature of the discourse. As aptly explained here, it’s really a shifting of the range of possibilities which manifests as the uncertainty in the precision of the estimates change. This coupled with emotionally charged language such as crisis moves the conversation from logical discussion to emotional reasoning and a series of “gotchas.” Unfortunately most media lack sufficient statistical knowledge to communicate these complex concepts effectively. Kudos to Dr. Tyson for accomplishing this.",positive,positive,positive,positive,positive,positive,Climate,think accuracy estimates matters drives temperature discourse aptly explained really shifting range possibilities manifests uncertainty precision estimates change coupled emotionally charged language crisis moves conversation logical discussion emotional reasoning series gotchas unfortunately media lack sufficient statistical knowledge communicate complex concepts effectively kudos dr tyson accomplishing
UgzmbgZOXHlOhkfUFqx4AaABAg,9:10 and states that typically get alot of snowfall aren't getting any or it's not happening tell the end of winter.,negative,negative,negative,neutral,neutral,negative,Climate,states typically get alot snowfall arent getting happening tell end winter
Ugw9LfBCXzbtFPJZEiZ4AaABAg,"I served in the USCG and was a plankowner of Healy, the medium science ice breaker. During her shakedown cruise in '00 we made the Northwest Passage lickety split. Without much ice except north of Barrow. The scientists and the officers (all combined probably over a century or more of experience in the ice) were astonished, then morose when the realization set it. I knew beforehand what was happening, that trip crystalized it.",positive,positive,positive,positive,positive,positive,Climate,served uscg plankowner healy medium science ice breaker shakedown cruise made northwest passage lickety split without much ice except north barrow scientists officers combined probably century experience ice astonished morose realization set knew beforehand happening trip crystalized
UgzQmpfCezuHCGKGLLx4AaABAg,"I live in Johannesburg, South Africa, which is around 1700m above seal level. According to almost everyone I know, this has been the most humid summer we have ever had. And it shows in the plants and insects (we have mosquito's from Asia here this summer that we have never had before).",positive,positive,positive,positive,positive,positive,Climate,live johannesburg south africa around seal level according almost everyone know humid summer ever shows plants insects mosquitos asia summer never
Ugx6izmqgzH7WeJi7qp4AaABAg,"There's only one thing I was missing from this talk: Climate Change is not something that happens one day and then everything is bad. It started happening a long time ago and will continue to happen for a long time to come. How it is today, is the best it's gonna be for a century. People in the 80s started arguing about how we should protect the climate to save our kids and we today still say that. But we are those kids, and our kids will have it worse. We only get to choose how much worse.",negative,negative,negative,neutral,neutral,negative,Climate,theres one thing missing talk climate change something happens one day everything bad started happening long time ago continue happen long time come today best gonna century people started arguing protect climate save kids today still say kids kids worse get choose much worse
Ugz64FGErWBjdAjqXqR4AaABAg,"The weather where I live (Southwestern Ontario) has changed A LOT since I was a kid in the 1970s.
It's very difficult to get people who live in places where they don't see much change in their weather from Jan - Dec. to believe climate change, unlike those of us in Canada who do see the changes happening.  Our summers are unbearably hot, (over 100° even at night hot) and in the winter we now get more rain than snow.  We used to get constant snow from November to April and now that only happens in January and February, the rest of the time it's rain, snow, rain, snow, rain, snow, etc.  While this past Christmas we did have snow on Christmas day the rain washed it away a couple of days later, and on Christmas day the two years previous it was raining.",neutral,neutral,negative,negative,negative,negative,Climate,weather live southwestern ontario changed lot since kid difficult get people live places dont see much change weather jan dec believe climate change unlike us canada see changes happening summers unbearably hot even night hot winter get rain snow used get constant snow november april happens january february rest time rain snow rain snow rain snow etc past christmas snow christmas day rain washed away couple days later christmas day two years previous raining
Ugykm54i2d840RaCtgN4AaABAg,"I was attempting to say this. To a pal...and I am in Michigan on the west coast. I said. ""we could get twenty feet of snow"". They said, ""what are you talking about"" I said, ""people would get hurt in that event because we have no way to imagine it. So I did not do very well. Now I can use this!
Thanks Neil.",neutral,positive,positive,positive,positive,positive,Climate,attempting say paland michigan west coast said could get twenty feet snow said talking said people would get hurt event way imagine well use thanks neil
UgyAJByXx_gJDAVoNvh4AaABAg,It makes me sad that the people who need to understand these things the most wont even listen at all. We love you Neil.,positive,positive,neutral,positive,positive,positive,Climate,makes sad people need understand things wont even listen love neil
UgwXxT_YAq37JhHIjYR4AaABAg,"I used to fly in and out of DFW (Dallas/Fort Worth) regularly. Once, I was sitting next to a pilot, and I asked him why it was so turbulent there. He said, ""Look out the window and tell me what you see."" I said, ""Lots of houses."" He responded, ""And what's in the back yard of most of those houses?"" I replied, ""Pools."" He said, ""yes, and that's changing the humidity of the air, creating pockets of humidity that is effecting the density of the air."" Now I was a weapons guy in the military, and relative humidity and air density are part of the fire control equation for guns and missiles, so I understood what he was saying. We are changing the Earth in small ways individually that are adding up to large ways as a collective.",positive,positive,neutral,positive,positive,positive,Climate,used fly dfw dallasfort worth regularly sitting next pilot asked turbulent said look window tell see said lots houses responded whats back yard houses replied pools said yes thats changing humidity air creating pockets humidity effecting density air weapons guy military relative humidity air density part fire control equation guns missiles understood saying changing earth small ways individually adding large ways collective
UgzfKYF3lTta3NAExoV4AaABAg,"The biggest problem will be food production. High food prices will lead to unrest, and war.",positive,positive,neutral,positive,positive,positive,Climate,biggest problem food production high food prices lead unrest war
UgxWzJoCfGcMPJagS714AaABAg,"Not only is it warm enough, in the south of England, to grow grapes and ferment them in the Champagne style, but the rocks on both sides of the English Channel are the same, so we have the same terroir. England, now, has weather similar to 19th Century France, when the cru system for wines was developed. We also have more storms than ever before!",positive,positive,neutral,positive,positive,positive,Climate,warm enough south england grow grapes ferment champagne style rocks sides english channel terroir england weather similar th century france cru system wines developed also storms ever
UgxIB1XJyOy3RTlp7el4AaABAg,"You have done well to describe the situation, no shock value, no outrageous claims, just common sense, backed by science and thought, thanks mate!!",positive,positive,neutral,positive,positive,positive,Climate,done well describe situation shock value outrageous claims common sense backed science thought thanks mate
UgwNy9lJYJMk6BbLulV4AaABAg,"How anyone can continue to deny climate change is beyond me. Yet they're out there, including in positions of influence.",neutral,neutral,negative,negative,negative,negative,Climate,anyone continue deny climate change beyond yet theyre including positions influence
Ugx6ndjqrMZcwWEUuNt4AaABAg,"I’m just a kid man, I don’t wanna grow up in a future where I can’t be healthy, I just wanna have a good future.",positive,positive,positive,positive,positive,positive,Climate,im kid man dont wanna grow future cant healthy wanna good future
UgxRjQhgfs4xzE2muZR4AaABAg,i'm still mad this isn't what everyone is talking about.,negative,negative,negative,negative,negative,negative,Climate,im still mad isnt everyone talking
UgwlOY0Q8bjV-oFYBTl4AaABAg,"I am from a country in the Pacific. Before we only have up to Signal No. 4 for storms. Now its up to Signal No. 5 the bad thing about it is we are not even a big carbon emitter but we always have the strongest storms every year . And its serious. Its killing infrastructure, and lives.",negative,negative,negative,negative,negative,negative,Climate,country pacific signal storms signal bad thing even big carbon emitter always strongest storms every year serious killing infrastructure lives
Ugzm1UKwjl8524VBPCt4AaABAg,"the sad reality is even though we're not a big contributor of carbon emissions, we're still the one who suffered the most. My beloved country is currently suffering from catastrophic situations like floods and landslides bc of climate change, and those developed countries continue to launch disastrous goods, products, and stuffs and they never even care about  the consequences.",neutral,neutral,negative,neutral,neutral,neutral,Climate,sad reality even though big contributor carbon emissions still one suffered beloved country currently suffering catastrophic situations like floods landslides bc climate change developed countries continue launch disastrous goods products stuffs never even care consequences
UgyCfTEsAqPdZ0st7eF4AaABAg,the UN and the government should support and assist in the production of renewable energy because rich nations only can afford this sort of innovation,neutral,positive,neutral,positive,positive,positive,Climate,un government support assist production renewable energy rich nations afford sort innovation
Ugx8CRKX6mQlVtCCSxR4AaABAg,"If you have seen the hockey stick then you know what is going to happen. Because the temp always follows the carbon. Side note, nuclear waste takes less time to clean (and you can bury it) than carbon does.",neutral,neutral,negative,neutral,neutral,neutral,Climate,seen hockey stick know going happen temp always follows carbon side note nuclear waste takes less time clean bury carbon
UgxbXTif96h66dfXCet4AaABAg,"This is something that every human being should be pushing and speaking about EVERYDAY and like putting an effort to help the planet . Nobody cares earth does not have enough attention for the world . Until cities start flooding and food isn’t available and people start climate migrating people will listen, and by then it will be too late",neutral,neutral,neutral,positive,positive,negative,Climate,something every human pushing speaking everyday like putting effort help planet nobody cares earth enough attention world cities start flooding food isnt available people start climate migrating people listen late
UgyuSiMqvEjkubHu64R4AaABAg,Why isn’t this like everywhere this should be the most popular topic right now,positive,positive,positive,positive,positive,positive,Climate,isnt like everywhere popular topic right
UgzloPlJ9dBBQC-zQuV4AaABAg,"So fucked up that the world cares more about money than saving the planet we live on. 
IM TIRED 😩😩😩😩",negative,negative,negative,neutral,neutral,negative,Climate,fucked world cares money saving planet live im tired
Ugzi2O8Sgl5pygiLaoV4AaABAg,If it’s now or never it’ll be never. If you put pressure on politicians they’ll pass a resolution to debate whether or not they should think about doing literally anything.,neutral,neutral,negative,neutral,neutral,neutral,Climate,never itll never put pressure politicians theyll pass resolution debate whether think literally anything
UgztjbwEWFs1HtsUjzZ4AaABAg,"I proposed some modifications in my previous company that would reduce emissions while being profitable.  (By that I mean the investment to install the equipment would be recovered by the equipment themselves.)  The company refused to act and instead focused on a more polluting path.  The company is tiny so my failure is not that bad, but if there are a million more failures like that around the world?  There is no way global warming would be stopped.",negative,negative,negative,neutral,neutral,negative,Climate,proposed modifications previous company would reduce emissions profitable mean investment install equipment would recovered equipment company refused act instead focused polluting path company tiny failure bad million failures like around world way global warming would stopped
UgzzYPqPakFi7vaB6hB4AaABAg,"Although the price of RE tech is becoming cheaper, the price of end-user electricity becomes higher because of the needs of backup systems as there are less thermal plants available to provide for the dips. If RE is truly cheaper, the private sector would be queuing up for it. But the price of generation is not equal to the price of energy delivered when demanded. Climate change wouldn't even be a thing if we had continued building nuclear power plants.",positive,positive,neutral,positive,positive,positive,Climate,although price tech becoming cheaper price enduser electricity becomes higher needs backup systems less thermal plants available provide dips truly cheaper private sector would queuing price generation equal price energy delivered demanded climate change wouldnt even thing continued building nuclear power plants
Ugyac-i-7GMzsQUA7ZF4AaABAg,"When the reporter proudly says, ""10% of world energy is through clean energy!"", what he didn't tell you, is it was 10% in 1999 - 23 years ago!",positive,positive,positive,positive,positive,positive,Climate,reporter proudly says world energy clean energy didnt tell years ago
Ugx3DdDHG0SQ3WGnmiF4AaABAg,The key is sustainability.  This must be practiced by everyone on the planet and the sooner the better.,neutral,positive,positive,positive,positive,positive,Climate,key sustainability must practiced everyone planet sooner better
UgywQxRKtxQh2gv8Vhx4AaABAg,"How bleak, that the scope of the changes necessary are so far outside of the capabilities of the everyday person. Most people in the world are just trying to survive day to day with what they have.",negative,negative,negative,neutral,neutral,negative,Climate,bleak scope changes necessary far outside capabilities everyday person people world trying survive day day
UgyM0RuV2q7JAq_gSlV4AaABAg,"In other words, sustainable economy",negative,negative,negative,neutral,neutral,neutral,Climate,words sustainable economy
UgwtvdW_0MT7kZLIH3Z4AaABAg,And will it be one rule for the 1% corporate companies which contributes to nearly all of emissions compared ordinary people why they evade paying carbon taxes,neutral,neutral,negative,neutral,neutral,neutral,Climate,one rule corporate companies contributes nearly emissions compared ordinary people evade paying carbon taxes
Ugwlf_tnFSZ7blDHKLZ4AaABAg,"If you really want to save the environment then consume less, but every industry wants to out do its previous production records ! In order to save the environment you have to basically bear an economic recession.",neutral,neutral,negative,positive,positive,positive,Climate,really want save environment consume less every industry wants previous production records order save environment basically bear economic recession
UgwpmYtdfcE5nOJEaT14AaABAg,"The thing that's so messed up is that if this video on the *literal* looming apocalypse drew the same attention as Will Smith slapping someone at the Oscars, we wouldn't be in this mess to begin with.",negative,negative,negative,neutral,neutral,negative,Climate,thing thats messed video literal looming apocalypse drew attention smith slapping someone oscars wouldnt mess begin
Ugz1xupgr0SJLQFHJS14AaABAg,"About 50 years too late. We started down this path in 1970 and then kinda forgot about it. It all comes down to soil, water and food. Climate will heal itself as we heal the environment. I spent over 3 decades in the conservation field working with farmers and planting trees.",negative,negative,negative,neutral,neutral,neutral,Climate,years late started path kinda forgot comes soil water food climate heal heal environment spent decades conservation field working farmers planting trees
UgwEhxDRBNwiTGfQB2l4AaABAg,I’m sure half the planet don’t care and the other half will never win,negative,negative,negative,neutral,neutral,negative,Climate,im sure half planet dont care half never win
UgysK_uELWLKDFKyeRl4AaABAg,"Absolutely zero chance of reaching peak emissions in the next 3 years, unfortunately.",negative,negative,negative,neutral,neutral,negative,Climate,absolutely zero chance reaching peak emissions next years unfortunately
